/*
MySQL Backup
Source Server Version: 5.7.20
Source Database: videoblog
Date: 2017/12/25 21:40:22
*/

SET FOREIGN_KEY_CHECKS=0;

-- ----------------------------
--  Table structure for `DATA_DICT`
-- ----------------------------
DROP TABLE IF EXISTS `DATA_DICT`;
CREATE TABLE `DATA_DICT` (
  `CODE` varchar(255) NOT NULL,
  `TYPE_ID` varchar(255) NOT NULL,
  `IS_AVAILABLE` decimal(5,0) DEFAULT NULL,
  `NAME` varchar(255) DEFAULT NULL,
  PRIMARY KEY (`CODE`,`TYPE_ID`)
) ENGINE=InnoDB DEFAULT CHARSET=utf8;

-- ----------------------------
--  Table structure for `EVA_BLOG_ARTICLE`
-- ----------------------------
DROP TABLE IF EXISTS `EVA_BLOG_ARTICLE`;
CREATE TABLE `EVA_BLOG_ARTICLE` (
  `id` varchar(32) NOT NULL,
  `COLLECTION` int(11) DEFAULT NULL,
  `CONTENT` varchar(5000) DEFAULT NULL,
  `NAME` varchar(255) DEFAULT NULL,
  PRIMARY KEY (`id`)
) ENGINE=InnoDB DEFAULT CHARSET=utf8;

-- ----------------------------
--  Table structure for `EVA_BLOG_BOOK`
-- ----------------------------
DROP TABLE IF EXISTS `EVA_BLOG_BOOK`;
CREATE TABLE `EVA_BLOG_BOOK` (
  `id` varchar(32) NOT NULL,
  `COLLECTION` int(11) DEFAULT NULL,
  `CONTENT` varchar(5000) DEFAULT NULL,
  `NAME` varchar(255) DEFAULT NULL,
  PRIMARY KEY (`id`)
) ENGINE=InnoDB DEFAULT CHARSET=utf8;

-- ----------------------------
--  Table structure for `EVA_BLOG_CATEGORY`
-- ----------------------------
DROP TABLE IF EXISTS `EVA_BLOG_CATEGORY`;
CREATE TABLE `EVA_BLOG_CATEGORY` (
  `id` varchar(32) NOT NULL COMMENT '主键',
  `ININO` int(11) DEFAULT NULL,
  `name` varchar(255) DEFAULT NULL COMMENT '主题类别 云/大数据 系统/测试 前端 /后端 /版本控制',
  PRIMARY KEY (`id`)
) ENGINE=InnoDB DEFAULT CHARSET=utf8;

-- ----------------------------
--  Table structure for `EVA_BLOG_TOPIC`
-- ----------------------------
DROP TABLE IF EXISTS `EVA_BLOG_TOPIC`;
CREATE TABLE `EVA_BLOG_TOPIC` (
  `id` varchar(32) NOT NULL,
  `FOLLOW` int(11) NOT NULL,
  `INFO` varchar(500) DEFAULT NULL,
  `NAME` varchar(255) DEFAULT NULL,
  `BUY_URL` varchar(255) DEFAULT NULL,
  `CATEGORY_ID` varchar(255) DEFAULT NULL,
  `CATEGORY_NAME` varchar(255) DEFAULT NULL,
  `IMG_URL` varchar(255) DEFAULT NULL,
  `VIDEO_COUNT` int(11) DEFAULT NULL,
  `PRICE` int(11) DEFAULT NULL,
  `ININO` int(11) DEFAULT NULL,
  PRIMARY KEY (`id`)
) ENGINE=InnoDB DEFAULT CHARSET=utf8;

-- ----------------------------
--  Table structure for `EVA_BLOG_VIDEO`
-- ----------------------------
DROP TABLE IF EXISTS `EVA_BLOG_VIDEO`;
CREATE TABLE `EVA_BLOG_VIDEO` (
  `id` varchar(32) NOT NULL,
  `BUY_URL` varchar(255) DEFAULT NULL,
  `COLLECTION` int(11) DEFAULT NULL,
  `COMMENT` int(11) DEFAULT NULL,
  `CONTENT` varchar(8000) DEFAULT NULL,
  `IMAGE_URL` varchar(255) DEFAULT NULL,
  `IS_ESSENCE` smallint(6) DEFAULT NULL,
  `IS_SOLO` smallint(6) DEFAULT NULL,
  `NAME` varchar(255) DEFAULT NULL,
  `PRAISE` int(11) DEFAULT NULL,
  `PRICE` int(11) DEFAULT NULL,
  `PUBLIC_TIME` datetime DEFAULT NULL,
  `TOPIC_ID` varchar(255) DEFAULT NULL,
  `TOPIC_NAME` varchar(255) DEFAULT NULL,
  `VIEW` int(11) DEFAULT NULL,
  PRIMARY KEY (`id`)
) ENGINE=InnoDB DEFAULT CHARSET=utf8;

-- ----------------------------
--  Table structure for `UMS_ACL`
-- ----------------------------
DROP TABLE IF EXISTS `UMS_ACL`;
CREATE TABLE `UMS_ACL` (
  `ID` varchar(32) NOT NULL,
  `ACLSTATE` decimal(10,0) DEFAULT NULL,
  `PID` varchar(255) DEFAULT NULL,
  `PTYPE` varchar(255) DEFAULT NULL,
  `RTYPE` varchar(255) DEFAULT NULL,
  `RID` varchar(255) DEFAULT NULL,
  PRIMARY KEY (`ID`)
) ENGINE=InnoDB DEFAULT CHARSET=utf8;

-- ----------------------------
--  Table structure for `UMS_APPLICATION`
-- ----------------------------
DROP TABLE IF EXISTS `UMS_APPLICATION`;
CREATE TABLE `UMS_APPLICATION` (
  `ID` varchar(32) NOT NULL,
  `DESCRIPTION` varchar(255) DEFAULT NULL,
  `NAME` varchar(255) DEFAULT NULL,
  `SN` varchar(255) DEFAULT NULL,
  `SSOFLAG` decimal(5,0) DEFAULT NULL,
  `URL` varchar(255) DEFAULT NULL,
  PRIMARY KEY (`ID`)
) ENGINE=InnoDB DEFAULT CHARSET=utf8;

-- ----------------------------
--  Table structure for `UMS_BUTTON`
-- ----------------------------
DROP TABLE IF EXISTS `UMS_BUTTON`;
CREATE TABLE `UMS_BUTTON` (
  `ID` varchar(32) NOT NULL,
  `BUTTON_EVENT` varchar(255) DEFAULT NULL,
  `BUTTON_ICON` varchar(255) DEFAULT NULL,
  `BUTTON_NAME` varchar(255) DEFAULT NULL,
  `BUTTON_ORDER` decimal(10,0) DEFAULT NULL,
  `DESCRIPTION` varchar(255) DEFAULT NULL,
  `IS_AVAILABLE` decimal(5,0) DEFAULT NULL,
  PRIMARY KEY (`ID`)
) ENGINE=InnoDB DEFAULT CHARSET=utf8;

-- ----------------------------
--  Table structure for `UMS_CONTROLLER_OPER`
-- ----------------------------
DROP TABLE IF EXISTS `UMS_CONTROLLER_OPER`;
CREATE TABLE `UMS_CONTROLLER_OPER` (
  `ID` varchar(32) NOT NULL,
  `CONTROLLER_OPER_NAME` varchar(255) DEFAULT NULL,
  `CONTROLLER_OPER_SN` varchar(255) DEFAULT NULL,
  `INDEX_POS` decimal(10,0) DEFAULT NULL,
  `METHOD_URL_MAPPING` varchar(255) DEFAULT NULL,
  `CONTROLLER_ID` varchar(32) DEFAULT NULL,
  PRIMARY KEY (`ID`),
  KEY `CONTROLLER_ID` (`CONTROLLER_ID`) USING BTREE,
  CONSTRAINT `FKi455415mbf3g8kex4cetenthl` FOREIGN KEY (`CONTROLLER_ID`) REFERENCES `UMS_CONTROLLER_RESOURCES` (`ID`),
  CONSTRAINT `UMS_CONTROLLER_OPER_ibfk_1` FOREIGN KEY (`CONTROLLER_ID`) REFERENCES `UMS_CONTROLLER_RESOURCES` (`ID`),
  CONSTRAINT `UMS_CONTROLLER_OPER_ibfk_2` FOREIGN KEY (`CONTROLLER_ID`) REFERENCES `UMS_CONTROLLER_RESOURCES` (`ID`),
  CONSTRAINT `UMS_CONTROLLER_OPER_ibfk_3` FOREIGN KEY (`CONTROLLER_ID`) REFERENCES `UMS_CONTROLLER_RESOURCES` (`ID`)
) ENGINE=InnoDB DEFAULT CHARSET=utf8;

-- ----------------------------
--  Table structure for `UMS_CONTROLLER_RESOURCES`
-- ----------------------------
DROP TABLE IF EXISTS `UMS_CONTROLLER_RESOURCES`;
CREATE TABLE `UMS_CONTROLLER_RESOURCES` (
  `ID` varchar(32) NOT NULL,
  `CONTROLLER_NAME` varchar(255) DEFAULT NULL,
  `CONTROLLER_ORDER` decimal(10,0) DEFAULT NULL,
  `CONTROLLER_SN` varchar(255) DEFAULT NULL,
  `CONTROLLER_URL_MAPPING` varchar(255) DEFAULT NULL,
  `IS_AVAILABLE` decimal(5,0) DEFAULT NULL,
  `APPLICATION_ID` varchar(32) DEFAULT NULL,
  `PARENT_ID` varchar(32) DEFAULT NULL,
  `MENU_ID` varchar(32) DEFAULT NULL,
  PRIMARY KEY (`ID`),
  KEY `PARENT_ID` (`PARENT_ID`) USING BTREE,
  KEY `MENU_ID` (`MENU_ID`) USING BTREE,
  KEY `APPLICATION_ID` (`APPLICATION_ID`) USING BTREE,
  CONSTRAINT `FK3o9fr2tblw30mq27jk4ntrejo` FOREIGN KEY (`PARENT_ID`) REFERENCES `UMS_CONTROLLER_RESOURCES` (`ID`),
  CONSTRAINT `FKc0brrl2b6e0jjraof3p8dpc36` FOREIGN KEY (`MENU_ID`) REFERENCES `UMS_MENU_RESOURCE` (`ID`),
  CONSTRAINT `FKke0l3b4mtudps8ylbl2eev3lq` FOREIGN KEY (`APPLICATION_ID`) REFERENCES `UMS_APPLICATION` (`ID`),
  CONSTRAINT `UMS_CONTROLLER_RESOURCES_ibfk_1` FOREIGN KEY (`PARENT_ID`) REFERENCES `UMS_CONTROLLER_RESOURCES` (`ID`),
  CONSTRAINT `UMS_CONTROLLER_RESOURCES_ibfk_2` FOREIGN KEY (`MENU_ID`) REFERENCES `UMS_MENU_RESOURCE` (`ID`),
  CONSTRAINT `UMS_CONTROLLER_RESOURCES_ibfk_3` FOREIGN KEY (`APPLICATION_ID`) REFERENCES `UMS_APPLICATION` (`ID`),
  CONSTRAINT `UMS_CONTROLLER_RESOURCES_ibfk_4` FOREIGN KEY (`PARENT_ID`) REFERENCES `UMS_CONTROLLER_RESOURCES` (`ID`),
  CONSTRAINT `UMS_CONTROLLER_RESOURCES_ibfk_5` FOREIGN KEY (`MENU_ID`) REFERENCES `UMS_MENU_RESOURCE` (`ID`),
  CONSTRAINT `UMS_CONTROLLER_RESOURCES_ibfk_6` FOREIGN KEY (`APPLICATION_ID`) REFERENCES `UMS_APPLICATION` (`ID`),
  CONSTRAINT `UMS_CONTROLLER_RESOURCES_ibfk_7` FOREIGN KEY (`PARENT_ID`) REFERENCES `UMS_CONTROLLER_RESOURCES` (`ID`),
  CONSTRAINT `UMS_CONTROLLER_RESOURCES_ibfk_8` FOREIGN KEY (`MENU_ID`) REFERENCES `UMS_MENU_RESOURCE` (`ID`),
  CONSTRAINT `UMS_CONTROLLER_RESOURCES_ibfk_9` FOREIGN KEY (`APPLICATION_ID`) REFERENCES `UMS_APPLICATION` (`ID`)
) ENGINE=InnoDB DEFAULT CHARSET=utf8;

-- ----------------------------
--  Table structure for `UMS_DEPARTMENT`
-- ----------------------------
DROP TABLE IF EXISTS `UMS_DEPARTMENT`;
CREATE TABLE `UMS_DEPARTMENT` (
  `ID` varchar(32) NOT NULL,
  `DESCRIPTION` varchar(255) DEFAULT NULL,
  `IS_AVAILABLE` decimal(5,0) DEFAULT NULL,
  `NAME` varchar(255) DEFAULT NULL,
  `ORG_ID` varchar(32) DEFAULT NULL,
  `ORGID` varchar(255) DEFAULT NULL,
  PRIMARY KEY (`ID`)
) ENGINE=InnoDB DEFAULT CHARSET=utf8;

-- ----------------------------
--  Table structure for `UMS_DEPARTMENT_RELATION`
-- ----------------------------
DROP TABLE IF EXISTS `UMS_DEPARTMENT_RELATION`;
CREATE TABLE `UMS_DEPARTMENT_RELATION` (
  `ID` varchar(32) NOT NULL,
  `DEPARTMENT_ID` varchar(255) DEFAULT NULL,
  `USER_ID` varchar(255) DEFAULT NULL,
  PRIMARY KEY (`ID`)
) ENGINE=InnoDB DEFAULT CHARSET=utf8;

-- ----------------------------
--  Table structure for `UMS_DICTIONARY_ITEM`
-- ----------------------------
DROP TABLE IF EXISTS `UMS_DICTIONARY_ITEM`;
CREATE TABLE `UMS_DICTIONARY_ITEM` (
  `ID` varchar(36) NOT NULL,
  `CODE` varchar(255) DEFAULT NULL,
  `VALUE` varchar(20) DEFAULT NULL,
  `IS_AVAILABLE` decimal(1,0) DEFAULT NULL,
  `SERIAL` decimal(65,30) DEFAULT NULL,
  `TYPE_ID` varchar(36) DEFAULT NULL,
  PRIMARY KEY (`ID`),
  KEY `TYPE_ID` (`TYPE_ID`) USING BTREE,
  CONSTRAINT `FKmm3euvjscqvwc2a8g96vnxpbs` FOREIGN KEY (`TYPE_ID`) REFERENCES `UMS_DICTIONARY_TYPE` (`ID`),
  CONSTRAINT `UMS_DICTIONARY_ITEM_ibfk_1` FOREIGN KEY (`TYPE_ID`) REFERENCES `UMS_DICTIONARY_TYPE` (`ID`),
  CONSTRAINT `UMS_DICTIONARY_ITEM_ibfk_2` FOREIGN KEY (`TYPE_ID`) REFERENCES `UMS_DICTIONARY_TYPE` (`ID`)
) ENGINE=InnoDB DEFAULT CHARSET=utf8;

-- ----------------------------
--  Table structure for `UMS_DICTIONARY_TYPE`
-- ----------------------------
DROP TABLE IF EXISTS `UMS_DICTIONARY_TYPE`;
CREATE TABLE `UMS_DICTIONARY_TYPE` (
  `ID` varchar(36) NOT NULL,
  `CODE` varchar(255) DEFAULT NULL,
  `VALUE` varchar(255) DEFAULT NULL,
  `IS_AVAILABLE` decimal(1,0) DEFAULT NULL,
  `DESCRIPTION` varchar(255) DEFAULT NULL,
  PRIMARY KEY (`ID`)
) ENGINE=InnoDB DEFAULT CHARSET=utf8;

-- ----------------------------
--  Table structure for `UMS_GROUP`
-- ----------------------------
DROP TABLE IF EXISTS `UMS_GROUP`;
CREATE TABLE `UMS_GROUP` (
  `ID` varchar(32) NOT NULL,
  `DESCRIPTION` varchar(255) DEFAULT NULL,
  `IS_AVAILABLE` decimal(5,0) DEFAULT NULL,
  `NAME` varchar(255) DEFAULT NULL,
  `ORG_ID` varchar(255) DEFAULT NULL,
  PRIMARY KEY (`ID`)
) ENGINE=InnoDB DEFAULT CHARSET=utf8;

-- ----------------------------
--  Table structure for `UMS_LOG`
-- ----------------------------
DROP TABLE IF EXISTS `UMS_LOG`;
CREATE TABLE `UMS_LOG` (
  `id` varchar(32) NOT NULL,
  `APP_SN` varchar(255) DEFAULT NULL,
  `BACK_END_ACCESS_PATH` varchar(255) DEFAULT NULL,
  `browser` varchar(255) DEFAULT NULL,
  `EXEC_TIME` bigint(20) DEFAULT NULL,
  `FRONT_END_ACCESS_PATH` varchar(255) DEFAULT NULL,
  `ip` varchar(255) DEFAULT NULL,
  `LOG_LEVEL` smallint(6) DEFAULT NULL,
  `LOG_TYPE` smallint(6) DEFAULT NULL,
  `OP_DESC` varchar(255) DEFAULT NULL,
  `OP_RESOURCE` varchar(255) DEFAULT NULL,
  `OP_RESULT` smallint(6) DEFAULT NULL,
  `OP_SYSTEM` varchar(255) DEFAULT NULL,
  `OP_TIME` datetime DEFAULT NULL,
  `OP_TYPE` smallint(6) DEFAULT NULL,
  `username` varchar(255) DEFAULT NULL,
  PRIMARY KEY (`id`)
) ENGINE=InnoDB DEFAULT CHARSET=utf8;

-- ----------------------------
--  Table structure for `UMS_MENU_BUTTON`
-- ----------------------------
DROP TABLE IF EXISTS `UMS_MENU_BUTTON`;
CREATE TABLE `UMS_MENU_BUTTON` (
  `ID` varchar(32) NOT NULL,
  `BUTTON_ID` varchar(255) DEFAULT NULL,
  `MENU_ID` varchar(255) DEFAULT NULL,
  PRIMARY KEY (`ID`)
) ENGINE=InnoDB DEFAULT CHARSET=utf8;

-- ----------------------------
--  Table structure for `UMS_MENU_RESOURCE`
-- ----------------------------
DROP TABLE IF EXISTS `UMS_MENU_RESOURCE`;
CREATE TABLE `UMS_MENU_RESOURCE` (
  `ID` varchar(32) NOT NULL,
  `IS_AVAILABLE` decimal(5,0) DEFAULT NULL,
  `IS_LEAF` decimal(5,0) DEFAULT NULL,
  `MENU_ICON` varchar(255) DEFAULT NULL,
  `MENU_NAME` varchar(255) DEFAULT NULL,
  `MENU_ORDER` decimal(10,0) DEFAULT NULL,
  `MENU_SN` varchar(255) DEFAULT NULL,
  `MENU_URL` varchar(255) DEFAULT NULL,
  `APPLICATION_ID` varchar(32) DEFAULT NULL,
  `PARENT_ID` varchar(32) DEFAULT NULL,
  PRIMARY KEY (`ID`),
  KEY `APPLICATION_ID` (`APPLICATION_ID`) USING BTREE,
  KEY `PARENT_ID` (`PARENT_ID`) USING BTREE,
  CONSTRAINT `FKc6l486mli6ejoid8nmcu1xl51` FOREIGN KEY (`APPLICATION_ID`) REFERENCES `UMS_APPLICATION` (`ID`),
  CONSTRAINT `FKcyveyoforfufp944ee0osa79v` FOREIGN KEY (`PARENT_ID`) REFERENCES `UMS_MENU_RESOURCE` (`ID`),
  CONSTRAINT `UMS_MENU_RESOURCE_ibfk_1` FOREIGN KEY (`APPLICATION_ID`) REFERENCES `UMS_APPLICATION` (`ID`),
  CONSTRAINT `UMS_MENU_RESOURCE_ibfk_2` FOREIGN KEY (`PARENT_ID`) REFERENCES `UMS_MENU_RESOURCE` (`ID`),
  CONSTRAINT `UMS_MENU_RESOURCE_ibfk_3` FOREIGN KEY (`PARENT_ID`) REFERENCES `UMS_MENU_RESOURCE` (`ID`),
  CONSTRAINT `UMS_MENU_RESOURCE_ibfk_4` FOREIGN KEY (`APPLICATION_ID`) REFERENCES `UMS_APPLICATION` (`ID`),
  CONSTRAINT `UMS_MENU_RESOURCE_ibfk_5` FOREIGN KEY (`APPLICATION_ID`) REFERENCES `UMS_APPLICATION` (`ID`),
  CONSTRAINT `UMS_MENU_RESOURCE_ibfk_6` FOREIGN KEY (`PARENT_ID`) REFERENCES `UMS_MENU_RESOURCE` (`ID`)
) ENGINE=InnoDB DEFAULT CHARSET=utf8;

-- ----------------------------
--  Table structure for `UMS_ORG`
-- ----------------------------
DROP TABLE IF EXISTS `UMS_ORG`;
CREATE TABLE `UMS_ORG` (
  `ID` varchar(32) NOT NULL,
  `ADDRESS` varchar(255) DEFAULT NULL,
  `ATT1` varchar(255) DEFAULT NULL,
  `ATT2` varchar(255) DEFAULT NULL,
  `ATT3` varchar(255) DEFAULT NULL,
  `ATT4` varchar(255) DEFAULT NULL,
  `ATT5` varchar(255) DEFAULT NULL,
  `ATT6` varchar(255) DEFAULT NULL,
  `IS_AVAILABLE` decimal(5,0) DEFAULT NULL,
  `MANAGER_TYPE` decimal(5,0) DEFAULT NULL,
  `NAME` varchar(255) DEFAULT NULL,
  `ORDER_NUM` decimal(10,0) DEFAULT NULL,
  `PHONE` varchar(255) DEFAULT NULL,
  `TYPE_ID` varchar(255) DEFAULT NULL,
  `TYPE_NAME` varchar(255) DEFAULT NULL,
  `PID` varchar(32) DEFAULT NULL,
  `PARENT` longblob,
  `PARENT_ID` varchar(32) DEFAULT NULL,
  PRIMARY KEY (`ID`),
  KEY `PARENT_ID` (`PARENT_ID`) USING BTREE,
  KEY `PID` (`PID`) USING BTREE,
  CONSTRAINT `FK2n11ukun27yurnyyrjidotuq` FOREIGN KEY (`PARENT_ID`) REFERENCES `UMS_ORG` (`ID`),
  CONSTRAINT `UMS_ORG_ibfk_1` FOREIGN KEY (`PARENT_ID`) REFERENCES `UMS_ORG` (`ID`),
  CONSTRAINT `UMS_ORG_ibfk_2` FOREIGN KEY (`PARENT_ID`) REFERENCES `UMS_ORG` (`ID`),
  CONSTRAINT `UMS_ORG_ibfk_3` FOREIGN KEY (`PARENT_ID`) REFERENCES `UMS_ORG` (`ID`),
  CONSTRAINT `UMS_ORG_ibfk_4` FOREIGN KEY (`PID`) REFERENCES `UMS_ORG` (`ID`)
) ENGINE=InnoDB DEFAULT CHARSET=utf8;

-- ----------------------------
--  Table structure for `UMS_ORG_ROLE`
-- ----------------------------
DROP TABLE IF EXISTS `UMS_ORG_ROLE`;
CREATE TABLE `UMS_ORG_ROLE` (
  `ID` varchar(32) NOT NULL,
  `IS_AVAILABLE` decimal(5,0) DEFAULT NULL,
  `NAME` varchar(50) DEFAULT NULL,
  `SN` varchar(50) DEFAULT NULL,
  `ORG_ID` varchar(32) DEFAULT NULL,
  PRIMARY KEY (`ID`)
) ENGINE=InnoDB DEFAULT CHARSET=utf8;

-- ----------------------------
--  Table structure for `UMS_ORG_RULE`
-- ----------------------------
DROP TABLE IF EXISTS `UMS_ORG_RULE`;
CREATE TABLE `UMS_ORG_RULE` (
  `ID` varchar(32) NOT NULL,
  `MANAGER_ORG` varchar(255) DEFAULT NULL,
  `ORG_ID` varchar(255) DEFAULT NULL,
  PRIMARY KEY (`ID`)
) ENGINE=InnoDB DEFAULT CHARSET=utf8;

-- ----------------------------
--  Table structure for `UMS_ORG_TYPE`
-- ----------------------------
DROP TABLE IF EXISTS `UMS_ORG_TYPE`;
CREATE TABLE `UMS_ORG_TYPE` (
  `ID` varchar(32) NOT NULL,
  `NAME` varchar(255) DEFAULT NULL,
  `SN` varchar(255) DEFAULT NULL,
  PRIMARY KEY (`ID`)
) ENGINE=InnoDB DEFAULT CHARSET=utf8;

-- ----------------------------
--  Table structure for `UMS_ORG_TYPE_RULE`
-- ----------------------------
DROP TABLE IF EXISTS `UMS_ORG_TYPE_RULE`;
CREATE TABLE `UMS_ORG_TYPE_RULE` (
  `ID` varchar(32) NOT NULL,
  `CID` varchar(255) DEFAULT NULL,
  `NUM` decimal(10,0) DEFAULT NULL,
  `PID` varchar(255) DEFAULT NULL,
  PRIMARY KEY (`ID`)
) ENGINE=InnoDB DEFAULT CHARSET=utf8;

-- ----------------------------
--  Table structure for `UMS_PERSON`
-- ----------------------------
DROP TABLE IF EXISTS `UMS_PERSON`;
CREATE TABLE `UMS_PERSON` (
  `ID` varchar(255) NOT NULL,
  `BIRTH` datetime(6) DEFAULT NULL,
  `NAME` varchar(255) DEFAULT NULL,
  `PHONE` varchar(255) DEFAULT NULL,
  `SEX` decimal(5,0) DEFAULT NULL,
  `SFZH` varchar(255) DEFAULT NULL,
  `SN` varchar(50) DEFAULT NULL,
  PRIMARY KEY (`ID`)
) ENGINE=InnoDB DEFAULT CHARSET=utf8;

-- ----------------------------
--  Table structure for `UMS_POSITION`
-- ----------------------------
DROP TABLE IF EXISTS `UMS_POSITION`;
CREATE TABLE `UMS_POSITION` (
  `ID` varchar(32) NOT NULL,
  `IS_AVAILABLE` decimal(5,0) DEFAULT NULL,
  `NAME` varchar(255) DEFAULT NULL,
  `SN` varchar(255) DEFAULT NULL,
  `DEPARTMENT_ID` varchar(32) DEFAULT NULL,
  `ORG_ID` varchar(32) DEFAULT NULL,
  `GROUP_ID` varchar(255) DEFAULT NULL,
  PRIMARY KEY (`ID`)
) ENGINE=InnoDB DEFAULT CHARSET=utf8;

-- ----------------------------
--  Table structure for `UMS_ROLE`
-- ----------------------------
DROP TABLE IF EXISTS `UMS_ROLE`;
CREATE TABLE `UMS_ROLE` (
  `ID` varchar(32) NOT NULL,
  `IS_AVAILABLE` decimal(5,0) DEFAULT NULL,
  `NAME` varchar(255) DEFAULT NULL,
  `SN` varchar(255) DEFAULT NULL,
  `APP_ID` varchar(32) DEFAULT NULL,
  PRIMARY KEY (`ID`)
) ENGINE=InnoDB DEFAULT CHARSET=utf8;

-- ----------------------------
--  Table structure for `UMS_USER`
-- ----------------------------
DROP TABLE IF EXISTS `UMS_USER`;
CREATE TABLE `UMS_USER` (
  `ID` varchar(32) NOT NULL,
  `CREATE_DATE` datetime(6) DEFAULT NULL,
  `DELETED` decimal(5,0) DEFAULT NULL,
  `IS_AVAILABLE` decimal(5,0) DEFAULT NULL,
  `NICKNAME` varchar(255) DEFAULT NULL,
  `PASSWORD` varchar(255) DEFAULT NULL,
  `SALT` varchar(255) DEFAULT NULL,
  `USERNAME` varchar(255) DEFAULT NULL,
  `EMAIL` varchar(255) DEFAULT NULL,
  `OFPW` varchar(255) DEFAULT NULL,
  PRIMARY KEY (`ID`)
) ENGINE=InnoDB DEFAULT CHARSET=utf8;

-- ----------------------------
--  Table structure for `UMS_USER_DEPARTMENT_RELATION`
-- ----------------------------
DROP TABLE IF EXISTS `UMS_USER_DEPARTMENT_RELATION`;
CREATE TABLE `UMS_USER_DEPARTMENT_RELATION` (
  `ID` varchar(32) NOT NULL,
  `DEPARTMENT_ID` varchar(32) DEFAULT NULL,
  `USER_ID` varchar(32) DEFAULT NULL,
  PRIMARY KEY (`ID`),
  KEY `USER_ID` (`USER_ID`) USING BTREE,
  KEY `DEPARTMENT_ID` (`DEPARTMENT_ID`) USING BTREE,
  CONSTRAINT `FKkmtvqcgagotg4wyi151hqolh6` FOREIGN KEY (`DEPARTMENT_ID`) REFERENCES `UMS_DEPARTMENT` (`ID`),
  CONSTRAINT `FKmurc72b4u53hcposlhs0ep3xk` FOREIGN KEY (`USER_ID`) REFERENCES `UMS_USER` (`ID`),
  CONSTRAINT `UMS_USER_DEPARTMENT_RELATION_ibfk_1` FOREIGN KEY (`DEPARTMENT_ID`) REFERENCES `UMS_DEPARTMENT` (`ID`),
  CONSTRAINT `UMS_USER_DEPARTMENT_RELATION_ibfk_2` FOREIGN KEY (`USER_ID`) REFERENCES `UMS_USER` (`ID`),
  CONSTRAINT `UMS_USER_DEPARTMENT_RELATION_ibfk_3` FOREIGN KEY (`USER_ID`) REFERENCES `UMS_USER` (`ID`),
  CONSTRAINT `UMS_USER_DEPARTMENT_RELATION_ibfk_4` FOREIGN KEY (`DEPARTMENT_ID`) REFERENCES `UMS_DEPARTMENT` (`ID`),
  CONSTRAINT `UMS_USER_DEPARTMENT_RELATION_ibfk_5` FOREIGN KEY (`USER_ID`) REFERENCES `UMS_USER` (`ID`),
  CONSTRAINT `UMS_USER_DEPARTMENT_RELATION_ibfk_6` FOREIGN KEY (`DEPARTMENT_ID`) REFERENCES `UMS_DEPARTMENT` (`ID`)
) ENGINE=InnoDB DEFAULT CHARSET=utf8;

-- ----------------------------
--  Table structure for `UMS_USER_GROUP_RELATION`
-- ----------------------------
DROP TABLE IF EXISTS `UMS_USER_GROUP_RELATION`;
CREATE TABLE `UMS_USER_GROUP_RELATION` (
  `ID` varchar(32) NOT NULL,
  `GROUP_ID` varchar(32) DEFAULT NULL,
  `USER_ID` varchar(32) DEFAULT NULL,
  PRIMARY KEY (`ID`)
) ENGINE=InnoDB DEFAULT CHARSET=utf8;

-- ----------------------------
--  Table structure for `UMS_USER_ORG_DEPARTMENT_POS`
-- ----------------------------
DROP TABLE IF EXISTS `UMS_USER_ORG_DEPARTMENT_POS`;
CREATE TABLE `UMS_USER_ORG_DEPARTMENT_POS` (
  `ID` varchar(32) NOT NULL,
  `ORGID` varchar(255) DEFAULT NULL,
  `POSID` varchar(255) DEFAULT NULL,
  `USERID` varchar(255) DEFAULT NULL,
  `DEPARTMENTID` varchar(32) DEFAULT NULL,
  PRIMARY KEY (`ID`)
) ENGINE=InnoDB DEFAULT CHARSET=utf8;

-- ----------------------------
--  Table structure for `UMS_USER_ORG_GROUP_POS`
-- ----------------------------
DROP TABLE IF EXISTS `UMS_USER_ORG_GROUP_POS`;
CREATE TABLE `UMS_USER_ORG_GROUP_POS` (
  `ID` varchar(32) NOT NULL,
  `GROUPID` varchar(255) DEFAULT NULL,
  `ORGID` varchar(255) DEFAULT NULL,
  `POSID` varchar(255) DEFAULT NULL,
  `USERID` varchar(255) DEFAULT NULL,
  PRIMARY KEY (`ID`)
) ENGINE=InnoDB DEFAULT CHARSET=utf8;

-- ----------------------------
--  Table structure for `UMS_USER_ORG_POS`
-- ----------------------------
DROP TABLE IF EXISTS `UMS_USER_ORG_POS`;
CREATE TABLE `UMS_USER_ORG_POS` (
  `ID` varchar(32) NOT NULL,
  `ORGID` varchar(255) DEFAULT NULL,
  `POSID` varchar(255) DEFAULT NULL,
  `USERID` varchar(255) DEFAULT NULL,
  PRIMARY KEY (`ID`)
) ENGINE=InnoDB DEFAULT CHARSET=utf8;

-- ----------------------------
--  Table structure for `UMS_USER_ORG_RELATION`
-- ----------------------------
DROP TABLE IF EXISTS `UMS_USER_ORG_RELATION`;
CREATE TABLE `UMS_USER_ORG_RELATION` (
  `ID` varchar(32) NOT NULL,
  `ORG_ID` varchar(32) DEFAULT NULL,
  `USER_ID` varchar(32) DEFAULT NULL,
  PRIMARY KEY (`ID`),
  KEY `USER_ID` (`USER_ID`) USING BTREE,
  KEY `ORG_ID` (`ORG_ID`) USING BTREE,
  CONSTRAINT `FK4u433ajyrx68fb5h1a0sw7o30` FOREIGN KEY (`USER_ID`) REFERENCES `UMS_USER` (`ID`),
  CONSTRAINT `FK8xcjgagl7f32yshjjx1qqnnu7` FOREIGN KEY (`ORG_ID`) REFERENCES `UMS_ORG` (`ID`),
  CONSTRAINT `UMS_USER_ORG_RELATION_ibfk_1` FOREIGN KEY (`USER_ID`) REFERENCES `UMS_USER` (`ID`),
  CONSTRAINT `UMS_USER_ORG_RELATION_ibfk_2` FOREIGN KEY (`ORG_ID`) REFERENCES `UMS_ORG` (`ID`),
  CONSTRAINT `UMS_USER_ORG_RELATION_ibfk_3` FOREIGN KEY (`USER_ID`) REFERENCES `UMS_USER` (`ID`),
  CONSTRAINT `UMS_USER_ORG_RELATION_ibfk_4` FOREIGN KEY (`ORG_ID`) REFERENCES `UMS_ORG` (`ID`),
  CONSTRAINT `UMS_USER_ORG_RELATION_ibfk_5` FOREIGN KEY (`USER_ID`) REFERENCES `UMS_USER` (`ID`),
  CONSTRAINT `UMS_USER_ORG_RELATION_ibfk_6` FOREIGN KEY (`ORG_ID`) REFERENCES `UMS_ORG` (`ID`)
) ENGINE=InnoDB DEFAULT CHARSET=utf8;

-- ----------------------------
--  Table structure for `UMS_USER_ORG_ROLE_RELATION`
-- ----------------------------
DROP TABLE IF EXISTS `UMS_USER_ORG_ROLE_RELATION`;
CREATE TABLE `UMS_USER_ORG_ROLE_RELATION` (
  `ID` varchar(32) NOT NULL,
  `ROLE_ID` varchar(32) DEFAULT NULL,
  `USER_ID` varchar(32) DEFAULT NULL,
  PRIMARY KEY (`ID`),
  KEY `USER_ID` (`USER_ID`) USING BTREE,
  KEY `ROLE_ID` (`ROLE_ID`) USING BTREE,
  CONSTRAINT `FKdobqrns9id6pgyoftnrei65kt` FOREIGN KEY (`USER_ID`) REFERENCES `UMS_USER` (`ID`),
  CONSTRAINT `FKfasci6jqn9vua6nkbkhp8gwbx` FOREIGN KEY (`ROLE_ID`) REFERENCES `UMS_ORG_ROLE` (`ID`),
  CONSTRAINT `UMS_USER_ORG_ROLE_RELATION_ibfk_1` FOREIGN KEY (`USER_ID`) REFERENCES `UMS_USER` (`ID`),
  CONSTRAINT `UMS_USER_ORG_ROLE_RELATION_ibfk_2` FOREIGN KEY (`ROLE_ID`) REFERENCES `UMS_ORG_ROLE` (`ID`),
  CONSTRAINT `UMS_USER_ORG_ROLE_RELATION_ibfk_3` FOREIGN KEY (`USER_ID`) REFERENCES `UMS_USER` (`ID`),
  CONSTRAINT `UMS_USER_ORG_ROLE_RELATION_ibfk_4` FOREIGN KEY (`ROLE_ID`) REFERENCES `UMS_ORG_ROLE` (`ID`),
  CONSTRAINT `UMS_USER_ORG_ROLE_RELATION_ibfk_5` FOREIGN KEY (`USER_ID`) REFERENCES `UMS_USER` (`ID`),
  CONSTRAINT `UMS_USER_ORG_ROLE_RELATION_ibfk_6` FOREIGN KEY (`ROLE_ID`) REFERENCES `UMS_ORG_ROLE` (`ID`)
) ENGINE=InnoDB DEFAULT CHARSET=utf8;

-- ----------------------------
--  Table structure for `UMS_USER_POSITION_RELATION`
-- ----------------------------
DROP TABLE IF EXISTS `UMS_USER_POSITION_RELATION`;
CREATE TABLE `UMS_USER_POSITION_RELATION` (
  `ID` varchar(32) NOT NULL,
  `POSITION_ID` varchar(32) DEFAULT NULL,
  `USER_ID` varchar(32) DEFAULT NULL,
  PRIMARY KEY (`ID`),
  KEY `POSITION_ID` (`POSITION_ID`) USING BTREE,
  KEY `USER_ID` (`USER_ID`) USING BTREE,
  CONSTRAINT `FK5y9tnmw20tg0wbe4kl6dedu08` FOREIGN KEY (`POSITION_ID`) REFERENCES `UMS_POSITION` (`ID`),
  CONSTRAINT `FKd6wlg7nkuvq4965ggtqnxixy2` FOREIGN KEY (`USER_ID`) REFERENCES `UMS_USER` (`ID`),
  CONSTRAINT `UMS_USER_POSITION_RELATION_ibfk_1` FOREIGN KEY (`POSITION_ID`) REFERENCES `UMS_POSITION` (`ID`),
  CONSTRAINT `UMS_USER_POSITION_RELATION_ibfk_2` FOREIGN KEY (`USER_ID`) REFERENCES `UMS_USER` (`ID`),
  CONSTRAINT `UMS_USER_POSITION_RELATION_ibfk_3` FOREIGN KEY (`USER_ID`) REFERENCES `UMS_USER` (`ID`),
  CONSTRAINT `UMS_USER_POSITION_RELATION_ibfk_4` FOREIGN KEY (`POSITION_ID`) REFERENCES `UMS_POSITION` (`ID`),
  CONSTRAINT `UMS_USER_POSITION_RELATION_ibfk_5` FOREIGN KEY (`POSITION_ID`) REFERENCES `UMS_POSITION` (`ID`),
  CONSTRAINT `UMS_USER_POSITION_RELATION_ibfk_6` FOREIGN KEY (`USER_ID`) REFERENCES `UMS_USER` (`ID`)
) ENGINE=InnoDB DEFAULT CHARSET=utf8;

-- ----------------------------
--  Table structure for `UMS_USER_ROLE`
-- ----------------------------
DROP TABLE IF EXISTS `UMS_USER_ROLE`;
CREATE TABLE `UMS_USER_ROLE` (
  `ID` varchar(32) NOT NULL,
  `ROLE_ID` varchar(255) DEFAULT NULL,
  `USER_ID` varchar(255) DEFAULT NULL,
  PRIMARY KEY (`ID`)
) ENGINE=InnoDB DEFAULT CHARSET=utf8;

-- ----------------------------
--  Table structure for `UMS_USER_ROLE_RELATION`
-- ----------------------------
DROP TABLE IF EXISTS `UMS_USER_ROLE_RELATION`;
CREATE TABLE `UMS_USER_ROLE_RELATION` (
  `ID` varchar(32) NOT NULL,
  `ROLE_ID` varchar(32) DEFAULT NULL,
  `USER_ID` varchar(32) DEFAULT NULL,
  PRIMARY KEY (`ID`),
  KEY `ROLE_ID` (`ROLE_ID`) USING BTREE,
  KEY `USER_ID` (`USER_ID`) USING BTREE,
  CONSTRAINT `FK6dui3p07cw55ns2bfwd47rhcu` FOREIGN KEY (`ROLE_ID`) REFERENCES `UMS_ROLE` (`ID`),
  CONSTRAINT `FK9frv941ftdm8v9pcklmd1mvjb` FOREIGN KEY (`USER_ID`) REFERENCES `UMS_USER` (`ID`),
  CONSTRAINT `UMS_USER_ROLE_RELATION_ibfk_1` FOREIGN KEY (`ROLE_ID`) REFERENCES `UMS_ROLE` (`ID`),
  CONSTRAINT `UMS_USER_ROLE_RELATION_ibfk_2` FOREIGN KEY (`USER_ID`) REFERENCES `UMS_USER` (`ID`),
  CONSTRAINT `UMS_USER_ROLE_RELATION_ibfk_3` FOREIGN KEY (`USER_ID`) REFERENCES `UMS_USER` (`ID`),
  CONSTRAINT `UMS_USER_ROLE_RELATION_ibfk_4` FOREIGN KEY (`ROLE_ID`) REFERENCES `UMS_ROLE` (`ID`),
  CONSTRAINT `UMS_USER_ROLE_RELATION_ibfk_5` FOREIGN KEY (`ROLE_ID`) REFERENCES `UMS_ROLE` (`ID`),
  CONSTRAINT `UMS_USER_ROLE_RELATION_ibfk_6` FOREIGN KEY (`USER_ID`) REFERENCES `UMS_USER` (`ID`)
) ENGINE=InnoDB DEFAULT CHARSET=utf8;

-- ----------------------------
--  Records 
-- ----------------------------
INSERT INTO `EVA_BLOG_CATEGORY` VALUES ('1','1','云/大数据'), ('2','2','系统/测试'), ('3','3','前端'), ('4','4','后端'), ('5','5','版本控制'), ('6','6','移动应用'), ('7','7','数据库'), ('8','8','产品'), ('9','9','人工智能');
INSERT INTO `EVA_BLOG_TOPIC` VALUES ('1','1','Kafka是一种高吞吐量的分布式发布订阅消息系统。Kafka的目的是通过Hadoop的并行加载机制来统一线上和离线的消息处理，也是为了通过集群机来提供实时的消费。','kafka','https://sns.io/sell/GDHIVN6W','1','云/大数据','http://blogsela.oss-cn-beijing.aliyuncs.com/homeTopic/kafka.jpg?x-oss-process=style/homeTopic','1','10','1'), ('10','1','openstack是实现云计算的一个项目,使用python语言开发。 三个基础组件:计算服务、网络服务、存储服务','openStack','https://sns.io/sell/GDHIVN6W','1','云/大数据','http://blogsela.oss-cn-beijing.aliyuncs.com/homeTopic/openStack.jpg?x-oss-process=style/homeTopic','1','10','10'), ('11','1','R是用于统计分析、绘图的语言和操作环境。R是属于GNU系统的一个自由、免费、源代码开放的软件，它是一个用于统计计算和统计制图的优秀工具','R语言','https://sns.io/sell/GDHIVN6W','1','云/大数据','http://blogsela.oss-cn-beijing.aliyuncs.com/homeTopic/R.jpg?x-oss-process=style/homeTopic','1','10','11'), ('12','1','ElasticSearch是一个基于Lucene的搜索服务器。它提供了一个分布式多用户能力的全文搜索引擎，基于RESTful web接口。','Elastic Search','https://sns.io/sell/GDHIVN6W','4','后端','http://blogsela.oss-cn-beijing.aliyuncs.com/homeTopic/elasticsearch.jpg?x-oss-process=style/homeTopic','1','10','12'), ('13','1','数据结构是计算机存储、组织数据的方式。数据结构是指相互之间存在一种或多种特定关系的数据元素的集合。','数据结构和算法','https://sns.io/sell/GDHIVN6W','4','后端','http://blogsela.oss-cn-beijing.aliyuncs.com/homeTopic/data.jpg?x-oss-process=style/homeTopic','1','10','13'), ('14','1','Go语言专门针对多处理器系统应用程序的编程进行了优化，使用Go编译的程序可以媲美C或C++代码的速度，而且更加安全、支持并行进程。','GO','https://sns.io/sell/GDHIVN6W','4','后端','http://blogsela.oss-cn-beijing.aliyuncs.com/homeTopic/go.jpg?x-oss-process=style/homeTopic','1','10','14'), ('15','1','Python具有丰富和强大的库。它常被昵称为胶水语言，能够把用其他语言制作的各种模块（尤其是C/C++）很轻松地联结在一起。','Python','https://sns.io/sell/GDHIVN6W','4','后端','http://blogsela.oss-cn-beijing.aliyuncs.com/homeTopic/python.jpg?x-oss-process=style/homeTopic','1','10','15'), ('16','1','是一种通用开源脚本语言。语法吸收了C语言、Java和Perl的特点，利于学习，使用广泛','PHP','https://sns.io/sell/GDHIVN6W','4','后端','http://blogsela.oss-cn-beijing.aliyuncs.com/homeTopic/php.jpg?x-oss-process=style/homeTopic','1','10','16'), ('17','1','Java是一门面向对象编程语言，不仅吸收了C++语言的各种优点，还摒弃了C++里难以理解的多继承、指针等概念','Java','https://sns.io/sell/GDHIVN6W','4','后端','http://blogsela.oss-cn-beijing.aliyuncs.com/homeTopic/java.jpg?x-oss-process=style/homeTopic','1','10','17'), ('18','1','C语言是一门通用计算机编程语言，应用广泛。C语言的设计目标是提供一种能以简易的方式编译、处理低级存储器、产生少量的机器码以及不需要任何运行环境支持便能运行的编程语言','C语言','https://sns.io/sell/GDHIVN6W','4','后端','http://blogsela.oss-cn-beijing.aliyuncs.com/homeTopic/C.jpg?x-oss-process=style/homeTopic','1','10','18'), ('19','1','C++是C语言的继承，它既可以进行C语言的过程化程序设计，又可以进行以抽象数据类型为特点的基于对象的程序设计，还可以进行以继承和多态为特点的面向对象的程序设计。','C++','https://sns.io/sell/GDHIVN6W','4','后端','http://blogsela.oss-cn-beijing.aliyuncs.com/homeTopic/cjiajia.jpg?x-oss-process=style/homeTopic','1','10','19'), ('2','1','Spark是类Hadoop MapReduce的通用并行框架，拥有Hadoop MapReduce所具有的优点，能更好地适用于数据挖掘与机器学习等需要迭代的MapReduce的算法。','spark','https://sns.io/sell/GDHIVN6W','1','云/大数据','http://img.my.csdn.net/uploads/201712/13/1513163063_7832.png','1','10','2'), ('20','1','C#是微软公司发布的一种面向对象的、运行于.NET Framework之上的高级程序设计语言','C#','https://sns.io/sell/GDHIVN6W','4','后端','http://blogsela.oss-cn-beijing.aliyuncs.com/homeTopic/cshap.jpg?x-oss-process=style/homeTopic','1','10','20'), ('21','1','是一个构建数据驱动的 web 界面的渐进式框架。Vue.js 的目标是通过尽可能简单的 API 实现响应的数据绑定和组合的视图组件。','Vue.js','https://sns.io/sell/GDHIVN6W','3','前端','http://blogsela.oss-cn-beijing.aliyuncs.com/homeTopic/vue.jpg?x-oss-process=style/homeTopic','1','10','21'), ('22','1','AngularJS是一种为动态web应用设计的框架。它使用HTML作为模板语言,并且扩展了HTML的语法,让开发者能够更清晰、更简洁地开发应用组件。','AngularJS','https://sns.io/sell/GDHIVN6W','3','前端','http://blogsela.oss-cn-beijing.aliyuncs.com/homeTopic/angularjs.jpg?x-oss-process=style/homeTopic','1','10','22'), ('23','1','JavaScript一种直译式脚本语言，是一种动态类型、弱类型、基于原型的语言，内置支持类型。','JavaScript','https://sns.io/sell/GDHIVN6W','3','前端','http://blogsela.oss-cn-beijing.aliyuncs.com/homeTopic/js.jpg?x-oss-process=style/homeTopic','1','10','23'), ('24','1','HTML5是HTML的一个新版本。HTML 不是一种编程语言,而是一种标记语言','HTML5 + CSS ','https://sns.io/sell/GDHIVN6W','3','前端','http://blogsela.oss-cn-beijing.aliyuncs.com/homeTopic/html5.jpg?x-oss-process=style/homeTopic','1','10','24'), ('25','1','Egret是一套完整的HTML5游戏开发解决方案。','Egret','https://sns.io/sell/GDHIVN6W','3','前端','http://blogsela.oss-cn-beijing.aliyuncs.com/homeTopic/egret.jpg?x-oss-process=style/homeTopic','1','10','25'), ('26','1','Linux是一套免费使用和自由传播的类Unix操作系统，是一个基于POSIX和UNIX的多用户、多任务、支持多线程和多CPU的操作系统。','linux','https://sns.io/sell/GDHIVN6W','2','系统\\测试','http://blogsela.oss-cn-beijing.aliyuncs.com/homeTopic/linux.jpg?x-oss-process=style/homeTopic','1','10','26'), ('27','1','系统构架是对已确定的需求的技术实现构架、作好规划，运用成套、完整的工具，在规划的步骤下去完成任务。','系统架构','https://sns.io/sell/GDHIVN6W','2','系统\\测试','http://blogsela.oss-cn-beijing.aliyuncs.com/homeTopic/archite.jpg?x-oss-process=style/homeTopic','1','10','27'), ('28','1','软件测试是一种实际输出与预期输出之间的审核或者比较过程。','软件测试','https://sns.io/sell/GDHIVN6W','2','系统\\测试','http://blogsela.oss-cn-beijing.aliyuncs.com/homeTopic/test.jpg?x-oss-process=style/homeTopic','1','10','28'), ('29','1','Git是一款免费、开源的分布式版本控制系统，用于敏捷高效地处理任何或小或大的项目。','GIT','https://sns.io/sell/GDHIVN6W','5','版本控制','http://blogsela.oss-cn-beijing.aliyuncs.com/homeTopic/git.jpg?x-oss-process=style/homeTopic','1','10','29'), ('3','1','Node.js是一个基于Chrome JavaScript运行时建立的平台，使用事件驱动、非阻塞I/O 模型而得以轻量和高效，适合在分布式设备上运行数据密集型的实时应用.','Node','https://sns.io/sell/GDHIVN6W','4','后端','http://img.my.csdn.net/uploads/201712/13/1513162858_9335.jpg','1','10','3'), ('30','1','简称小程序，缩写XCX，英文名Mini Program，是一种不需要下载安装即可使用的应用，它实现了应用“触手可及”的梦想，用户扫一扫或搜一下即可打开应用。','微信小程序','https://sns.io/sell/GDHIVN6W','6','移动应用','http://blogsela.oss-cn-beijing.aliyuncs.com/homeTopic/wx.jpg?x-oss-process=style/homeTopic','1','10','30'), ('31','1','微信公众平台，简称公众号。曾命名为“官号平台”、“媒体平台”、微信公众号，最终定位为“公众平台”，无疑让我们看到一个微信对后续更大的期望。','微信公众平台','https://sns.io/sell/GDHIVN6W','6','移动应用','http://blogsela.oss-cn-beijing.aliyuncs.com/homeTopic/wxgz.jpg?x-oss-process=style/homeTopic','1','10','31'), ('32','1','iOS是由苹果公司开发的移动操作系统','IOS','https://sns.io/sell/GDHIVN6W','6','移动应用','http://blogsela.oss-cn-beijing.aliyuncs.com/homeTopic/ios.jpg?x-oss-process=style/homeTopic','1','10','32'), ('33','1','Android是一种基于Linux的自由及开放源代码的操作系统，主要使用于移动设备，如智能手机和平板电脑，由Google公司和开放手机联盟领导及开发。','Android','https://sns.io/sell/GDHIVN6W','6','移动应用','http://blogsela.oss-cn-beijing.aliyuncs.com/homeTopic/android.jpg?x-oss-process=style/homeTopic','1','10','33'), ('34','1','Redis是一个开源的使用ANSI C语言编写、支持网络、可基于内存亦可持久化的日志型、Key-Value数据库，并提供多种语言的API。','Redis','https://sns.io/sell/GDHIVN6W','7','数据库','http://blogsela.oss-cn-beijing.aliyuncs.com/homeTopic/redis.jpg?x-oss-process=style/homeTopic','1','10','34'), ('35','1','MySQL是一个关系型数据库管理系统，由瑞典MySQL AB 公司开发，目前属于 Oracle 旗下产品。','Mysql','https://sns.io/sell/GDHIVN6W','7','数据库','http://blogsela.oss-cn-beijing.aliyuncs.com/homeTopic/mysql.jpg?x-oss-process=style/homeTopic','1','10','35'), ('36','1','MongoDB是一个基于分布式文件存储的数据库。由C++语言编写。旨在为WEB应用提供可扩展的高性能数据存储解决方案。','MongoDB','https://sns.io/sell/GDHIVN6W','7','数据库','http://blogsela.oss-cn-beijing.aliyuncs.com/homeTopic/mogodb.jpg?x-oss-process=style/homeTopic','1','10','36'), ('37','1','Oracle Database,又名Oracle RDBMS,或简称Oracle。是甲骨文公司的一款关系数据库管理系统。它是在数据库领域一直处于领先地位的产品。','Oracle','https://sns.io/sell/GDHIVN6W','7','数据库','http://blogsela.oss-cn-beijing.aliyuncs.com/homeTopic/Oracle_logo.png?x-oss-process=style/homeTopic','1','10','37'), ('38','1','产品经理（Product Manager）是企业中专门负责产品管理的职位，产品经理负责市场调查并根据用户的需求，确定开发何种产品，选择何种技术、商业模式等。','产品\\UI','https://sns.io/sell/GDHIVN6W','8','产品\\UI','http://blogsela.oss-cn-beijing.aliyuncs.com/homeTopic/cping.jpg','1','10','38'), ('4','1','React Native是一款基于JavaScript框架React.js来开发iOS和Android原生App的开源框架，着力于提高多平台开发的开发效率。(Learn once,write anywhere)','React Native','https://sns.io/sell/GDHIVN6W','6','移动应用','http://img.my.csdn.net/uploads/201712/13/1513162895_9083.png','1','10','4'), ('5','1','React是Facebook用来创建用户界面的JavaScript库，用于构建“可预期的”和“声明式的”Web用户界面。 该框架的推出主要为了开发数据不断变化的大规模应用程序。','React','https://sns.io/sell/SKRSWNWD','3','前端','http://img.my.csdn.net/uploads/201712/13/1513162877_3390.jpg','1','10','5'), ('6','1','webpack以CommonJS规范在本地对js进行模块化处理打包; gulp负责流程化的构建过程任务;Mocha是现在最流行的JavaScript测试框架之一。','webpack','https://sns.io/sell/GDHIVN6W','3','前端','http://img.my.csdn.net/uploads/201712/13/1513163096_9160.png','1','10','6'), ('7','1','人工智能（Artificial Intelligence），英文缩写为AI。它是研究、开发用于模拟、延伸和扩展人的智能的理论、方法、技术及应用系统的一门新的技术科学。','人工智能','https://sns.io/sell/GDHIVN6W','9','人工智能','http://blogsela.oss-cn-beijing.aliyuncs.com/homeTopic/inteli.jpg?x-oss-process=style/homeTopic','1','10','7'), ('8','1','docker-提供高性能可伸缩容器应用管理','Docker','https://sns.io/sell/GDHIVN6W','1','云/大数据','http://blogsela.oss-cn-beijing.aliyuncs.com/homeTopic/docker.png?x-oss-process=style/homeTopic','1','10','8'), ('9','1','Hadoop是一个由Apache基金会所开发的分布式系统基础架构。用户可以在不了解分布式底层细节的情况下，开发分布式程序。充分利用集群的威力进行高速运算和存储。','Hadoop大数据','https://sns.io/sell/GDHIVN6W','1','云/大数据','http://blogsela.oss-cn-beijing.aliyuncs.com/homeTopic/hadoop.jpg?x-oss-process=style/homeTopic','1','10','9');
INSERT INTO `EVA_BLOG_VIDEO` VALUES ('1','https://sns.io/sell/SKRSWNWD','1','1','# 课程目录\r\n## 第一章：课程介绍\r\n>* 1 课程介绍 6:18\r\n>* 2 问答方法与原则 (新) 2:04\r\n\r\n## 第二章：第一个 React 应用程序\r\n>* 1 配置基础运行环境 8:32\r\n>* 2 UI 设计与需求分析 9:23\r\n>* 3 把 HTML 嵌入到 javascript 4:28\r\n>* 4 划分出多个组件 9:27\r\n>* 5 通过属性代替固化数据 3:15\r\n>* 6 内部状态数据与添加功能的实现 8:29\r\n>* 7 ItemEditor 删除功能的实现 19:15\r\n>* 8 ItemEditor 保持功能的实现 6:27\r\n>* 9 编辑 Item 功能的实现 7:48\r\n>* 10 本章知识点总结 9:41\r\n>* 11 对第一个应用程序的优化 17:51\r\n\r\n## 第三章：JSX 用法\r\n>* 1 JSX 的本质 5:30\r\n>* 2 属性与行内样式 5:20\r\n>* 3 三元运算与复杂判断 6:05\r\n>* 4 根节点的个性 2:41\r\n>* 5 总结 5:11\r\n\r\n## 第四章：创建组件\r\n>* 1 Component 与 Element 的特殊关系 20:37\r\n>* 2 创建 Component 的两种方式与区别 18:57\r\n>* 3 修复上一课时BUG 1:29\r\n\r\n## 第五章：组件的生命周期\r\n>* 1 组件生命周期的原理 8:36\r\n>* 2 初始化阶段 10:35\r\n>* 3 装载阶段 10:36\r\n>* 4 更新阶段 16:29\r\n>* 5 卸载阶段与生命周期总结 6:19\r\n>* 6 总结 13:33\r\n>* 7 通过实例代码掌握生命周期的知识点（上） 17:48\r\n>* 8 通过实例代码掌握生命周期的知识点（下） 23:36\r\n\r\n## 第六章：组件的属性\r\n>* 1 表单属性 22:17\r\n>* 2 refs属性 8:00\r\n\r\n## 第七章：组件的事件\r\n>* 1 键盘事件实例讲解 11:43\r\n>* 2 鼠标事件实例讲解 24:55\r\n>* 3 自定义事件实例讲解 6:39\r\n\r\n## 第八章：组件之间的通信\r\n>* 1 父与子组件的通信 19:00\r\n>* 2 子与父组件的通信 8:43\r\n>* 3 事件总线通信 31:25\r\n\r\n## 第九章：props与state的博弈\r\n>* 1 props vs state 的选择原则 12:36\r\n\r\n## 第一十章：实用工具\r\n>* 1 动画效果 22:18\r\n>* 2 数据双向绑定 19:33\r\n\r\n## 第一十一章：开发环境\r\n>* 1 配置模块化开发环境 19:53\r\n\r\n## 第一十二章：树组件开发实战\r\n>* 1 树组件开发实战（一） 19:03\r\n>* 2 树组件开发实战（二） 10:22\r\n>* 3 树组件开发实战（三） 17:04\r\n>* 4 树组件开发实战（四） 18:09\r\n>* 5 树组件开发实战（五） 21:21\r\n>* 6 树组件开发实战（六） 13:57\r\n>* 7 树组件开发实战（七） 16:21\r\n>* 8 树组件开发实战（八） 14:47\r\n\r\n## 第一十三章：FLUX架构\r\n>* 1 flux 架构概述 8:59\r\n>* 2 实战编码悟透Store 27:57\r\n>* 3 实战编码悟透 Actions 19:14\r\n>* 4 实战编码悟透 Dispatcher 23:45\r\n>* 5 实战编码悟透 Actions 与 Web API 合理的调用方式 22:04\r\n\r\n## 第一十四章：Facebook Flux\r\n>* 1 Dispatcher 源码解析（一） 18:06\r\n>* 2 Dispatcher 源码解析（二） 5:08\r\n>* 3 Store 源码分析与实例扩展 17:58\r\n>* 4 实例复习与巩固 16:41\r\n>* 5 ReduceStore 源码分析与实例扩展 18:21\r\n>* 6 Container 工具 10:03\r\n\r\n## 第一十五章：Reflux\r\n>* 1 Reflux 与 Flux 的区别 7:42\r\n>* 2 创建第一个 Action 2:54\r\n>* 3 触发 Action 的多种方式 3:59\r\n>* 4 Action hooks 6:43\r\n>* 5 异步结果 11:54\r\n>* 6 一次性创建多个 Action 3:36\r\n>* 7 创建第一个 Store 7:25\r\n>* 8 store 监听 action 的方式 8:34\r\n>* 9 React + Reflux 小程序 15:28\r\n\r\n## 第一十六章：Redux\r\n>* 1 Redux 与 Flux 、Reflux 整体上区别 15:35\r\n>* 2 解决状态数据多的问题 6:08\r\n>* 3 大数据状态对象如何更改 13:16\r\n>* 4 自己开发一个 redux 22:56\r\n>* 5 redux 中间件的原理与原型开发 26:34\r\n>* 6 优化自己开发的 Redux 16:31\r\n>* 7 官网 Redux 的基本使用方式 5:19\r\n>* 8 通过思维导图讲解 Redux 的整体架构 24:25\r\n>* 9 得到store的方法集合及其原理 15:37\r\n>* 10 拆分 Reducers 38:21\r\n>* 11 创建 Action 的多种方式 17:59\r\n>* 12 使用 applyMiddleware 装载中间件 11:17\r\n>* 13 开发 thunk 异步 action 解析的中间件 15:55\r\n>* 14 开发 promise 异步 action 解析的中间件 6:16\r\n>* 15 开发 generator 异步 action 解析的中间件 17:29\r\n>* 16 开发兼容 generator/promise/thunk 异步 action 解析的中间件 10:27\r\n>* 17 redux-thunk 中间件的使用 25:59\r\n>* 18 FSA - Action 对象标准化 2:12\r\n>* 19 redux-promise 中间件的使用 6:14\r\n>* 20 复习与沉淀 21:13\r\n>* 21 React-redux 让 UI 和 Store 相配合 29:52\r\n>* 22 深入讲解 React-redux connect 函数用法 17:47\r\n>* 23 实例巩固（上） 37:12\r\n>* 24 实例巩固（中） 39:38\r\n>* 25 实例巩固（下） 24:42\r\n\r\n## 第一十七章：React-Router\r\n>* 1 react-router 作用和适用条件 8:09\r\n>* 2 开发多页面 React 应用程序 39:13\r\n>* 3 用 react-router 优化多页面 React 应用程序 22:49\r\n>* 4 实例讲解 react-route 基本的使用方式 17:01\r\n>* 5 路经通配符 8:25\r\n\r\n## 第一十八章：有问必答','http://blogsela.oss-cn-beijing.aliyuncs.com/video/react/cdzfrfd.png?x-oss-process=style/videoTitle','1','2','彻底征服React.js + flux+ Redux实战','10','10','2017-12-21 21:48:33','5','React','18'), ('2','https://sns.io/sell/SKRSWNWD','1','1','## 第1章 课程介绍与开发前的准备工作\r\n> 本章中会先让大家了解课程整体情况，然后手把手带大家做一些开发前的准备工作 （Java服务端课程：http://coding.imooc.com/class/96.html）\r\n\r\n## 第2章 开发环境搭建与开发工具使用技巧\r\n> 本章会手把手带大家搭建起开发环境，并在正式开发之前，教大家一些提高开发效率的工具使用技巧。（nodejs和npm安装、git安装和配置、sublime使用技巧、chrome调试工具、代理神器charles&Fiddler）\r\n\r\n## 第3章 项目初始化与基于模块化的脚手架搭建\r\n> 本章我会手把手带大家对项目进行初始化，包括项目创建，项目结构设计和一整套基于模块化的开发脚手架的搭建（知识点：项目创建、项目结构设计、项目脚手架搭建、npm和webpack初始化、webpack--js、css文件处理、webpack -- html处理、icon-font和图片处理、webpack--dev-server、代码提交，Git远程仓库的规范化用法等）.\r\n\r\n## 第4章 项目通用功能开发\r\n> 本章中我会先带着大家对项目的业务进行分析，并提取出项目的通用功能，然后手把手带大家完成通用模块的开发，让大家学会代码的高复用技巧。（知识点：通用功能分析和拆分思想、高逼格UI开发经验与技巧，通用模块设计与独立打包方法，通用JS工具类封装、全局样式开发、通用结果提示页开发、通用导航组件开发、通用搜索组件开...\r\n\r\n## 第5章 用户模块开发\r\n> 本章我会带着同学们分析，拆解用户模块的功能及技术点，并手把手带大家实现登录、注册、找回密码、个人中心、修改密码等功能。（知识点：数据安全性处理方案，表单同步/异步验证，小型SPA开发）\r\n\r\n## 第6章 商品模块开发\r\n> 本章我会带着同学们分析，拆解商品模块的功能与技术点，并手把手带大家实现商品首页，商品列表，商品详情等功能（知识点：JQuery插件模块化改造，独立组件抽离技巧，多功能列表开发，轮播图开发、分页组件拆分和封装、商品排序，商品大图与缩略图联动等）...\r\n\r\n## 第7章 购物车模块开发\r\n> 本章我会带着同学们分析，拆解购物车模块的功能与技术点，并手把手带大家开发购物车功能，包括购物车的常见用法、和后端的交互等。（知识点：商品状态随时验证方案，模块内部方法调用方式，非Form提交时的数据验证等）...\r\n\r\n## 第8章 订单模块开发\r\n> 本章我会带着同学们分析，拆解订单模块的功能与技术点，并手把手带大家实现订单的信息填写、订单的生成和确认订单的整个流程。（知识点：Modal式组件封装思想，城市级联操作，复杂表单回填等）\r\n\r\n## 第9章 支付模块开发\r\n> 本章我会带着同学们分析，拆解支付模块的功能与技术点，并手把手带大家使用支付宝沙箱环境，在没有企业资质的情况下完成支付功能的真实接入，并完成支付功能的开发。（知识点：支付宝功能对接，支付状态动态检测，支付成功回执处理等）...\r\n\r\n## 第10章 数据统计和SEO优化\r\n> 本章我们会做上线前的附加工作，包括访问数据统计（知道活的怎么样），基本SEO优化（想活的更好）等。（知识点：PV/UV,流量来源监控，用户特征分析，SEO原理，关键词设计，SEO监控等）\r\n\r\n## 第11章 后台管理系统介绍（附赠内容\r\n> 本章作为附赠内容，会为大家提供一套基于React技术后台管理系统源码，并对关键代码与技术点进行讲解，以方便大家能搭建起自己的后台管理系统。（知识点：React项目结构的设计、router原理及React-Router简介、React组件的封装方法 sass等）...\r\n\r\n## 第12章 线上环境配置与项目自动化发布\r\n> 本章我会教同学们把我们之前开发完成的代码发布到线上，包含线上域名的解析、线上nginx的配置、线上基于shell的自动化发布脚本的编写等内容。让我们开发出的项目跑在真实的生产环境上，成为自己的一款上线作品。（知识点：线上阿里云服务器环境搭建，自动化发布脚本编写，域名规划与nginx配置，可用性监控，外部监控原理，...\r\n\r\n## 第13章 课程总结与下期内容展望\r\n> 本章会带着大家一起对电商平台相关知识点以及界面用到的相关技术点，框架等进行总结。同时也对下期内容进行一个展望，期待能一步步把这个项目不断演进，最后非常感谢大家的支持，有你们的支持，我将更加有动力，并努力的把更多更好的课程做好，回馈给大家。','http://blogsela.oss-cn-beijing.aliyuncs.com/video/react/sbsdzdspt.png?x-oss-process=style/videoTitle','1','2','手把手打造电商平台','10','10','2017-12-21 21:48:33','5','React','9'), ('3','https://sns.io/sell/SKRSWNWD','1','1','# 智能社','http://blogsela.oss-cn-beijing.aliyuncs.com/video/react/zns.png?x-oss-process=style/videoTitle','2','2','智能社','10','10','2017-12-25 21:15:30','5','React','3'), ('4','https://sns.io/sell/SKRSWNWD','1','1','## 第1章 搭建 webpack + react 开发环境\r\n\r\n前端开发早就进入工程化的年代，而以 React 为框架开发，就必须使用工程化，目前前端最强大的工程化工具就是 webpack。本章节就讲述如何使用 webpack 搭建一个能自动构建编译 React 的环境，以及使用 npm 作为依赖管理工具。本节学完之后，我们就能将编写的 React 代码自动编译为浏览器可识别的代码，直接使用浏...\r\n\r\n## 第2章 React 基础\r\n针对不熟悉 React 基础的同学，本章节就为你介绍 React 的基本使用，从显示最简单的 hello world 开始，到使用组件化制作页面，针对已经熟悉 React 基础的同学，本章节的后半部分讲述了我本人对 React 组件化设计、代码结构的一些思路和经验，而这些技巧是后面实战开发的理论基础，不可忽略。...\r\n\r\n## 第3章 React 性能优化方案\r\n作为一个称职的工程师，考虑性能是必须要做的事情之一。React 如此大型复杂的框架，存在性能问题是可以想象到的，但是官方也提出了优化方案。本章节将介绍如何检测性能问题，以及如何优化 React 的性能。\r\n\r\n## 第4章 React-router\r\n使用 React 开发的是一个单页面引用程序（即 SPA），SPA的页面跳转必须依靠路由来实现，而 React “御用”的路由工具就是 React-router，本章节介绍 React-router 的使用。\r\n\r\n## 第5章 Redux 基础\r\n当程序复杂度提高时，程序中的数据管理就变得很复杂，此时 Redux 就能派上用场。本章节介绍 Redux 的基础，使您对 Redux 有一个初步的了解，因为后面的实战开发，会用到 Redux 来存储数据，这里要把基础打好。\r\n\r\n## 第6章 使用 fetch\r\n使用 jQuery 开发页面是，可是使用自带的 ajax 功能获取、提交数据。而使用 React 框架时，就没必要为了 ajax 引用一个 jquery 了，这里我们推荐使用 fetch，最新的 ajax 交互方式，支持 Promise，用起来绝对简洁给力。\r\n\r\n## 第7章 开发首页\r\n前面基础知识介绍完，正式进入实战开发阶段，本章节开发首页。首先分析页面，拆分组件，然后开发组件，拼接页面。给您详细展示从一个空白页面到开发出最终效果的整个过程。\r\n\r\n## 第8章 开发城市页面\r\n本节讲述城市页面的开发，该页面中将学会如何在 React 中初步使用 Redux 存储简单的数据。\r\n\r\n## 第9章 开发搜索结果页面\r\n本节讲述搜索结果页的开发，该页面将为您展示常见的搜索效果如何通过 React 开发出来，并且能深刻体会到路由的使用规则，以及组件可复用带来的好处。\r\n\r\n## 第10章 开发详情页\r\n本节讲述详情页的开发，通过上两节的实战课程，学生讲会更加快速高效的学会拆分组件，复用已有组件，最后拼装成页面。\r\n\r\n## 第11章 开发登录页面\r\n本节讲述登录页面的开发，将再次使用 Redux 存储数据，并判断用户的登录状态，以及登录之后跳转的处理。\r\n\r\n## 第12章 收藏和购买功能\r\n通过本节收藏和购买的功能开发，您将体会到更加复杂的 Redux 应用。\r\n\r\n## 第13章 开发用户中心页\r\n本节讲述用户中心页面的开发，该页面是一个比较基础的页面，跟之前一样拆分组件、复用组件、拼装页面。此时您应该能快速高效的掌握课程的全部内容。\r\n\r\n## 第14章 评价功能\r\n通过本节评价功能，您将学会在 React 中如何操作页面变化，即数据驱动视图的开发方式。另外，您将学会使用 fetch 提交数据，而之前都是用 fetch 获取数据。','http://blogsela.oss-cn-beijing.aliyuncs.com/video/react/dzdp1.jpg?x-oss-process=style/videoTitle','1','2','React高阶实战大众点评','10','10','2017-12-25 21:28:21','5','React','2'), ('5','https://sns.io/sell/SKRSWNWD','1','1','![image](http://blogsela.oss-cn-beijing.aliyuncs.com/video/react/lyhjc1.png)\r\n![image](http://blogsela.oss-cn-beijing.aliyuncs.com/video/react/lyhjc2.png)','http://blogsela.oss-cn-beijing.aliyuncs.com/video/react/lyhjc.png?x-oss-process=style/videoTitle','2','2','React路由和基础','10','10','2017-12-25 21:37:08','5','React','3');
INSERT INTO `UMS_ACL` VALUES ('40283d81604018ca016040bb3106000f','0','ff8080815e5584bd015e559ce3920002','USER','CONTROLLER','ff8080815cf2cab1015cf697e04d000b'), ('40283d816043a824016043d1d12e0002','0','ff8080815e4bd312015e4c7df9420035','ORGROLE','MENU','ff8080815d418e56015dcf10a1d50049'), ('40283d816043a824016043d1d2fd0003','0','ff8080815e4bd312015e4c7df9420035','ORGROLE','MENU','ff80808159aa70380159b0ce8d010007'), ('40283d816043a824016043d1d59c0004','0','ff8080815e4bd312015e4c7df9420035','ORGROLE','MENU','ff80808159aa70380159b0cea5c40008'), ('402852425c3366e4015c344baeb00000','0',NULL,'GROUP','MENU','4028524259aa70650159b0cfb0d20005'), ('402852425c3366e4015c344bb1320001','0',NULL,'GROUP','MENU','4028524259aa70650159b0cfb0d20005'), ('402852425c3366e4015c344bb1370002','0',NULL,'GROUP','MENU','ff80808159aa70380159b0ce42510006'), ('402852425ccdd1ed015cce9567420000','0','297e06725a081427015a08147f3a0001','ORG','CONTROLLER','ff8080815c8033d8015c81cf7cc10001'), ('402852425ccdd1ed015cce95746e0001','0','297e06725a081427015a08147f3a0001','ORG','MENU','ff80808159aa70620159b0d033fd0007'), ('402852425cf2ca55015cf69dcb1c000d','0','297e06725a081427015a08147f3a0001','ORG','CONTROLLER','ff8080815cf2cab1015cf68cf0ba0005'), ('402852425cf2ca55015cf6a69627000e','0','297e06725a081427015a08147f3a0001','ORG','CONTROLLER','ff8080815cf2cab1015cf68f1efa0006'), ('402852425cf7e9e6015cf7f8d2570000','0','40285242596c861201596ca9bda60000','USER','MENU','4028524259aa70650159b0cfb0d20005'), ('ff8080815c47e1f3015c5d44267e0016','0','ff80808159c448130159c9291e510000','USER','MENU','ff80808159aa70620159b0d033fd0007'), ('ff8080815c47e1f3015c5d4426820017','0','ff80808159c448130159c9291e510000','USER','MENU','ff80808159aa70380159b0cea5c40008'), ('ff8080815c47e1f3015c5d4426850018','0','ff80808159c448130159c9291e510000','USER','MENU','ff80808159aa70380159b0ce42510006'), ('ff8080815c8033d8015c9ba508ec0070','0','ff808081596c857901596caa1a980000','USER','MENU','ff80808159aa70380159b0ce8d010007'), ('ff8080815c8033d8015c9ba508ef0071','0','ff808081596c857901596caa1a980000','USER','MENU','ff80808159aa70380159b0cfa0a50009'), ('ff8080815c8033d8015c9ba508f30073','0','ff808081596c857901596caa1a980000','USER','MENU','4028524259aa70650159b0cec12e0004'), ('ff8080815c8033d8015c9ba508f50074','0','ff808081596c857901596caa1a980000','USER','MENU','4028524259aa70650159b0cfe7870006'), ('ff8080815c8033d8015c9ba508f70075','0','ff808081596c857901596caa1a980000','USER','MENU','4028524259aa70650159b0cfb0d20005'), ('ff8080815c8033d8015c9ba508f90076','0','ff808081596c857901596caa1a980000','USER','MENU','ff80808159aa70380159b0ce42510006'), ('ff8080815c8033d8015c9ba508fb0077','0','ff808081596c857901596caa1a980000','USER','MENU','ff80808159aa70620159b0d033fd0007'), ('ff8080815c8033d8015c9ba508fd0078','0','ff808081596c857901596caa1a980000','USER','MENU','ff80808159aa70380159b0cea5c40008'), ('ff8080815ccdd14e015cce9575620000','0','297e06725a081427015a08147f3a0001','ORG','MENU','4028524259aa70650159b0aa870d0003'), ('ff8080815cf2c98f015cf69d10e7000f','0','297e06725a081427015a08147f3a0001','ORG','MENU','ff80808159aa70380159b0ce8d010007'), ('ff8080815cf2c98f015cf71519120011','0','40285242596c861201596ca9bda60000','USER','MENU','4028524259aa70650159b0cec12e0004'), ('ff8080815cf2cab1015cf69de8f00013','0','297e06725a081427015a08147f3a0001','ORG','CONTROLLER','ff8080815cf2cab1015cf2d6e4c10000'), ('ff8080815cf2cab1015cf69ded0e0014','0','297e06725a081427015a08147f3a0001','ORG','CONTROLLER','ff8080815cf2c98f015cf69a9550000d'), ('ff8080815cf2cab1015cf7095ab10015','0','297e06725a081427015a08147f3a0001','ORG','CONTROLLER','ff8080815cf2cab1015cf68c94cf0004'), ('ff8080815cf2cab1015cf71620cd0016','0','40285242596c861201596ca9bda60000','USER','MENU','ff80808159aa70380159b0cea5c40008'), ('ff8080815cf2cab1015cf7c6712a0017','0','297e06725a081427015a08147f3a0001','ORG','MENU','4028524259aa70650159b0a8353c0002'), ('ff8080815d3b03ad015da8c09ed70007','0','40285242596c861201596ca9bda60000','USER','MENU','4028524259aa70650159b0cfe7870006'), ('ff8080815d3b03ad015dab88ec990019','0','ff8080815d3c4092015dab77d4a10011','ROLE','MENU','4028524259aa70650159b0aa870d0003'), ('ff8080815d3b03ad015dab88ee72001a','0','ff8080815d3c4092015dab77d4a10011','ROLE','MENU','ff80808159aa70380159b0ce42510006'), ('ff8080815d418e56015db0cc89840017','0','ff8080815d3c4092015dab77d4a10011','ROLE','MENU','ff80808159aa70380159b0cea5c40008'), ('ff8080815d418e56015db0cc8f540018','0','ff8080815d3c4092015dab77d4a10011','ROLE','MENU','4028524259aa70650159b0cfe7870006'), ('ff8080815d418e56015db0cc94010019','0','ff8080815d3c4092015dab77d4a10011','ROLE','MENU','ff80808159aa70620159b0d033fd0007'), ('ff8080815d418e56015db0e0ef8c001e','0','ff8080815dabae75015dabafdd530000','ROLE','MENU','4028524259aa70650159b0aa870d0003'), ('ff8080815d418e56015db0e0f4b3001f','0','ff8080815dabae75015dabafdd530000','ROLE','MENU','ff80808159aa70380159b0cea5c40008'), ('ff8080815d418e56015db0e954da0039','0','ff8080815dabae75015dabafdd530000','ROLE','CONTROLLER','402852425cf2ca55015cf69493430002'), ('ff8080815d418e56015db0e954dc003a','0','ff8080815dabae75015dabafdd530000','ROLE','CONTROLLER','402852425cf2ca55015cf6950b330003'), ('ff8080815d418e56015db0e954de003b','0','ff8080815dabae75015dabafdd530000','ROLE','CONTROLLER','ff8080815cf2c98f015cf693915c0005'), ('ff8080815d418e56015db0e954df003c','0','ff8080815dabae75015dabafdd530000','ROLE','CONTROLLER','ff8080815cf2c98f015cf694bac40006'), ('ff8080815d418e56015db0e954e1003d','0','ff8080815dabae75015dabafdd530000','ROLE','CONTROLLER','ff8080815cf2c98f015cf694e6410007'), ('ff8080815d418e56015db0e954e3003e','0','ff8080815dabae75015dabafdd530000','ROLE','CONTROLLER','ff8080815cf2cab1015cf6963e070008'), ('ff8080815d418e56015db0e954e5003f','0','ff8080815dabae75015dabafdd530000','ROLE','CONTROLLER','402852425cf2ca55015cf693c9810001'), ('ff8080815d418e56015db0e954e70040','0','ff8080815dabae75015dabafdd530000','ROLE','CONTROLLER','ff8080815d418e56015dacd908c4000c'), ('ff8080815d418e56015db0e97d000041','0','ff8080815dabae75015dabafdd530000','ROLE','CONTROLLER','402852425cf2ca55015cf69616740004'), ('ff8080815d418e56015db0e97d030042','0','ff8080815dabae75015dabafdd530000','ROLE','CONTROLLER','402852425cf2ca55015cf6969b990005'), ('ff8080815d418e56015db0e97d050043','0','ff8080815dabae75015dabafdd530000','ROLE','CONTROLLER','ff8080815cf2c98f015cf696786c0008'), ('ff8080815d418e56015db0e97d070044','0','ff8080815dabae75015dabafdd530000','ROLE','CONTROLLER','ff8080815cf2c98f015cf696c4230009'), ('ff8080815d418e56015db0e97d080045','0','ff8080815dabae75015dabafdd530000','ROLE','CONTROLLER','ff8080815cf2cab1015cf696e56a0009'), ('ff8080815d418e56015db0e97d0a0046','0','ff8080815dabae75015dabafdd530000','ROLE','CONTROLLER','ff8080815cf2cab1015cf6974e40000a'), ('ff8080815d418e56015db0e97d0c0047','0','ff8080815dabae75015dabafdd530000','ROLE','CONTROLLER','ff8080815cf2cab1015cf697e04d000b'), ('ff8080815d418e56015db0e97d0e0048','0','ff8080815dabae75015dabafdd530000','ROLE','CONTROLLER','ff8080815d418e56015dad78ea22000e'), ('ff8080815dab99b5015dab9d81660001','0','ff8080815d3c4092015dab77d4a10011','ROLE','MENU','4028524259aa70650159b0cec12e0004'), ('ff8080815daba35f015daba753bd0000','0','ff8080815d3c4092015dab77d4a10011','ROLE','MENU','ff80808159aa70380159b0cfa0a50009'), ('ff8080815daba35f015daba756e70001','0','ff8080815d3c4092015dab77d4a10011','ROLE','MENU','4028524259aa70650159b0cfb0d20005'), ('ff8080815dabae75015dabb1eb590007','0','ff8080815dabae75015dabafdd530000','ROLE','MENU','ff80808159aa70380159b0cfa0a50009'), ('ff8080815dabae75015dabb1ecd60008','0','ff8080815dabae75015dabafdd530000','ROLE','MENU','4028524259aa70650159b0cec12e0004'), ('ff8080815dabae75015dabb1ee370009','0','ff8080815dabae75015dabafdd530000','ROLE','MENU','4028524259aa70650159b0cfb0d20005'), ('ff8080815dabae75015dabb1f160000a','0','ff8080815dabae75015dabafdd530000','ROLE','MENU','4028524259aa70650159b0cfe7870006'), ('ff8080815dabae75015dabb850fa0016','0','ff8080815dabae75015dabafdd530000','ROLE','MENU','ff80808159aa70380159b0ce42510006'), ('ff8080815dabae75015dabba59bf0017','0','ff8080815dabae75015dabafdd530000','ROLE','CONTROLLER','ff8080815cf7e8e7015cf7f7881a0000'), ('ff8080815dabae75015dabba59c20018','0','ff8080815dabae75015dabafdd530000','ROLE','CONTROLLER','402852425cf2ca55015cf6991adb0009'), ('ff8080815dabae75015dabba59c40019','0','ff8080815dabae75015dabafdd530000','ROLE','CONTROLLER','402852425cf2ca55015cf69947a9000a'), ('ff8080815dabae75015dabba59c6001a','0','ff8080815dabae75015dabafdd530000','ROLE','CONTROLLER','ff8080815d3b03ad015da84c99570006'), ('ff8080815dabae75015dabba79e0001b','0','ff8080815dabae75015dabafdd530000','ROLE','CONTROLLER','402852425cf2ca55015cf697748a0006'), ('ff8080815dabae75015dabba79e3001c','0','ff8080815dabae75015dabafdd530000','ROLE','CONTROLLER','402852425cf2ca55015cf697ff600007'), ('ff8080815dabae75015dabba79e5001d','0','ff8080815dabae75015dabafdd530000','ROLE','CONTROLLER','402852425cf2ca55015cf69849490008'), ('ff8080815dabae75015dabba79e7001e','0','ff8080815dabae75015dabafdd530000','ROLE','CONTROLLER','ff8080815cf2c98f015cf698226b000a'), ('ff8080815dabae75015dabba79e9001f','0','ff8080815dabae75015dabafdd530000','ROLE','CONTROLLER','ff8080815cf2cab1015cf698a119000c'), ('ff8080815dabae75015dabba79eb0020','0','ff8080815dabae75015dabafdd530000','ROLE','CONTROLLER','ff8080815cf2cab1015cf698e01f000d'), ('ff8080815dabae75015dabba79ed0021','0','ff8080815dabae75015dabafdd530000','ROLE','CONTROLLER','ff8080815cf2cab1015cf699754f000e'), ('ff8080815dabae75015dabba79ef0022','0','ff8080815dabae75015dabafdd530000','ROLE','CONTROLLER','ff8080815d3c4092015da8482b5d0009'), ('ff8080815dabae75015dabba81730024','0','ff8080815dabae75015dabafdd530000','ROLE','CONTROLLER','ff8080815cf2cab1015cf69c1a280011'), ('ff8080815dabae75015dabbef8730028','0','ff8080815dabae75015dabafdd530000','ROLE','CONTROLLER','ff8080815d3c4092015da7a99f2b0008'), ('ff8080815dabb83a015dabbbc91d0005','0','ff8080815dabae75015dabafdd530000','ROLE','MENU','ff80808159aa70620159b0d033fd0007'), ('ff8080815dabb83a015dabc4260a0014','0','ff8080815dabae75015dabafdd530000','ROLE','CONTROLLER','ff8080815cf2c98f015cf32015dc0001'), ('ff8080815dabb83a015dabc4260f0015','0','ff8080815dabae75015dabafdd530000','ROLE','CONTROLLER','ff8080815cf2c98f015cf32079e40002'), ('ff8080815dabb83a015dabc426110016','0','ff8080815dabae75015dabafdd530000','ROLE','CONTROLLER','402852425cf2ca55015cf69abc47000b'), ('ff8080815dabb83a015dabc426130017','0','ff8080815dabae75015dabafdd530000','ROLE','CONTROLLER','ff8080815cf2cab1015cf2d6e4c10000'), ('ff8080815dabb83a015dabc426150018','0','ff8080815dabae75015dabafdd530000','ROLE','CONTROLLER','ff8080815cf2c98f015cf69a9550000d'), ('ff8080815dabb83a015dabc426170019','0','ff8080815dabae75015dabafdd530000','ROLE','CONTROLLER','ff8080815cf2cab1015cf69b605e0010'), ('ff8080815dabb83a015dabc4261a001a','0','ff8080815dabae75015dabafdd530000','ROLE','CONTROLLER','ff8080815d3b03ad015da84c30f80005'), ('ff8080815dabb83a015dabc43556001c','0','ff8080815dabae75015dabafdd530000','ROLE','CONTROLLER','ff8080815cf2c98f015cf69a1a15000c'), ('ff8080815dabb83a015dabc43558001d','0','ff8080815dabae75015dabafdd530000','ROLE','CONTROLLER','ff8080815cf2cab1015cf69ae864000f'), ('ff8080815dabb83a015dabc43d68001f','0','ff8080815dabae75015dabafdd530000','ROLE','CONTROLLER','ff8080815cf2c98f015cf699c57a000b'), ('ff8080815dabb83a015dabc43d6c0020','0','ff8080815dabae75015dabafdd530000','ROLE','CONTROLLER','ff8080815d418e56015dad722cb2000d'), ('ff8080815de518ff015de872225f0000','0','40285242596c861201596ca9bda60000','USER','MENU','ff8080815d418e56015dcf10a1d50049'), ('ff8080815e131623015e1323018c0000','0','297e06725a081427015a08147f3a0001','ORG','CONTROLLER','ff8080815cf2c98f015cf69b47e1000e'), ('ff8080815e329e13015e37b521060007','0','ff8080815e37cf57015e3ce2f6e60000','ROLE','MENU','ff8080815d418e56015dcf10a1d50049'), ('ff8080815e329e13015e37b66a7c000a','0','ff8080815e37cf57015e3ce2f6e60000','ROLE','CONTROLLER','ff8080815cf2cab1015cf68cf0ba0005'), ('ff8080815e329e13015e37b689b8000b','0','ff8080815e37cf57015e3ce2f6e60000','ROLE','CONTROLLER','ff8080815cf2cab1015cf68c94cf0004'), ('ff8080815e329e13015e37b6a75c000c','0','ff8080815e37cf57015e3ce2f6e60000','ROLE','CONTROLLER','402852425cf2ca55015cf693c9810001'), ('ff8080815e329e13015e37b6ab87000d','0','ff8080815e37cf57015e3ce2f6e60000','ROLE','CONTROLLER','402852425cf2ca55015cf69493430002'), ('ff8080815e329e13015e37b6bd2c000e','0','ff8080815e37cf57015e3ce2f6e60000','ROLE','CONTROLLER','ff8080815cf2c98f015cf693915c0005'), ('ff8080815e329e13015e37b6ea22000f','0','ff8080815e37cf57015e3ce2f6e60000','ROLE','CONTROLLER','402852425cf2ca55015cf6969b990005'), ('ff8080815e329e13015e37b6ec300010','0','ff8080815e37cf57015e3ce2f6e60000','ROLE','CONTROLLER','ff8080815cf2c98f015cf696786c0008'), ('ff8080815e329e13015e37b6f8400011','0','ff8080815e37cf57015e3ce2f6e60000','ROLE','CONTROLLER','ff8080815cf2cab1015cf696e56a0009');
INSERT INTO `UMS_ACL` VALUES ('ff8080815e329e13015e37b6fbb90012','0','ff8080815e37cf57015e3ce2f6e60000','ROLE','CONTROLLER','ff8080815cf2cab1015cf6974e40000a'), ('ff8080815e32a799015e37bee2360005','0','ff8080815e37cf57015e3ce2f6e60000','ROLE','MENU','ff80808159aa70380159b0cea5c40008'), ('ff8080815e32a799015e37bf1bb60006','0','ff8080815e37cf57015e3ce2f6e60000','ROLE','MENU','4028524259aa70650159b0cfb0d20005'), ('ff8080815e32a799015e37bfbf560007','0','ff8080815e37cf57015e3ce2f6e60000','ROLE','CONTROLLER','ff8080815cf2c98f015cf69170c90003'), ('ff8080815e32a799015e37c02af80008','0','ff8080815e37cf57015e3ce2f6e60000','ROLE','CONTROLLER','ff8080815cf2cab1015cf69370f00007'), ('ff8080815e32a799015e37c043640009','0','ff8080815e37cf57015e3ce2f6e60000','ROLE','CONTROLLER','ff8080815cf2cab1015cf68f1efa0006'), ('ff8080815e32a799015e37c0623d000a','0','ff8080815e37cf57015e3ce2f6e60000','ROLE','CONTROLLER','ff8080815cf2c98f015cf694bac40006'), ('ff8080815e32a799015e37c06589000b','0','ff8080815e37cf57015e3ce2f6e60000','ROLE','CONTROLLER','ff8080815cf2c98f015cf694e6410007'), ('ff8080815e32a799015e37c09118000c','0','ff8080815e37cf57015e3ce2f6e60000','ROLE','CONTROLLER','402852425cf2ca55015cf69616740004'), ('ff8080815e32a799015e37c0a799000d','0','ff8080815e37cf57015e3ce2f6e60000','ROLE','CONTROLLER','ff8080815cf2c98f015cf696c4230009'), ('ff8080815e37cf57015e3ce42d840007','0','ff8080815e37cf57015e3ce2f6e60000','ROLE','MENU','4028524259aa70650159b0aa870d0003'), ('ff8080815e37cf57015e3ce4416e0008','0','ff8080815e37cf57015e3ce2f6e60000','ROLE','MENU','ff80808159aa70380159b0ce8d010007'), ('ff8080815e37cf57015e3ce44d600009','0','ff8080815e37cf57015e3ce2f6e60000','ROLE','MENU','ff80808159aa70380159b0cfa0a50009'), ('ff8080815e37cf57015e3ce5bfca000b','0','ff8080815e37cf57015e3ce2f6e60000','ROLE','CONTROLLER','402852425cf2ca55015cf6950b330003'), ('ff8080815e37cf57015e3ce5c3ef000c','0','ff8080815e37cf57015e3ce2f6e60000','ROLE','CONTROLLER','ff8080815cf2cab1015cf6963e070008'), ('ff8080815e37cf57015e3ce60754000d','0','ff8080815e37cf57015e3ce2f6e60000','ROLE','CONTROLLER','ff8080815cf2cab1015cf697e04d000b'), ('ff8080815e5056e8015e506636a20001','0','ff8080815e50f8d6015e51a361870028','ORGROLE','MENU','ff80808159aa70380159b0cea5c40008'), ('ff8080815e5056e8015e5066689f0002','0','ff8080815e50f8d6015e51a361870028','ORGROLE','CONTROLLER','ff8080815cf2cab1015cf68cf0ba0005'), ('ff8080815e5056e8015e506680cf0003','0','ff8080815e50f8d6015e51a361870028','ORGROLE','CONTROLLER','ff8080815cf2cab1015cf69370f00007'), ('ff8080815e5056e8015e5066980c0004','0','ff8080815e50f8d6015e51a361870028','ORGROLE','CONTROLLER','ff8080815cf2c98f015cf694bac40006'), ('ff8080815e5056e8015e5066a9ec0005','0','ff8080815e50f8d6015e51a361870028','ORGROLE','CONTROLLER','ff8080815cf2cab1015cf6974e40000a'), ('ff8080815e506067015e506fde0b0000','0','ff8080815e50f8d6015e51a361870028','ORGROLE','MENU','ff8080815e4bc997015e4be164780000'), ('ff8080815e506067015e507038630001','0','ff8080815e50f8d6015e51a361870028','ORGROLE','CONTROLLER','402852425cf2ca55015cf69493430002'), ('ff8080815e506067015e50703a040002','0','ff8080815e50f8d6015e51a361870028','ORGROLE','CONTROLLER','ff8080815cf2cab1015cf6963e070008'), ('ff8080815e506067015e50703ce00003','0','ff8080815e50f8d6015e51a361870028','ORGROLE','CONTROLLER','ff8080815cf2c98f015cf694e6410007'), ('ff8080815e506067015e5070433d0004','0','ff8080815e50f8d6015e51a361870028','ORGROLE','CONTROLLER','402852425cf2ca55015cf69616740004'), ('ff8080815e506067015e507045070005','0','ff8080815e50f8d6015e51a361870028','ORGROLE','CONTROLLER','402852425cf2ca55015cf6969b990005'), ('ff8080815e506067015e507046890006','0','ff8080815e50f8d6015e51a361870028','ORGROLE','CONTROLLER','ff8080815cf2c98f015cf696786c0008'), ('ff8080815e558622015e55953bb70000','0','ff8080815e50f8d6015e51a361870028','ORGROLE','MENU','4028524259aa70650159b0aa870d0003'), ('ff8080815e558622015e55953dfa0001','0','ff8080815e50f8d6015e51a361870028','ORGROLE','MENU','ff8080815d418e56015dcf10a1d50049'), ('ff8080815e558622015e559546830002','0','ff8080815e50f8d6015e51a361870028','ORGROLE','MENU','ff80808159aa70380159b0ce8d010007'), ('ff8080815e558622015e55954a200003','0','ff8080815e50f8d6015e51a361870028','ORGROLE','MENU','ff80808159aa70380159b0cfa0a50009'), ('ff8080815e558622015e559573440006','0','ff8080815e50f8d6015e51a361870028','ORGROLE','CONTROLLER','ff8080815cf2c98f015cf69170c90003'), ('ff8080815e558622015e5595976f0007','0','ff8080815e50f8d6015e51a361870028','ORGROLE','CONTROLLER','ff8080815cf2cab1015cf68c94cf0004'), ('ff8080815e558622015e559599530008','0','ff8080815e50f8d6015e51a361870028','ORGROLE','CONTROLLER','ff8080815cf2cab1015cf68f1efa0006'), ('ff8080815e558622015e5595a3fa0009','0','ff8080815e50f8d6015e51a361870028','ORGROLE','CONTROLLER','402852425cf2ca55015cf693c9810001'), ('ff8080815e558622015e5595a6f5000a','0','ff8080815e50f8d6015e51a361870028','ORGROLE','CONTROLLER','402852425cf2ca55015cf6950b330003'), ('ff8080815e558622015e5595ac52000b','0','ff8080815e50f8d6015e51a361870028','ORGROLE','CONTROLLER','ff8080815cf2c98f015cf693915c0005'), ('ff8080815e558622015e5595b691000c','0','ff8080815e50f8d6015e51a361870028','ORGROLE','CONTROLLER','ff8080815cf2cab1015cf697e04d000b'), ('ff8080815e558622015e5595b7bb000d','0','ff8080815e50f8d6015e51a361870028','ORGROLE','CONTROLLER','ff8080815cf2cab1015cf696e56a0009'), ('ff8080815e558622015e5595bccf000e','0','ff8080815e50f8d6015e51a361870028','ORGROLE','CONTROLLER','ff8080815cf2c98f015cf696c4230009'), ('ff8080815e558e3b015e55b961020007','0','ff8080815e50f8d6015e51a361870028','ORGROLE','MENU','ff8080815e50cf72015e50ea208f0000'), ('ff8080815e564d87015e565b7a100000','0','ff8080815e50f8d6015e51a2dd38001a','ROLE','MENU','ff80808159aa70380159b0ce42510006'), ('ff8080815e564d87015e565bc2820001','0','ff8080815e50f8d6015e51a2dd38001a','ROLE','CONTROLLER','ff8080815cf2cab1015cf69c1a280011'), ('ff8080815e564d87015e565c0d2c0003','0','ff8080815e50f8d6015e51a2dd38001a','ROLE','CONTROLLER','ff8080815cf2cab1015cf698a119000c'), ('ff8080815e564d87015e565c0e7e0004','0','ff8080815e50f8d6015e51a2dd38001a','ROLE','CONTROLLER','ff8080815cf2cab1015cf698e01f000d'), ('ff8080815e565700015e566599590000','0','ff8080815e50f8d6015e51a2dd38001a','ROLE','CONTROLLER','ff8080815cf7e8e7015cf7f7881a0000'), ('ff8080815e565700015e5665a8da0001','0','ff8080815e50f8d6015e51a2dd38001a','ROLE','CONTROLLER','402852425cf2ca55015cf697748a0006'), ('ff8080815e565700015e5665aa530002','0','ff8080815e50f8d6015e51a2dd38001a','ROLE','CONTROLLER','402852425cf2ca55015cf697ff600007'), ('ff8080815e5b7cc2015e5b8a7c170000','0','ff8080815e50f8d6015e51a2dd38001a','ROLE','MENU','4028524259aa70650159b0aa870d0003'), ('ff8080815e5b7cc2015e5b8aa1e70001','0','ff8080815e50f8d6015e51a2dd38001a','ROLE','MENU','4028524259aa70650159b0cec12e0004'), ('ff8080815e5b7cc2015e5b8aabab0002','0','ff8080815e50f8d6015e51a2dd38001a','ROLE','MENU','4028524259aa70650159b0cfb0d20005'), ('ff8080815e5b7cc2015e5b8ad15c0003','0','ff8080815e50f8d6015e51a2dd38001a','ROLE','CONTROLLER','ff8080815cf2c98f015cf69b47e1000e'), ('ff8080815e5b7cc2015e5b8b1bdc0006','0','ff8080815e50f8d6015e51a2dd38001a','ROLE','CONTROLLER','402852425cf2ca55015cf69849490008'), ('ff8080815e5b7cc2015e5b8b1d990007','0','ff8080815e50f8d6015e51a2dd38001a','ROLE','CONTROLLER','ff8080815cf2cab1015cf699754f000e'), ('ff8080815e5b7cc2015e5b8b24190008','0','ff8080815e50f8d6015e51a2dd38001a','ROLE','CONTROLLER','ff8080815cf2c98f015cf698226b000a'), ('ff8080815ebc0e28015f389665d40033','0','ff8080815ebc0e28015f0feba2ac001a','GROUP','CONTROLLER','402852425cf2ca55015cf6923a4b0000'), ('ff8080815ebc0e28015f389686c20034','0','ff8080815ebc0e28015f0feba2ac001a','GROUP','CONTROLLER','402852425cf2ca55015cf69493430002'), ('ff8080815ebc0e28015f38a11704003f','0','ff8080815ebc0e28015f0feba2ac001a','GROUP','CONTROLLER','402852425cf2ca55015cf69616740004'), ('ff8080815ebc0e28015f390be44b0041','0','ff8080815ebc0e28015f0feba2ac001a','GROUP','MENU','ff80808159aa70380159b0cea5c40008'), ('ff8080815ebc0e28015f52c349650042','0','ff8080815c62bb20015c62c4b5d30000','GROUP','CONTROLLER','ff8080815cf7e8e7015cf7f7881a0000'), ('ff8080815ebc0e28015f52c349680043','0','ff8080815c62bb20015c62c4b5d30000','GROUP','CONTROLLER','402852425cf2ca55015cf6950b330003'), ('ff8080815ebc0e28015f52c3496a0044','0','ff8080815c62bb20015c62c4b5d30000','GROUP','CONTROLLER','402852425cf2ca55015cf697ff600007'), ('ff8080815ebc0e28015f52c3496c0045','0','ff8080815c62bb20015c62c4b5d30000','GROUP','CONTROLLER','402852425cf2ca55015cf69616740004'), ('ff8080815ebc0e28015f52c3496e0046','0','ff8080815c62bb20015c62c4b5d30000','GROUP','CONTROLLER','402852425cf2ca55015cf697748a0006'), ('ff8080815ebc0e28015f52c349840047','0','ff8080815c62bb20015c62c4b5d30000','GROUP','CONTROLLER','402852425cf2ca55015cf69493430002'), ('ff8080815ebc0e28015f52c349860048','0','ff8080815c62bb20015c62c4b5d30000','GROUP','CONTROLLER','402852425cf2ca55015cf6969b990005'), ('ff8080815ebc0e28015f52c3498a0049','0','ff8080815c62bb20015c62c4b5d30000','GROUP','CONTROLLER','402852425cf2ca55015cf69849490008'), ('ff8080815ebc17e1015f389601cb0033','0','ff8080815c62bb20015c62c4b5d30000','GROUP','MENU','4028524259aa70650159b0aa870d0003'), ('ff8080815ebc17e1015f38a1a5a70034','0','ff8080815ebc0e28015f0feba2ac001a','GROUP','MENU','ff8080815d418e56015dcf10a1d50049'), ('ff8080815ebc17e1015f38aa73200038','0','ff8080815ebc0e28015f0feba2ac001a','GROUP','CONTROLLER','402852425cf2ca55015cf6950b330003'), ('ff8080815ebc17e1015f39153878003b','0','ff8080815ebc0e28015f0feba2ac001a','GROUP','CONTROLLER','402852425cf2ca55015cf6969b990005'), ('ff8080815ebc17e1015f51774cef003d','0','297e06725a081427015a08147e8e0000','ORG','MENU','ff8080815d418e56015dcf10a1d50049'), ('ff8080815ebc17e1015f52a6ef710040','0','ff8080815c62b387015c62c32a890002','GROUP','CONTROLLER','ff8080815cf7e8e7015cf7f7881a0000'), ('ff8080815ebc17e1015f52a6ef740041','0','ff8080815c62b387015c62c32a890002','GROUP','CONTROLLER','402852425cf2ca55015cf6950b330003'), ('ff8080815ebc17e1015f52a6ef760042','0','ff8080815c62b387015c62c32a890002','GROUP','CONTROLLER','402852425cf2ca55015cf697ff600007'), ('ff8080815ebc17e1015f52a6ef780043','0','ff8080815c62b387015c62c32a890002','GROUP','CONTROLLER','402852425cf2ca55015cf69616740004'), ('ff8080815ebc17e1015f52a6ef7a0044','0','ff8080815c62b387015c62c32a890002','GROUP','CONTROLLER','402852425cf2ca55015cf697748a0006'), ('ff8080815ebc17e1015f52a6ef7c0045','0','ff8080815c62b387015c62c32a890002','GROUP','CONTROLLER','402852425cf2ca55015cf69493430002'), ('ff8080815ebc17e1015f52a6ef7e0046','0','ff8080815c62b387015c62c32a890002','GROUP','CONTROLLER','402852425cf2ca55015cf6969b990005'), ('ff8080815ebc17e1015f52a6ef800047','0','ff8080815c62b387015c62c32a890002','GROUP','CONTROLLER','402852425cf2ca55015cf6923a4b0000'), ('ff8080815ebc17e1015f52a6ef820048','0','ff8080815c62b387015c62c32a890002','GROUP','CONTROLLER','402852425cf2ca55015cf69849490008'), ('ff8080815ebc17e1015f53de09990049','0','ff8080815c62bb20015c62c4b5d30000','GROUP','CONTROLLER','402852425cf2ca55015cf69abc47000b'), ('ff8080815ec13fed015f3dbbcbe8002e','0','ff8080815c62bb20015c62c4b5d30000','GROUP','CONTROLLER','402852425cf2ca55015cf6923a4b0000'), ('ff8080815ec13fed015f3dc594670031','0','ff8080815ebc0e28015f0feba2ac001a','GROUP','CONTROLLER','ff8080815cf7e8e7015cf7f7881a0000'), ('ff8080815ec13fed015f3e3afc0d0039','0','ff8080815ebc0e28015f0feba2ac001a','GROUP','CONTROLLER','402852425cf2ca55015cf697748a0006'), ('ff8080815ec13fed015f3e3afcee003a','0','ff8080815ebc0e28015f0feba2ac001a','GROUP','CONTROLLER','402852425cf2ca55015cf697ff600007'), ('ff8080815ec13fed015f3e3b031c003b','0','ff8080815ebc0e28015f0feba2ac001a','GROUP','MENU','ff80808159aa70380159b0cfa0a50009'), ('ff8080815ec13fed015f57ceec82003d','0','ff8080815c62b387015c62c32a890002','GROUP','CONTROLLER','402852425cf2ca55015cf6991adb0009'), ('ff8080815f719cb4015f72b71e820000',NULL,'297e06725a081427015a08147e8e0000','ORG','MENU','4028524259aa70650159b0aa870d0003'), ('ff8080815f72d4d4015f7517db1e0000','-1','297e06725a081427015a08147e8e0000','ORG','MENU','ff80808159aa70380159b0ce42510006'), ('ff8080815f72d4d4015f7531672b0001','-1','297e06725a081427015a08147f3a0001','ORG','CONTROLLER',NULL), ('ff8080815f72ddfa015f753aeeb80000','-1','297e06725a081427015a08147f3a0001','ORG','CONTROLLER',NULL), ('ff8080815f75b141015f75c07e630000','0','297e06725a081427015a08147e8e0000','ORG','MENU','ff80808159aa70380159b0cea5c40008'), ('ff8080815f78041c015f7a4776180000','-1','297e06725a081427015a08147e8e0000','ORG','MENU','ff80808159aa70380159b0ce8d010007'), ('ff8080815fd7746f015fd8810f680005','-1',NULL,'USER','MENU','ff80808159aa70380159b0ce8d010007'), ('ff8080815fd7746f015fd8827fb30007','-1',NULL,'USER','MENU','ff80808159aa70380159b0cea5c40008'), ('ff8080815fd77d72015fd88a08910003','-1',NULL,'USER','MENU','ff8080815d418e56015dcf10a1d50049'), ('ff8080815fd77d72015fd88b54830004','-1',NULL,'USER','MENU','ff8080815d418e56015dcf10a1d50049'), ('ff8080815fd77d72015fd88c63b10005','-1',NULL,'USER','MENU','ff8080815d418e56015dcf10a1d50049');
INSERT INTO `UMS_APPLICATION` VALUES ('ff80808159aa70380159af77e1aa0002','SIMBA系统管理平台','SIMBA系统管理平台','simba admin',NULL,'192.168.210.192:8000'), ('ff8080815ab103ed015adb6e921c0001','报表系统测试别删','RJ报表管理平台4','RJ-Report',NULL,'http://192.168.210.199:3000');
INSERT INTO `UMS_CONTROLLER_OPER` VALUES ('402882945991f9b6015991fa71b10001','aaa',NULL,NULL,NULL,NULL), ('402882945991f9b6015991fa96f90002','bbb',NULL,NULL,NULL,NULL), ('402882945991f9b6015991fa97550003','ccc',NULL,NULL,NULL,NULL), ('402882945991fd06015991fd63b90001','aaa',NULL,NULL,NULL,NULL), ('402882945991fd06015991fd64220002','bbb',NULL,NULL,NULL,NULL), ('402882945991fd06015991fd64760003','ccc',NULL,NULL,NULL,NULL);
INSERT INTO `UMS_CONTROLLER_RESOURCES` VALUES ('402852425cf2ca55015cf6923a4b0000','新增机构',NULL,'org add','/api/org/add','1','ff80808159aa70380159af77e1aa0002',NULL,'ff80808159aa70380159b0ce8d010007'), ('402852425cf2ca55015cf693c9810001','部门授权（请求）',NULL,'group auth controller','/api/group/auth/addControllerResource','1','ff80808159aa70380159af77e1aa0002',NULL,'ff80808159aa70380159b0cea5c40008'), ('402852425cf2ca55015cf69493430002','为部门分配用户',NULL,'group assignUser','/api/group/assignUser','1','ff80808159aa70380159af77e1aa0002',NULL,'ff80808159aa70380159b0cea5c40008'), ('402852425cf2ca55015cf6950b330003','更新部门',NULL,'group update','/api/group/update','1','ff80808159aa70380159af77e1aa0002',NULL,'ff80808159aa70380159b0cea5c40008'), ('402852425cf2ca55015cf69616740004','职位授权（请求）',NULL,'position auth controller','/api/position/auth/addControllerResource','1','ff80808159aa70380159af77e1aa0002',NULL,'ff80808159aa70380159b0cfa0a50009'), ('402852425cf2ca55015cf6969b990005','新增职位',NULL,'position add','/api/position/add','1','ff80808159aa70380159af77e1aa0002',NULL,'ff80808159aa70380159b0cfa0a50009'), ('402852425cf2ca55015cf697748a0006','角色授权（菜单）',NULL,'role auth menu','/api/role/auth/addMenu','1','ff80808159aa70380159af77e1aa0002',NULL,'4028524259aa70650159b0cec12e0004'), ('402852425cf2ca55015cf697ff600007','为角色剔除用户',NULL,'role unassignUser','/api/role/unassignUser','1','ff80808159aa70380159af77e1aa0002',NULL,'4028524259aa70650159b0cec12e0004'), ('402852425cf2ca55015cf69849490008','更新角色',NULL,'role update','/api/role/update','1','ff80808159aa70380159af77e1aa0002',NULL,'4028524259aa70650159b0cec12e0004'), ('402852425cf2ca55015cf6991adb0009','用户授权（菜单）',NULL,'user auth menu','/api/user/auth/addMenu','1','ff80808159aa70380159af77e1aa0002',NULL,'4028524259aa70650159b0cfb0d20005'), ('402852425cf2ca55015cf69947a9000a','用户授权（请求）',NULL,'user auth controller','/api/user/auth/addControllerResource','1','ff80808159aa70380159af77e1aa0002',NULL,'4028524259aa70650159b0cfb0d20005'), ('402852425cf2ca55015cf69abc47000b','删除请求资源',NULL,'controllerResource delete','/api/controllerResource/delete','1','ff80808159aa70380159af77e1aa0002',NULL,'ff80808159aa70620159b0d033fd0007'), ('ff8080815c8033d8015c81cf7cc10001','获取应用系统列表',NULL,'findAppForPage','/api/app/findForPage','2','ff80808159aa70380159af77e1aa0002',NULL,'ff80808159aa70380159b0ce42510006'), ('ff8080815cf2c98f015cf69170c90003','为机构剔除用户',NULL,'org unassignUser','/api/org/unassignUser','1','ff80808159aa70380159af77e1aa0002',NULL,'ff80808159aa70380159b0ce8d010007'), ('ff8080815cf2c98f015cf69312bc0004','删除机构',NULL,'org delete','/api/org/delete','1','ff80808159aa70380159af77e1aa0002',NULL,'ff80808159aa70380159b0ce8d010007'), ('ff8080815cf2c98f015cf693915c0005','部门授权（菜单）',NULL,'group auth menu','/api/group/auth/addMenu','1','ff80808159aa70380159af77e1aa0002',NULL,'ff80808159aa70380159b0cea5c40008'), ('ff8080815cf2c98f015cf694bac40006','为部门剔除用户',NULL,'group unassignUser','/api/group/unassignUser','1','ff80808159aa70380159af77e1aa0002',NULL,'ff80808159aa70380159b0cea5c40008'), ('ff8080815cf2c98f015cf694e6410007','新增部门',NULL,'group add','/api/group/add','1','ff80808159aa70380159af77e1aa0002',NULL,'ff80808159aa70380159b0cea5c40008'), ('ff8080815cf2c98f015cf696786c0008','为职位剔除用户',NULL,'position unassignUser','/api/position/unassignUser','1','ff80808159aa70380159af77e1aa0002',NULL,'ff80808159aa70380159b0cfa0a50009'), ('ff8080815cf2c98f015cf696c4230009','更新职位',NULL,'position update','/api/position/update','1','ff80808159aa70380159af77e1aa0002',NULL,'ff80808159aa70380159b0cfa0a50009'), ('ff8080815cf2c98f015cf698226b000a','新增角色',NULL,'role add','/api/role/add','1','ff80808159aa70380159af77e1aa0002',NULL,'4028524259aa70650159b0cec12e0004'), ('ff8080815cf2c98f015cf699c57a000b','新增菜单资源',NULL,'menuResource add','/api/menuResource/add','1','ff80808159aa70380159af77e1aa0002',NULL,'4028524259aa70650159b0cfe7870006'), ('ff8080815cf2c98f015cf69a1a15000c','删除菜单资源',NULL,'menuResource delete','/api/menuResource/delete','1','ff80808159aa70380159af77e1aa0002',NULL,'4028524259aa70650159b0cfe7870006'), ('ff8080815cf2c98f015cf69a9550000d','更新请求资源',NULL,'controllerResource update','/api/controllerResource/update','1','ff80808159aa70380159af77e1aa0002',NULL,'ff80808159aa70620159b0d033fd0007'), ('ff8080815cf2c98f015cf69b47e1000e','更新应用系统',NULL,'app update','/api/app/update','1','ff80808159aa70380159af77e1aa0002',NULL,'ff80808159aa70380159b0ce42510006'), ('ff8080815cf2cab1015cf68c94cf0004','机构授权（菜单）',NULL,'org auth menu','/api/org/auth/addMenu','1','ff80808159aa70380159af77e1aa0002',NULL,'ff80808159aa70380159b0ce8d010007'), ('ff8080815cf2cab1015cf68cf0ba0005','机构授权（请求）',NULL,'org auth controller','/api/org/auth/addControllerResource','1','ff80808159aa70380159af77e1aa0002',NULL,'ff80808159aa70380159b0ce8d010007'), ('ff8080815cf2cab1015cf68f1efa0006','为机构分配用户',NULL,'org assignUser','/api/org/assignUser','1','ff80808159aa70380159af77e1aa0002',NULL,'ff80808159aa70380159b0ce8d010007'), ('ff8080815cf2cab1015cf69370f00007','更新机构',NULL,'org update','/api/org/update','1','ff80808159aa70380159af77e1aa0002',NULL,'ff80808159aa70380159b0ce8d010007'), ('ff8080815cf2cab1015cf6963e070008','删除部门',NULL,'group delete','/api/group/delete','1','ff80808159aa70380159af77e1aa0002',NULL,'ff80808159aa70380159b0cea5c40008'), ('ff8080815cf2cab1015cf696e56a0009','职位授权（菜单）',NULL,'position auth menu','/api/position/auth/addMenu','1','ff80808159aa70380159af77e1aa0002',NULL,'ff80808159aa70380159b0cfa0a50009'), ('ff8080815cf2cab1015cf6974e40000a','为职位分配用户',NULL,'position assignUser','/api/position/assignUser','1','ff80808159aa70380159af77e1aa0002',NULL,'ff80808159aa70380159b0cfa0a50009'), ('ff8080815cf2cab1015cf697e04d000b','删除职位',NULL,'position delete','/api/position/delete','1','ff80808159aa70380159af77e1aa0002',NULL,'ff80808159aa70380159b0cfa0a50009'), ('ff8080815cf2cab1015cf698a119000c','角色授权（请求）',NULL,'role auth controller','/api/role/auth/addControllerResource','1','ff80808159aa70380159af77e1aa0002',NULL,'4028524259aa70650159b0cec12e0004'), ('ff8080815cf2cab1015cf698e01f000d','为角色分配用户',NULL,'role assignUser','/api/role/assignUser','1','ff80808159aa70380159af77e1aa0002',NULL,'4028524259aa70650159b0cec12e0004'), ('ff8080815cf2cab1015cf699754f000e','删除角色',NULL,'role delete','/api/role/delete','1','ff80808159aa70380159af77e1aa0002',NULL,'4028524259aa70650159b0cec12e0004'), ('ff8080815cf2cab1015cf69ae864000f','更新菜单资源',NULL,'menuResource update','/api/menuResource/update','1','ff80808159aa70380159af77e1aa0002',NULL,'4028524259aa70650159b0cfe7870006'), ('ff8080815cf2cab1015cf69b605e0010','新增请求资源',NULL,'controllerResource add','/api/controllerResource/add','1','ff80808159aa70380159af77e1aa0002',NULL,'ff80808159aa70620159b0d033fd0007'), ('ff8080815cf2cab1015cf69c1a280011','新增应用系统',NULL,'app add','/api/app/add','1','ff80808159aa70380159af77e1aa0002',NULL,'ff80808159aa70380159b0ce42510006'), ('ff8080815cf2cab1015cf69c62050012','删除应用系统',NULL,'app delete','/api/app/delete','1','ff80808159aa70380159af77e1aa0002',NULL,'ff80808159aa70380159b0ce42510006'), ('ff8080815cf7e8e7015cf7f7881a0000','重置用户密码',NULL,'user reset password','/api/user/resetPassword','1','ff80808159aa70380159af77e1aa0002',NULL,'4028524259aa70650159b0cfb0d20005'), ('ff8080815e5683d0015e569fc01c0000','删除用户',NULL,'delete user','/api/user/delete','1','ff80808159aa70380159af77e1aa0002',NULL,'4028524259aa70650159b0cfb0d20005'), ('ff8080815ebc0e28015f371de7db0028','123123','1','123123213','123213123','1','ff8080815ab103ed015adb6e921c0001',NULL,NULL), ('ff8080815f9ebf3f015fa4c905f6000b','新增角色','3','add orgRole','/api/orgRole/add','2','ff80808159aa70380159af77e1aa0002',NULL,'ff8080815e4bc997015e4be164780000'), ('ff8080815f9ebf3f015fa4cb1f98000c','是否禁用角色','6','updAvailable orgRole','/api/orgRole/updAvailable','2','ff80808159aa70380159af77e1aa0002',NULL,'ff8080815e4bc997015e4be164780000'), ('ff8080815f9ec85a015fa4d31322000e','删除角色','5','delete orgRole','/api/orgRole/delete','2','ff80808159aa70380159af77e1aa0002',NULL,'ff8080815e4bc997015e4be164780000'), ('ff8080815f9ec85a015fa4d581ba0010','获取角色信息（根据机构ID）','7','orgRoleByOrg','/api/orgRole/findByOrg','1','ff80808159aa70380159af77e1aa0002',NULL,'ff8080815e4bc997015e4be164780000'), ('ff8080815f9ec85a015fa4d69c070011','获取数据字典列表（分页）','1','dictPage','/api/dict/findForPage','2','ff80808159aa70380159af77e1aa0002',NULL,'ff8080815f956c06015f95cd0be90001'), ('ff8080815f9ec85a015fa4d892850013','是否禁用数据字典','5','updAvailable dict','/api/dict/updAvailable','2','ff80808159aa70380159af77e1aa0002',NULL,'ff8080815f956c06015f95cd0be90001'), ('ff8080815f9ec85a015fa4dace250017','新增数据字典类型','3','add dictType','/api/dictType/add','2','ff80808159aa70380159af77e1aa0002',NULL,'ff8080815f9ec85a015fa3f1dea40005'), ('ff8080815f9ec85a015fa4db94200019','删除数据字典类型','5','delete dictType','/api/dictType/delete','2','ff80808159aa70380159af77e1aa0002',NULL,'ff8080815f9ec85a015fa3f1dea40005'), ('ff8080815f9ec85a015fa4dc1c1d001a','是否禁用数据字典类型','6','updAvailable dictType','/api/dictType/updAvailable','2','ff80808159aa70380159af77e1aa0002',NULL,'ff8080815f9ec85a015fa3f1dea40005'), ('ff8080815fa3ee8c015fa9ed106a000e','获取角色列表（分页）','1','orgRolePage','/api/orgRole/findForPage','2','ff80808159aa70380159af77e1aa0002',NULL,'ff8080815e4bc997015e4be164780000'), ('ff8080815fa3ee8c015fa9ee30c00011','获取角色信息（根据ID）','2','orgRoleById','/api/orgRole/findById','2','ff80808159aa70380159af77e1aa0002',NULL,'ff8080815e4bc997015e4be164780000'), ('ff8080815fa3ee8c015fa9f88a720014','更新角色','4','update orgRole','/api/orgRole/update','2','ff80808159aa70380159af77e1aa0002',NULL,'ff8080815e4bc997015e4be164780000'), ('ff8080815fa3ee8c015fa9fd0835001a','新增数据字典','2','add dict','/api/dict/add','2','ff80808159aa70380159af77e1aa0002',NULL,'ff8080815f956c06015f95cd0be90001'), ('ff8080815fa3ee8c015fa9fd84d7001b','更新数据字典','3','update dict','/api/dict/update','2','ff80808159aa70380159af77e1aa0002',NULL,'ff8080815f956c06015f95cd0be90001'), ('ff8080815fa3ee8c015fa9fdd596001d','删除数据字典','4','delete dict','/api/dict/delete','2','ff80808159aa70380159af77e1aa0002',NULL,'ff8080815f956c06015f95cd0be90001'), ('ff8080815fa3ee8c015fa9ff55340020','获取数据字典类型（分页）','1','dictTypePage','/api/dictType/findForPage','2','ff80808159aa70380159af77e1aa0002',NULL,'ff8080815f9ec85a015fa3f1dea40005'), ('ff8080815fa3ee8c015faa0058080022','获取数据字典列表（选择）','2','dictTypeSelect','/api/dictType/findForSelect','2','ff80808159aa70380159af77e1aa0002',NULL,'ff8080815f9ec85a015fa3f1dea40005'), ('ff8080815fa3ee8c015faa0112ed0024','更新数据字典类型','4','update dictType','/api/dictType/update','2','ff80808159aa70380159af77e1aa0002',NULL,'ff8080815f9ec85a015fa3f1dea40005');
INSERT INTO `UMS_DEPARTMENT` VALUES ('ff8080815c62b387015c62c32a890002','部门描述','1','wwwwww','297e06725a081427015a08147e8e0000',NULL), ('ff8080815c62bb20015c62c4b5d30000','123','1','12323432432432423434','297e06725a081427015a08147f3a0001',NULL), ('ff8080815ebc0e28015f0feba2ac001a','sadfsdf','1','sdfsdf','297e06725a081427015a08147e8e0000',NULL);
INSERT INTO `UMS_DICTIONARY_ITEM` VALUES ('ff8080815f9562eb015f95ce49cd0001','2','2','2','2.000000000000000000000000000000',NULL), ('ff8080815f9a9237015f9e50b63f0001','123','123','1','123.000000000000000000000000000000',NULL), ('ff8080815f9ebf3f015fa40061b60007','100000000','123123123','1','123123.000000000000000000000000000000','4028524d5f9a83d6015f9a841c9b0001');
INSERT INTO `UMS_DICTIONARY_TYPE` VALUES ('4028524d5f9a83d6015f9a841c9b0001','A1','代码1','1','代码描述1'), ('ff8080815f9ec85a015fa4018a7e0006','123123','123123','1','123123'), ('ff8080815fa3ee8c015fa92783e30007','123123123sdfdsfsda','3123123123','1','12312312321');
INSERT INTO `UMS_LOG` VALUES ('40283d816010026f0160100344e70000','simba admin','/uums/api/user/login','Chrome-60.0.3112.113','13819',NULL,'127.0.0.1','2','1','用户登录：用户名【root】、记住密码【是】','用户登录','2','Windows','2017-12-01 10:58:42',NULL,'root'), ('40283d816010026f0160100382d00001','simba admin','/uums/api/user/login','Chrome-60.0.3112.113','34',NULL,'127.0.0.1','2','1','用户登录：用户名【root】、记住密码【是】','用户登录','2','Windows','2017-12-01 10:59:13',NULL,'root'), ('40283d816010026f0160101eb81d0002','simba admin','/uums/api/user/login','Chrome-60.0.3112.113','1766972',NULL,'127.0.0.1','2','1','用户登录：用户名【root】、记住密码【是】','用户登录','2','Windows','2017-12-01 10:59:29',NULL,'root'), ('40283d816010026f016010215f3e0003','simba admin','/uums/api/user/login','Chrome-60.0.3112.113','22481',NULL,'127.0.0.1','2','1','用户登录：用户名【root】、记住密码【是】','用户登录','1','Windows','2017-12-01 11:31:28',NULL,'root'), ('40283d816010026f0160102889670004','simba admin','/uums/api/user/login','Chrome-60.0.3112.113','1571',NULL,'127.0.0.1','2','1','用户登录：用户名【root】、记住密码【是】','用户登录','1','Windows','2017-12-01 11:39:38',NULL,'root'), ('40283d8160105f5b016010610a9e0000','simba admin','/uums/api/user/login','Chrome-60.0.3112.113','38732',NULL,'127.0.0.1','2','1','用户登录：用户名【root】、记住密码【是】','用户登录','1','Windows','2017-12-01 12:40:44',NULL,'root'), ('40283d816033c446016033f1a00f0000','simba admin','/uums/api/user/login','Chrome-60.0.3112.113','22293',NULL,'127.0.0.1','2','1','用户登录：用户名【root】、记住密码【是】','用户登录','1','Windows','2017-12-08 10:25:38',NULL,'root'), ('40283d816033c446016033f5d4350001','simba admin','/uums/api/user/login','Chrome-60.0.3112.113','112',NULL,'127.0.0.1','2','1','用户登录：用户名【root】、记住密码【否】','用户登录','1','Windows','2017-12-08 10:30:36',NULL,'root'), ('40283d816033c446016033f5ebbd0002',NULL,'/uums/api/user/logout','Chrome-60.0.3112.113','23',NULL,'127.0.0.1','2','5','用户登出：用户名【root】、令牌【TmXSp7ystLgdSi1geG2h6mE/IVLAMJgpkqh5PG2ozf6ABnqRphI7LgXfmZqMjQyudxa5o1WqrCGrBdjPjSEFzgpCuw6N631DIov6An1kBzKIdToPlMD60LnwCFK5IWWegXHGm+tgm46CWgycsLRVrFlkBJL2LAZ2JgCQf7NBib0=】','用户登出','1','Windows','2017-12-08 10:30:42',NULL,'root'), ('40283d816033c446016033f5f1cb0003','simba admin','/uums/api/user/login','Chrome-60.0.3112.113','106',NULL,'127.0.0.1','2','1','用户登录：用户名【admin】、记住密码【否】','用户登录','2','Windows','2017-12-08 10:30:44',NULL,'admin'), ('40283d816033c446016033f6123b0004','simba admin','/uums/api/user/login','Chrome-60.0.3112.113','73',NULL,'127.0.0.1','2','1','用户登录：用户名【root】、记住密码【否】','用户登录','1','Windows','2017-12-08 10:30:52',NULL,'root'), ('40283d816033c446016033f66dbf0005',NULL,'/uums/api/user/logout','Chrome-60.0.3112.113','12',NULL,'127.0.0.1','2','5','用户登出：用户名【root】、令牌【GMZ17HuCXfxoTFRjbONLSsbrYsPOyBQRznOcNT7kVd9J09Dy5fkWX6cVlKNzD1czx3sQNZhPgzNPgmY/ZrN+3fcIQt6HmWAC2VOU9NsybEVC36vQMEU4v9zAxSbMNJSyEVxAiJAxOGpXWDFvbp0SITE/tVpAlJSiSMVBMN75gH4=】','用户登出','1','Windows','2017-12-08 10:31:16',NULL,'root'), ('40283d816033c446016033f686310006','simba admin','/uums/api/user/login','Chrome-60.0.3112.113','109',NULL,'127.0.0.1','2','1','用户登录：用户名【root】、记住密码【否】','用户登录','1','Windows','2017-12-08 10:31:22',NULL,'root'), ('40283d816033c446016033fcbca30007','simba admin','/uums/api/user/login','Chrome-55.0.2883.87','105',NULL,'127.0.0.1','2','1','用户登录：用户名【root】、记住密码【否】','用户登录','1','Windows','2017-12-08 10:38:09',NULL,'root'), ('40283d816033c4460160342dd5d10008','simba admin','/uums/api/user/login','Chrome-60.0.3112.113','97',NULL,'127.0.0.1','2','1','用户登录：用户名【root】、记住密码【是】','用户登录','1','Windows','2017-12-08 11:31:47',NULL,'root'), ('40283d8160349788016034dd816e0000','simba admin','/uums/api/user/login','Chrome-55.0.2883.87','15004',NULL,'127.0.0.1','2','1','用户登录：用户名【root】、记住密码【否】','用户登录','1','Windows','2017-12-08 14:43:21',NULL,'root'), ('40283d8160349788016034dda8820001','simba admin','/uums/api/user/login','Chrome-55.0.2883.87','257',NULL,'127.0.0.1','2','1','用户登录：用户名【root】、记住密码【否】','用户登录','1','Windows','2017-12-08 14:43:49',NULL,'root'), ('40283d816034978801603538cba30002','simba admin','/uums/api/user/login','Chrome-55.0.2883.87','91',NULL,'127.0.0.1','2','1','用户登录：用户名【root】、记住密码【否】','用户登录','1','Windows','2017-12-08 16:23:22',NULL,'root'), ('40283d81603497880160356833730003','simba admin',NULL,'Chrome-55.0.2883.87','1289','/api/department/update.do','127.0.0.1','2','4','更新部门->【ID：ff8080815c62b387015c62c32a890002，名称：wwwwww，描述：描述描述描述描述描述描述描述描述，所属机构：297e06725a081427015a08147e8e0000】',NULL,'1','Windows','2017-12-08 17:15:08','0','root'), ('40283d8160349788016035687f200004','simba admin',NULL,'Chrome-55.0.2883.87','81','/api/department/update.do','127.0.0.1','2','4','更新部门->【ID：ff8080815c62b387015c62c32a890002，名称：wwwwww，描述：部门描述，所属机构：297e06725a081427015a08147e8e0000】',NULL,'1','Windows','2017-12-08 17:15:28','0','root'), ('40283d816034978801603572615c0005','simba admin','/uums/api/user/login','Chrome-55.0.2883.87','230',NULL,'127.0.0.1','2','1','用户登录：用户名【root】、记住密码【否】','用户登录','1','Windows','2017-12-08 17:26:16',NULL,'root'), ('40283d81604018ca0160401f7a5e0000','simba admin','/uums/api/user/login','Chrome-55.0.2883.87','2303',NULL,'127.0.0.1','2','1','用户登录：用户名【root】、记住密码【否】','用户登录','2','Windows','2017-12-10 19:11:30',NULL,'root'), ('40283d81604018ca0160401fb39c0001','simba admin','/uums/api/user/login','Chrome-55.0.2883.87','273',NULL,'127.0.0.1','2','1','用户登录：用户名【root】、记住密码【否】','用户登录','1','Windows','2017-12-10 19:11:46',NULL,'root'), ('40283d81604018ca016040206a600002',NULL,'/uums/api/user/logout','Chrome-60.0.3112.113','55',NULL,'127.0.0.1','2','5','用户登出：用户名【null】、令牌【null】','用户登出','1','Windows','2017-12-10 19:12:34',NULL,NULL), ('40283d81604018ca016040208fd40003','simba admin','/uums/api/user/login','Chrome-60.0.3112.113','239',NULL,'127.0.0.1','2','1','用户登录：用户名【root】、记住密码【否】','用户登录','1','Windows','2017-12-10 19:12:43',NULL,'root'), ('40283d81604018ca0160403fe6a10004','simba admin','/uums/api/user/login','Chrome-60.0.3112.113','195',NULL,'127.0.0.1','2','1','用户登录：用户名【root】、记住密码【否】','用户登录','1','Windows','2017-12-10 19:46:57',NULL,'root'), ('40283d81604018ca0160405a01220005',NULL,'/uums/api/user/logout','Chrome-60.0.3112.113','207',NULL,'127.0.0.1','2','5','用户登出：用户名【root】、令牌【I/gg2IESovTnauXZsH/Fn5SmStAR5hEVZmpYNUwaCkQ/Un3yucD/F3Xsz5+ipA1WiHRoFWOxQToOMhaJAbS3pSa5SsO5XSnRrgs83IMeY0QkSiBU+fn4Jxl5e5uCUsx3muCt+O7/GsrCindYy0plB9gxT/cWHj2RMWgCxB8ro9k=】','用户登出','1','Windows','2017-12-10 20:15:28',NULL,'root'), ('40283d81604018ca0160405a01220006',NULL,'/uums/api/user/logout','Chrome-60.0.3112.113','207',NULL,'127.0.0.1','2','5','用户登出：用户名【root】、令牌【SRQ9vwbxmHcGNUK4GPB2x3XeNrd14HMIkw3AkBnaKRh6iHcFBZw11rJabriC27nKw0nsOCZqUpSxEnXnZB9BuKb9dsZ4Ad74v2s5C+ND/BF4Z1ix/qWJXvxrzE/mn6/aXzo2BGlydParntUCjIJFFg2PvFpuNBeRNyQGji1sSOc=】','用户登出','1','Windows','2017-12-10 20:15:28',NULL,'root'), ('40283d81604018ca0160405ab6a80007','simba admin','/uums/api/user/login','Chrome-55.0.2883.87','190',NULL,'127.0.0.1','2','1','用户登录：用户名【root】、记住密码【否】','用户登录','1','Windows','2017-12-10 20:16:14',NULL,'root'), ('40283d81604018ca01604066aaac0008','simba admin','/uums/api/user/login','Chrome-60.0.3112.113','1937',NULL,'127.0.0.1','2','1','用户登录：用户名【root】、记住密码【是】','用户登录','1','Windows','2017-12-10 20:29:16',NULL,'root'), ('40283d81604018ca0160409efbc70009',NULL,'/uums/api/user/logout','Chrome-55.0.2883.87','55',NULL,'127.0.0.1','2','5','用户登出：用户名【root】、令牌【Rcch2NyicyufSvhgwNNWD85Gk0giJQQc/7NqQSy9x7uKH2ycZVCs6bKoMnyzIe8HOiohdzCZg98WKB8Y2kE0irI1Ux0d5aJjrt+Uq7RLVAqE/0NS8JgM2QKXlG29yYc5VtFJIyY7aM2VHjE99WuPrTEsYw+lqVLLgboL1Sgv5N8=】','用户登出','1','Windows','2017-12-10 21:30:49',NULL,'root'), ('40283d81604018ca016040aeeef5000a','simba admin','/uums/api/user/login','Chrome-55.0.2883.87','231',NULL,'127.0.0.1','2','1','用户登录：用户名【root】、记住密码【否】','用户登录','1','Windows','2017-12-10 21:48:14',NULL,'root'), ('40283d81604018ca016040b0521b000b',NULL,'/uums/api/user/logout','Chrome-60.0.3112.113','55',NULL,'127.0.0.1','2','5','用户登出：用户名【null】、令牌【null】','用户登出','1','Windows','2017-12-10 21:49:45',NULL,NULL), ('40283d81604018ca016040b079e0000c','simba admin','/uums/api/user/login','Chrome-60.0.3112.113','236',NULL,'127.0.0.1','2','1','用户登录：用户名【root】、记住密码【是】','用户登录','1','Windows','2017-12-10 21:49:55',NULL,'root'), ('40283d816040d90a016040dbcf250000','simba admin','/uums/api/user/login','Chrome-55.0.2883.87','1974',NULL,'127.0.0.1','2','1','用户登录：用户名【root】、记住密码【否】','用户登录','2','Windows','2017-12-10 22:37:13',NULL,'root'), ('40283d816040d90a016040dc145f0001','simba admin','/uums/api/user/login','Chrome-55.0.2883.87','255',NULL,'127.0.0.1','2','1','用户登录：用户名【root】、记住密码【否】','用户登录','1','Windows','2017-12-10 22:37:32',NULL,'root'), ('40283d816040d90a016040e023ff0004',NULL,'/uums/api/user/logout','Chrome-60.0.3112.113','55',NULL,'127.0.0.1','2','5','用户登出：用户名【null】、令牌【null】','用户登出','1','Windows','2017-12-10 22:41:59',NULL,NULL), ('40283d816040d90a016040e031080005','simba admin','/uums/api/user/login','Chrome-60.0.3112.113','157',NULL,'127.0.0.1','2','1','用户登录：用户名【admin】、记住密码【否】','用户登录','2','Windows','2017-12-10 22:42:02',NULL,'admin'), ('40283d816040d90a016040e050c10006','simba admin','/uums/api/user/login','Chrome-60.0.3112.113','241',NULL,'127.0.0.1','2','1','用户登录：用户名【root】、记住密码【否】','用户登录','1','Windows','2017-12-10 22:42:10',NULL,'root'), ('40283d816040d90a016040e765620007',NULL,'/uums/api/user/logout','Chrome-60.0.3112.113','116',NULL,'127.0.0.1','2','5','用户登出：用户名【root】、令牌【ClstGd115x/872LlWPx982LZLFXBJH+JcryrJc+fieJrsHEVeMzFwrxwpMeuu2Emml2TOzk7NCueX15K+7jEsklBy4t53stTyXr2yglhiP7hcMJ5RNmDIuEC7RAV9UMsjIaacTcQitdRx83TnPq8Vdeg27HWCaWyioXauL1IYXQ=】','用户登出','1','Windows','2017-12-10 22:49:54',NULL,'root'), ('40283d816040d90a016040e787350008','simba admin','/uums/api/user/login','Chrome-60.0.3112.113','179',NULL,'127.0.0.1','2','1','用户登录：用户名【fay123456】、记住密码【否】','用户登录','2','Windows','2017-12-10 22:50:03',NULL,'fay123456'), ('40283d816040d90a016040e7a6d40009','simba admin','/uums/api/user/login','Chrome-60.0.3112.113','174',NULL,'127.0.0.1','2','1','用户登录：用户名【fay123456】、记住密码【否】','用户登录','2','Windows','2017-12-10 22:50:11',NULL,'fay123456'), ('40283d816040d90a016040e7c78e000a','simba admin','/uums/api/user/login','Chrome-60.0.3112.113','209',NULL,'127.0.0.1','2','1','用户登录：用户名【root】、记住密码【否】','用户登录','1','Windows','2017-12-10 22:50:19',NULL,'root'), ('40283d816043a824016043ce61e70000','simba admin','/uums/api/user/login','Chrome-55.0.2883.87','22442',NULL,'127.0.0.1','2','1','用户登录：用户名【root】、记住密码【否】','用户登录','1','Windows','2017-12-11 12:21:04',NULL,'root'), ('40283d816043a824016043d0c9430001','simba admin','/uums/api/user/login','Chrome-60.0.3112.113','94',NULL,'127.0.0.1','2','1','用户登录：用户名【root】、记住密码【否】','用户登录','1','Windows','2017-12-11 12:24:04',NULL,'root'), ('40283d816043a824016043e870040006','simba admin',NULL,'Chrome-60.0.3112.113','602','/api/menuResource/add.do','127.0.0.1','2','4','新增菜单资源->【名称：公共组件，标识符：pulbic components，url：undefined，图标：undefined，排序号：undefined，所属系统：ff80808159aa70380159af77e1aa0002，父级：undefined】',NULL,'1','Windows','2017-12-11 12:49:54','0','root'), ('40283d816043a824016043e9c0bc0007','simba admin',NULL,'Chrome-60.0.3112.113','199','/api/menuResource/update.do','127.0.0.1','2','4','更新菜单资源->【ID：40283d816043a824016043e86f550005，名称：公共组件，标识符：pulbic components，url：undefined，图标：setting，排序号：undefined，所属系统：ff80808159aa70380159af77e1aa0002，父级：undefined】',NULL,'1','Windows','2017-12-11 12:51:20','0','root'), ('40283d816043a824016043ea73000009','simba admin',NULL,'Chrome-60.0.3112.113','132','/api/menuResource/add.do','127.0.0.1','2','4','新增菜单资源->【名称：测试1，标识符：11，url：undefined，图标：undefined，排序号：1，所属系统：ff80808159aa70380159af77e1aa0002，父级：40283d816043a824016043e86f550005】',NULL,'1','Windows','2017-12-11 12:52:06','0','root'), ('40283d816043a824016043eae2ee000a','simba admin',NULL,'Chrome-60.0.3112.113','128','/api/menuResource/update.do','127.0.0.1','2','4','更新菜单资源->【ID：40283d816043a824016043ea726c0008，名称：测试1，标识符：compLogin，url：undefined，图标：undefined，排序号：1，所属系统：ff80808159aa70380159af77e1aa0002，父级：40283d816043a824016043e86f550005】',NULL,'1','Windows','2017-12-11 12:52:35','0','root'), ('40283d816043a824016043eb3ccd000b','simba admin',NULL,'Chrome-60.0.3112.113','106','/api/menuResource/update.do','127.0.0.1','2','4','更新菜单资源->【ID：40283d816043a824016043ea726c0008，名称：测试1，标识符：compLogin，url：/uums/compLogin，图标：undefined，排序号：1，所属系统：ff80808159aa70380159af77e1aa0002，父级：40283d816043a824016043e86f550005】',NULL,'1','Windows','2017-12-11 12:52:58','0','root'), ('40283d816043a824016043ed7aab000f','simba admin',NULL,'Chrome-60.0.3112.113','359','/api/user/add.do','127.0.0.1','2','4','新增用户->【昵称：nick，用户名：nick，真实姓名：nick，标识：nick】',NULL,'1','Windows','2017-12-11 12:55:24','0','root'), ('40283d816043a824016043ee33340024',NULL,'/uums/api/user/logout','Chrome-60.0.3112.113','270',NULL,'127.0.0.1','2','5','用户登出：用户名【root】、令牌【dg+g3pT3rsglh/NEwJfDWDKUBbLPzUqGGbQTC46Xzf5AnPPdyaRrIWEw6q0Ltlnma1DUZ5oUkw+dmUwxGemkqjvWrUVa/ORuq0otI3L71ptsWCkCu/s37f63D0pmzrzhguA1wsSSK1j2ABpvAVAjMxNVKgQw07yFl5Sk/jQzLJ4=】','用户登出','1','Windows','2017-12-11 12:56:12',NULL,'root'), ('40283d816043a824016043ee4ed10025','simba admin','/uums/api/user/login','Chrome-60.0.3112.113','65',NULL,'127.0.0.1','2','1','用户登录：用户名【nick】、记住密码【否】','用户登录','1','Windows','2017-12-11 12:56:19',NULL,'nick'), ('40283d816043a824016043ee8d6d0026',NULL,'/uums/api/user/logout','Chrome-60.0.3112.113','12',NULL,'127.0.0.1','2','5','用户登出：用户名【root】、令牌【dg+g3pT3rsglh/NEwJfDWDKUBbLPzUqGGbQTC46Xzf5AnPPdyaRrIWEw6q0Ltlnma1DUZ5oUkw+dmUwxGemkqjvWrUVa/ORuq0otI3L71ptsWCkCu/s37f63D0pmzrzhguA1wsSSK1j2ABpvAVAjMxNVKgQw07yFl5Sk/jQzLJ4=】','用户登出','1','Windows','2017-12-11 12:56:35',NULL,'root'), ('40283d816043a824016043eebbec0027','simba admin','/uums/api/user/login','Chrome-60.0.3112.113','416',NULL,'127.0.0.1','2','1','用户登录：用户名【root】、记住密码【否】','用户登录','2','Windows','2017-12-11 12:56:46',NULL,'root'), ('40283d816043a824016043eec9cc0028','simba admin','/uums/api/user/login','Chrome-60.0.3112.113','107',NULL,'127.0.0.1','2','1','用户登录：用户名【root】、记住密码【否】','用户登录','1','Windows','2017-12-11 12:56:50',NULL,'root'), ('40283d816043f97a016043fc88190000','simba admin','/uums/api/user/login','Chrome-60.0.3112.113','4686',NULL,'127.0.0.1','2','1','用户登录：用户名【root】、记住密码【否】','用户登录','1','Windows','2017-12-11 13:11:46',NULL,'root'), ('40283d816043f97a016043fc897f0001',NULL,'/uums/api/user/logout','Chrome-60.0.3112.113','11000',NULL,'127.0.0.1','2','5','用户登出：用户名【root】、令牌【GtqMTsdOW8Jr0He/zFymlaIlUI//ohY9b0mUdfS/OIT8iwU/esXuikpUiI7VcG30+FY0oFimirqy1OhOimdVOv3sdNMwEAZVlEWczC0yxDWV2f92WsfC1YvfMLyCM5O4mPiBolFFZCrHBaBUjPxZeA05WZuYUvHZyMtseFEGizE=】','用户登出','1','Windows','2017-12-11 13:11:39',NULL,'root'), ('40283d816043f97a016043fdebcb0002',NULL,'/uums/api/user/logout','Chrome-60.0.3112.113','14',NULL,'127.0.0.1','2','5','用户登出：用户名【root】、令牌【RVg65NqBC60gXWdFLD22kbh4HPuBYcO/MkAUViWtI0twV/k7EBR7Tcub4asMJ1g6yQQ3HwrKLgDPEZ7F3haOOBa323YiH6vJZKcly3VAz5V1GfZgHJ1cfzidTTiYngMP+0n2wUQnByStczpP+8yCc12Fj2rTjK+aWmCYmWBgeVI=】','用户登出','1','Windows','2017-12-11 13:13:22',NULL,'root'), ('40283d816043f97a016043fe13460003','simba admin','/uums/api/user/login','Chrome-60.0.3112.113','116',NULL,'127.0.0.1','2','1','用户登录：用户名【nick】、记住密码【否】','用户登录','1','Windows','2017-12-11 13:13:32',NULL,'nick'), ('40283d816043f97a01604403c4bc0004',NULL,'/uums/api/user/logout','Chrome-60.0.3112.113','32',NULL,'127.0.0.1','2','5','用户登出：用户名【nick】、令牌【XxGI6bwLu+4icmWDNmPSSZ3LEfduTxIQp+F5we4mwdc8dhRYptzayG317uXTuje7w8idBzZanWkvlmAJGrGOLZ+tSVsNu1cOChoqyz8qB10+YS7//MOWGcT7snohbaDD4StYp61j8QEM/wQRx9Z/gBv9P7XbEbdQqO5uL578S34=】','用户登出','1','Windows','2017-12-11 13:19:45',NULL,'nick'), ('40283d816043f97a01604403e57b0005','simba admin','/uums/api/user/login','Chrome-60.0.3112.113','68',NULL,'127.0.0.1','2','1','用户登录：用户名【root】、记住密码【否】','用户登录','1','Windows','2017-12-11 13:19:54',NULL,'root'), ('40283d816043f97a01604404772b0006',NULL,'/uums/api/user/logout','Chrome-60.0.3112.113','19',NULL,'127.0.0.1','2','5','用户登出：用户名【root】、令牌【AbSxoeah3bduZxqt3t0vF+vtmBUcf9h7n9Fu23bFm0coNBHhG+cLO5MdE/FA+XioNHHZBoIAAVayWmitMVhM75NezN2tHM0iGaAJaBbe6R3yzLTJC5dU4QqyfF+evirc2Y5m0HGqzvH0RvyIsRhQufhl9mR/vCvXYbUHv/Z7Jwo=】','用户登出','1','Windows','2017-12-11 13:20:31',NULL,'root'), ('40283d816043f97a01604404948a0007','simba admin','/uums/api/user/login','Chrome-60.0.3112.113','83',NULL,'127.0.0.1','2','1','用户登录：用户名【root】、记住密码【否】','用户登录','1','Windows','2017-12-11 13:20:38',NULL,'root'), ('40283d816043f97a0160440978730008',NULL,'/uums/api/user/logout','Chrome-60.0.3112.113','10',NULL,'127.0.0.1','2','5','用户登出：用户名【root】、令牌【UqMFwpfCjmQ4+BXClGD+CZ95kGrHKKdUwygy2uXfye0EK5nW0IjueWpnu4KKjt7WH90/qTthByExLg9HBj86tAi5e9AJ2lb+QC/j9KwHx4zAKXnSpd/22pHRanT3QK+v6V9oKEu3Gbf5219jszhloMTGbr75rm/VKm1eR0Hw1zs=】','用户登出','1','Windows','2017-12-11 13:25:59',NULL,'root'), ('40283d816043f97a0160440997980009','simba admin','/uums/api/user/login','Chrome-60.0.3112.113','150',NULL,'127.0.0.1','2','1','用户登录：用户名【root】、记住密码【否】','用户登录','1','Windows','2017-12-11 13:26:07',NULL,'root'), ('40283d816043f97a01604415af1b000b',NULL,'/uums/api/user/logout','Chrome-60.0.3112.113','9',NULL,'127.0.0.1','2','5','用户登出：用户名【root】、令牌【JbjmoJ8oEQeRAfGOfbqrjgs5PuKHsmee0tK/wYfjfl/g91e/8wWP8nU80o2wWLzVLHQn+1cKUgURZ6fxH4IpTfrVrZ5bN/28myT5fGaul5pHPSQ2s3vgbH1mZB1oxHygAn3DhtTnHbK8l9/VwoNKcd/qTqi50nlVGvo2lj726eI=】','用户登出','1','Windows','2017-12-11 13:39:19',NULL,'root'), ('40283d816043f97a01604415d299000c','simba admin','/uums/api/user/login','Chrome-60.0.3112.113','130',NULL,'127.0.0.1','2','1','用户登录：用户名【nick】、记住密码【否】','用户登录','1','Windows','2017-12-11 13:39:28',NULL,'nick'), ('40283d8160441a2b0160441c96df0000',NULL,'/uums/api/user/logout','Chrome-55.0.2883.87','64',NULL,'127.0.0.1','2','5','用户登出：用户名【root】、令牌【Qvv8a6dH9AmQQYGHIGm5mxJhMeXl1pEuetF+/Yoa21Rwi2YCSk1aQZSdFExAOAQIEjgkUC4G1YM1w0Y76tbmehpjhwTuEDc98YMf64BflZkDCwe/ec9Sl8p1My+xcnyJ4lieBv9g3Fyqi5wQFwkERU7ibD8vp3uFOyLCHNF7lRY=】','用户登出','1','Windows','2017-12-11 13:46:52',NULL,'root'), ('40283d8160441a2b0160441cb3700001','simba admin','/uums/api/user/login','Chrome-55.0.2883.87','823',NULL,'127.0.0.1','2','1','用户登录：用户名【nick】、记住密码【否】','用户登录','1','Windows','2017-12-11 13:46:58',NULL,'nick'), ('40283d8160441a2b01604420e2ff0003','simba admin',NULL,'Chrome-55.0.2883.87','410','/api/menuResource/add.do','127.0.0.1','2','4','新增菜单资源->【名称：测试11，标识符：1111，url：undefined，图标：undefined，排序号：1，所属系统：ff80808159aa70380159af77e1aa0002，父级：40283d816043a824016043ea726c0008】',NULL,'1','Windows','2017-12-11 13:51:33','0','nick'), ('40283d8160441a2b01604422e33d0004','simba admin',NULL,'Chrome-55.0.2883.87','156','/api/menuResource/update.do','127.0.0.1','2','4','更新菜单资源->【ID：40283d816043a824016043ea726c0008，名称：UI，标识符：compUI，url：/uums/compUI，图标：undefined，排序号：1，所属系统：ff80808159aa70380159af77e1aa0002，父级：40283d816043a824016043e86f550005】',NULL,'1','Windows','2017-12-11 13:53:45','0','nick'), ('40283d8160441a2b016044231eff0005','simba admin',NULL,'Chrome-55.0.2883.87','170','/api/menuResource/update.do','127.0.0.1','2','4','更新菜单资源->【ID：40283d816043a824016043ea726c0008，名称：UI，标识符：compUI，url：，图标：undefined，排序号：1，所属系统：ff80808159aa70380159af77e1aa0002，父级：40283d816043a824016043e86f550005】',NULL,'1','Windows','2017-12-11 13:54:00','0','nick'), ('40283d8160441a2b01604423ba160006','simba admin',NULL,'Chrome-55.0.2883.87','194','/api/menuResource/update.do','127.0.0.1','2','4','更新菜单资源->【ID：40283d8160441a2b01604420e23d0002，名称：按钮，标识符：compButton，url：undefined，图标：undefined，排序号：1，所属系统：ff80808159aa70380159af77e1aa0002，父级：40283d816043a824016043ea726c0008】',NULL,'1','Windows','2017-12-11 13:54:40','0','nick'), ('40283d8160441a2b016044240ce10007','simba admin',NULL,'Chrome-55.0.2883.87','143','/api/menuResource/update.do','127.0.0.1','2','4','更新菜单资源->【ID：40283d8160441a2b01604420e23d0002，名称：按钮，标识符：compButton，url：/uums/compButton，图标：undefined，排序号：1，所属系统：ff80808159aa70380159af77e1aa0002，父级：40283d816043a824016043ea726c0008】',NULL,'1','Windows','2017-12-11 13:55:01','0','nick'), ('40283d8160441a2b016044499a480009','simba admin',NULL,'Chrome-60.0.3112.113','154','/api/menuResource/add.do','127.0.0.1','2','4','新增菜单资源->【名称：图标，标识符：compIcons，url：undefined，图标：undefined，排序号：2，所属系统：ff80808159aa70380159af77e1aa0002，父级：40283d816043a824016043ea726c0008】',NULL,'1','Windows','2017-12-11 14:36:02','0','nick'), ('40283d8160441a2b01604449d468000a','simba admin',NULL,'Chrome-60.0.3112.113','165','/api/menuResource/update.do','127.0.0.1','2','4','更新菜单资源->【ID：40283d8160441a2b0160444999ac0008，名称：图标，标识符：compIcons，url：/uums/compIcons，图标：undefined，排序号：2，所属系统：ff80808159aa70380159af77e1aa0002，父级：40283d816043a824016043ea726c0008】',NULL,'1','Windows','2017-12-11 14:36:17','0','nick'), ('40283d8160441a2b0160444ccbd8000b',NULL,'/uums/api/user/logout','Chrome-60.0.3112.113','11',NULL,'127.0.0.1','2','5','用户登出：用户名【nick】、令牌【UnlHd46lcmq10NY0fS0nP03Y2SnpNVQGKB/pDNdeHKz8nQ1I/2eogWkzY4kU7Kvm4H9WybSJa2rn4Pe5+bg1Z1mL5Izgnoztb7p+6QWouIGZPfkRFgMVXWT8Y90emyQ5/FKUfJgyCJ/mDfUWP8dRmXzzwNQHzEgUXuYo4ZaNW1M=】','用户登出','1','Windows','2017-12-11 14:39:31',NULL,'nick'), ('40283d8160441a2b0160444ccc5d000c',NULL,'/uums/api/user/logout','Chrome-60.0.3112.113','34',NULL,'127.0.0.1','2','5','用户登出：用户名【nick】、令牌【SW8GvQoheewE5CsXTmu3pgYgwTnug/r61fe/YOQn7eb/q43CLUghhI1Djjeq8hI55ouySd92+8Y9BWRMSW4tsd1fsZsGtgGnLf5f07H9R86USav9KnxIMWVBjJzToRu2EUgpLD1/hYsHaOrC9tqQuTKAAHG8tYgmwp2d6UQT+ss=】','用户登出','1','Windows','2017-12-11 14:39:31',NULL,'nick'), ('40283d8160441a2b0160444ccc89000d',NULL,'/uums/api/user/logout','Chrome-60.0.3112.113','7',NULL,'127.0.0.1','2','5','用户登出：用户名【nick】、令牌【SW8GvQoheewE5CsXTmu3pgYgwTnug/r61fe/YOQn7eb/q43CLUghhI1Djjeq8hI55ouySd92+8Y9BWRMSW4tsd1fsZsGtgGnLf5f07H9R86USav9KnxIMWVBjJzToRu2EUgpLD1/hYsHaOrC9tqQuTKAAHG8tYgmwp2d6UQT+ss=】','用户登出','1','Windows','2017-12-11 14:39:31',NULL,'nick'), ('40283d8160441a2b0160444ea0b6000e','simba admin','/uums/api/user/login','Chrome-60.0.3112.113','100',NULL,'127.0.0.1','2','1','用户登录：用户名【nick】、记住密码【否】','用户登录','1','Windows','2017-12-11 14:41:31',NULL,'nick'), ('40283d8160441a2b0160445021ca000f','simba admin','/uums/api/user/login','Chrome-60.0.3112.113','58',NULL,'127.0.0.1','2','1','用户登录：用户名【nick】、记住密码【否】','用户登录','1','Windows','2017-12-11 14:43:10',NULL,'nick'), ('40283d8160441a2b0160445161030011','simba admin',NULL,'Chrome-60.0.3112.113','152','/api/menuResource/add.do','127.0.0.1','2','4','新增菜单资源->【名称：加载中，标识符：compSpins，url：/uums/compSpins，图标：undefined，排序号：3，所属系统：ff80808159aa70380159af77e1aa0002，父级：40283d816043a824016043ea726c0008】',NULL,'1','Windows','2017-12-11 14:44:31','0','nick'), ('40283d8160441a2b01604451d9330013','simba admin',NULL,'Chrome-60.0.3112.113','138','/api/menuResource/add.do','127.0.0.1','2','4','新增菜单资源->【名称：对话框，标识符：compModals，url：/uums/compModals，图标：undefined，排序号：4，所属系统：ff80808159aa70380159af77e1aa0002，父级：40283d816043a824016043ea726c0008】',NULL,'1','Windows','2017-12-11 14:45:02','0','nick'), ('40283d8160441a2b01604452752f0015','simba admin',NULL,'Chrome-60.0.3112.113','170','/api/menuResource/add.do','127.0.0.1','2','4','新增菜单资源->【名称：通知提示，标识符：compNotifications，url：/uums/compNotifications，图标：undefined，排序号：5，所属系统：ff80808159aa70380159af77e1aa0002，父级：40283d816043a824016043ea726c0008】',NULL,'1','Windows','2017-12-11 14:45:42','0','nick'), ('40283d8160441a2b0160445336cd0017','simba admin',NULL,'Chrome-60.0.3112.113','162','/api/menuResource/add.do','127.0.0.1','2','4','新增菜单资源->【名称：标签页，标识符：compTabs，url：undefined，图标：/uums/compTabs，排序号：undefined，所属系统：ff80808159aa70380159af77e1aa0002，父级：40283d816043a824016043ea726c0008】',NULL,'1','Windows','2017-12-11 14:46:32','0','nick'), ('40283d8160441a2b016044536b4e0018','simba admin',NULL,'Chrome-60.0.3112.113','195','/api/menuResource/update.do','127.0.0.1','2','4','更新菜单资源->【ID：40283d8160441a2b0160445336440016，名称：标签页，标识符：compTabs，url：undefined，图标：/uums/compTabs，排序号：6，所属系统：ff80808159aa70380159af77e1aa0002，父级：40283d816043a824016043ea726c0008】',NULL,'1','Windows','2017-12-11 14:46:45','0','nick'), ('40283d8160441a2b01604454b6b5001a','simba admin',NULL,'Chrome-60.0.3112.113','132','/api/menuResource/add.do','127.0.0.1','2','4','新增菜单资源->【名称：轮播图，标识符：compBanners，url：undefined，图标：/uums/compBanners，排序号：7，所属系统：ff80808159aa70380159af77e1aa0002，父级：40283d816043a824016043ea726c0008】',NULL,'1','Windows','2017-12-11 14:48:10','0','nick'), ('40283d8160441a2b016044563c9f001c','simba admin',NULL,'Chrome-60.0.3112.113','171','/api/menuResource/add.do','127.0.0.1','2','4','新增菜单资源->【名称：富文本框，标识符：compWysiwyg，url：/uums/compWysiwyg，图标：undefined，排序号：8，所属系统：ff80808159aa70380159af77e1aa0002，父级：40283d816043a824016043ea726c0008】',NULL,'1','Windows','2017-12-11 14:49:50','0','nick'), ('40283d8160441a2b016044566ddd001d','simba admin',NULL,'Chrome-60.0.3112.113','147','/api/menuResource/update.do','127.0.0.1','2','4','更新菜单资源->【ID：40283d8160441a2b0160445336440016，名称：标签页，标识符：compTabs，url：/uums/compTabs，图标：，排序号：6，所属系统：ff80808159aa70380159af77e1aa0002，父级：40283d816043a824016043ea726c0008】',NULL,'1','Windows','2017-12-11 14:50:02','0','nick'), ('40283d8160441a2b016044568298001e','simba admin',NULL,'Chrome-60.0.3112.113','235','/api/menuResource/update.do','127.0.0.1','2','4','更新菜单资源->【ID：40283d8160441a2b01604454b6340019，名称：轮播图，标识符：compBanners，url：/uums/compBanners，图标：，排序号：7，所属系统：ff80808159aa70380159af77e1aa0002，父级：40283d816043a824016043ea726c0008】',NULL,'1','Windows','2017-12-11 14:50:08','0','nick'), ('40283d8160441a2b016044572b050020','simba admin',NULL,'Chrome-60.0.3112.113','143','/api/menuResource/add.do','127.0.0.1','2','4','新增菜单资源->【名称：拖拽，标识符：compDrags，url：/uums/compDrags，图标：undefined，排序号：9，所属系统：ff80808159aa70380159af77e1aa0002，父级：40283d816043a824016043ea726c0008】',NULL,'1','Windows','2017-12-11 14:50:51','0','nick'), ('40283d8160441a2b01604457ac420022','simba admin',NULL,'Chrome-60.0.3112.113','158','/api/menuResource/add.do','127.0.0.1','2','4','新增菜单资源->【名称：画廊，标识符：compGallery，url：/uums/compGallery，图标：undefined，排序号：10，所属系统：ff80808159aa70380159af77e1aa0002，父级：40283d816043a824016043ea726c0008】',NULL,'1','Windows','2017-12-11 14:51:24','0','nick'), ('40283d8160441a2b0160445838c30023',NULL,'/uums/api/user/logout','Chrome-60.0.3112.113','68',NULL,'127.0.0.1','2','5','用户登出：用户名【nick】、令牌【e1gNhBPTk7RnLzGT+x6iMSl+d/ht62CmocrwFTqQOsHoEF20OsC4QBkfMds/DzU8cMI/ABE+v5PX8vXYbwfoEKFPjh8ngIsK2wdX0tex5uy/DEVWVVHELhMlBfzGnLJWXrFQ51+UkRoAm6Wedes6CmZB6adWd00aPBKvH2luj2s=】','用户登出','1','Windows','2017-12-11 14:52:00',NULL,'nick'), ('40283d8160441a2b01604458582a0024','simba admin','/uums/api/user/login','Chrome-60.0.3112.113','300',NULL,'127.0.0.1','2','1','用户登录：用户名【nick】、记住密码【否】','用户登录','2','Windows','2017-12-11 14:52:08',NULL,'nick'), ('40283d8160441a2b0160445867c60025','simba admin','/uums/api/user/login','Chrome-60.0.3112.113','105',NULL,'127.0.0.1','2','1','用户登录：用户名【nick】、记住密码【否】','用户登录','1','Windows','2017-12-11 14:52:12',NULL,'nick'), ('40283d8160441a2b01604458f01a0026','simba admin',NULL,'Chrome-60.0.3112.113','165','/api/menuResource/update.do','127.0.0.1','2','4','更新菜单资源->【ID：40283d8160441a2b0160445336440016，名称：标签页，标识符：compTabs，url：/uums/compTabs，图标：，排序号：6，所属系统：ff80808159aa70380159af77e1aa0002，父级：40283d816043a824016043ea726c0008】',NULL,'1','Windows','2017-12-11 14:52:47','0','nick'), ('40283d8160441a2b0160445918840027','simba admin',NULL,'Chrome-60.0.3112.113','138','/api/menuResource/update.do','127.0.0.1','2','4','更新菜单资源->【ID：40283d8160441a2b01604454b6340019，名称：轮播图，标识符：compBanners，url：/uums/compBanners，图标：，排序号：7，所属系统：ff80808159aa70380159af77e1aa0002，父级：40283d816043a824016043ea726c0008】',NULL,'1','Windows','2017-12-11 14:52:57','0','nick'), ('40283d8160441a2b0160445976700028','simba admin',NULL,'Chrome-60.0.3112.113','535','/api/menuResource/update.do','127.0.0.1','2','4','更新菜单资源->【ID：40283d8160441a2b01604452748f0014，名称：提示，标识符：compNotifications，url：/uums/compNotifications，图标：undefined，排序号：5，所属系统：ff80808159aa70380159af77e1aa0002，父级：40283d816043a824016043ea726c0008】',NULL,'1','Windows','2017-12-11 14:53:21','0','nick'), ('40283d8160441a2b01604459bf870029',NULL,'/uums/api/user/logout','Chrome-60.0.3112.113','386',NULL,'127.0.0.1','2','5','用户登出：用户名【nick】、令牌【Lrh3KZYvwuTBgWYyvCxubj/8jQCMZs1IpwXOYCtD+tYafcdiR5j7EoKBDcV8I0WCnmnLT5wRo+DE8qw/fe5I+uotZi2a1IFajnA3vlGBrBWDWPJo9SQGUAHN6xVzzNwfH72wNZiKmarcFdam65GL8r/HveGU0n6v1dIk97Ko14c=】','用户登出','1','Windows','2017-12-11 14:53:40',NULL,'nick');
INSERT INTO `UMS_LOG` VALUES ('40283d8160441a2b01604459ef98002a','simba admin','/uums/api/user/login','Chrome-60.0.3112.113','1390',NULL,'127.0.0.1','2','1','用户登录：用户名【nick】、记住密码【否】','用户登录','1','Windows','2017-12-11 14:53:51',NULL,'nick'), ('40283d8160441a2b0160445e2a96002b',NULL,'/uums/api/user/logout','Chrome-55.0.2883.87','6',NULL,'127.0.0.1','2','5','用户登出：用户名【nick】、令牌【sv30uj2IDROsqHmGLyrUnC33Wa7SOxaqzdCqYsB02i+3jyRtqhbGquN0DJpQ2E1rkIrS+brAAXHwrTcFoKtxVlE+cEZWgUwLJTdR9K+++ZoKHaII3QeTsaaEvdcXmqVYnEcgUtIHQ2FHzRmlW8tvwYWoqMbSi9N2EjyPxx9ar08=】','用户登出','1','Windows','2017-12-11 14:58:30',NULL,'nick'), ('40283d8160441a2b0160446e1a08002c','simba admin','/uums/api/user/login','Chrome-55.0.2883.87','42',NULL,'127.0.0.1','2','1','用户登录：用户名【root】、记住密码【否】','用户登录','1','Windows','2017-12-11 15:15:54',NULL,'root'), ('40283d8160441a2b01604478ba81002d','simba admin',NULL,'Chrome-60.0.3112.113','171','/api/menuResource/update.do','127.0.0.1','2','4','更新菜单资源->【ID：40283d8160441a2b01604452748f0014，名称：提示，标识符：compNotif，url：/uums/compNotifications，图标：undefined，排序号：5，所属系统：ff80808159aa70380159af77e1aa0002，父级：40283d816043a824016043ea726c0008】',NULL,'1','Windows','2017-12-11 15:27:30','0','nick'), ('40283d8160441a2b0160447a1892002e','simba admin',NULL,'Chrome-60.0.3112.113','138','/api/menuResource/update.do','127.0.0.1','2','4','更新菜单资源->【ID：40283d8160441a2b0160445336440016，名称：标签页，标识符：compTabs，url：/uums/compTabs，图标：，排序号：6，所属系统：ff80808159aa70380159af77e1aa0002，父级：40283d816043a824016043ea726c0008】',NULL,'1','Windows','2017-12-11 15:29:00','0','nick'), ('40283d8160441a2b0160447d3d48002f','simba admin',NULL,'Chrome-60.0.3112.113','144','/api/menuResource/update.do','127.0.0.1','2','4','更新菜单资源->【ID：40283d8160441a2b0160445336440016，名称：标签页，标识符：compTabs，url：/uums/compTabs，图标：，排序号：6，所属系统：ff80808159aa70380159af77e1aa0002，父级：40283d816043a824016043ea726c0008】',NULL,'1','Windows','2017-12-11 15:32:26','0','nick'), ('40283d8160441a2b0160447d75d10030','simba admin',NULL,'Chrome-60.0.3112.113','171','/api/menuResource/update.do','127.0.0.1','2','4','更新菜单资源->【ID：40283d8160441a2b01604454b6340019，名称：轮播，标识符：compBanners，url：/uums/compBanners，图标：，排序号：7，所属系统：ff80808159aa70380159af77e1aa0002，父级：40283d816043a824016043ea726c0008】',NULL,'1','Windows','2017-12-11 15:32:40','0','nick'), ('40283d8160441a2b0160448245190031','simba admin',NULL,'Chrome-60.0.3112.113','540','/api/menuResource/delete.do','127.0.0.1','2','4','删除菜单资源信息->【ID：40283d8160441a2b01604454b6340019】',NULL,'1','Windows','2017-12-11 15:37:55','0','nick'), ('40283d8160441a2b0160448dd6c80032','simba admin',NULL,'Chrome-60.0.3112.113','366','/api/menuResource/update.do','127.0.0.1','2','4','更新菜单资源->【ID：40283d8160441a2b016044563bec001b，名称：富文本，标识符：compWysiwyg，url：/uums/compWysiwyg，图标：undefined，排序号：8，所属系统：ff80808159aa70380159af77e1aa0002，父级：40283d816043a824016043ea726c0008】',NULL,'1','Windows','2017-12-11 15:50:34','0','nick'), ('40283d8160441a2b0160448e8f190034','simba admin',NULL,'Chrome-60.0.3112.113','154','/api/menuResource/add.do','127.0.0.1','2','4','新增菜单资源->【名称：动画，标识符：compAnimation，url：undefined，图标：undefined，排序号：2，所属系统：ff80808159aa70380159af77e1aa0002，父级：40283d816043a824016043e86f550005】',NULL,'1','Windows','2017-12-11 15:51:21','0','nick'), ('40283d8160441a2b0160448fd5e40035','simba admin',NULL,'Chrome-60.0.3112.113','152','/api/menuResource/update.do','127.0.0.1','2','4','更新菜单资源->【ID：40283d816043a824016043e86f550005，名称：公共组件，标识符：pulbic components，url：undefined，图标：setting，排序号：5，所属系统：ff80808159aa70380159af77e1aa0002，父级：undefined】',NULL,'1','Windows','2017-12-11 15:52:45','0','nick'), ('40283d8160441a2b0160449055d00037','simba admin',NULL,'Chrome-60.0.3112.113','143','/api/menuResource/add.do','127.0.0.1','2','4','新增菜单资源->【名称：表格，标识符：compTable，url：undefined，图标：undefined，排序号：3，所属系统：ff80808159aa70380159af77e1aa0002，父级：40283d816043a824016043e86f550005】',NULL,'1','Windows','2017-12-11 15:53:17','0','nick'), ('40283d8160441a2b01604490ed220038',NULL,'/uums/api/user/logout','Chrome-60.0.3112.113','8',NULL,'127.0.0.1','2','5','用户登出：用户名【nick】、令牌【sMqkb+38dMNIiRgz1n8VAn3csftsmP075fXNsoP0fIGvdmkeyw5MmgSHNBLtale9V+wWxeCH41zkk9F9LxInWUVwyoWmwY8qK1q24rUpHjuoS9Xc1v9hh3S2eDf4UerCaKdj4GPjW9gysm+UuOY+3oZugYp+D2496lyXl078zF8=】','用户登出','1','Windows','2017-12-11 15:53:56',NULL,'nick'), ('40283d8160441a2b01604490ed280039',NULL,'/uums/api/user/logout','Chrome-60.0.3112.113','19',NULL,'127.0.0.1','2','5','用户登出：用户名【null】、令牌【null】','用户登出','1','Windows','2017-12-11 15:53:56',NULL,NULL), ('40283d8160441a2b016044911327003a','simba admin','/uums/api/user/login','Chrome-60.0.3112.113','186',NULL,'127.0.0.1','2','1','用户登录：用户名【nick】、记住密码【否】','用户登录','2','Windows','2017-12-11 15:54:06',NULL,'nick'), ('40283d8160441a2b01604491226a003b','simba admin','/uums/api/user/login','Chrome-60.0.3112.113','128',NULL,'127.0.0.1','2','1','用户登录：用户名【nick】、记住密码【否】','用户登录','1','Windows','2017-12-11 15:54:10',NULL,'nick'), ('40283d8160441a2b016044919d6c003d','simba admin',NULL,'Chrome-60.0.3112.113','224','/api/menuResource/add.do','127.0.0.1','2','4','新增菜单资源->【名称：表单，标识符：compForm，url：undefined，图标：undefined，排序号：undefined，所属系统：ff80808159aa70380159af77e1aa0002，父级：40283d816043a824016043e86f550005】',NULL,'1','Windows','2017-12-11 15:54:41','0','nick'), ('40283d8160441a2b01604491d5a2003e','simba admin',NULL,'Chrome-60.0.3112.113','198','/api/menuResource/update.do','127.0.0.1','2','4','更新菜单资源->【ID：40283d8160441a2b016044919c7d003c，名称：表单，标识符：compForm，url：undefined，图标：undefined，排序号：4，所属系统：ff80808159aa70380159af77e1aa0002，父级：40283d816043a824016043e86f550005】',NULL,'1','Windows','2017-12-11 15:54:56','0','nick'), ('40283d8160441a2b01604492c3a70040','simba admin',NULL,'Chrome-60.0.3112.113','142','/api/menuResource/add.do','127.0.0.1','2','4','新增菜单资源->【名称：图表，标识符：compChart，url：undefined，图标：undefined，排序号：5，所属系统：ff80808159aa70380159af77e1aa0002，父级：40283d816043a824016043e86f550005】',NULL,'1','Windows','2017-12-11 15:55:57','0','nick'), ('40283d8160441a2b01604493702a0042','simba admin',NULL,'Chrome-60.0.3112.113','127','/api/menuResource/add.do','127.0.0.1','2','4','新增菜单资源->【名称：页面，标识符：compPage，url：undefined，图标：undefined，排序号：6，所属系统：ff80808159aa70380159af77e1aa0002，父级：40283d816043a824016043e86f550005】',NULL,'1','Windows','2017-12-11 15:56:41','0','nick'), ('40283d8160441a2b01604493f37f0044','simba admin',NULL,'Chrome-60.0.3112.113','101','/api/menuResource/add.do','127.0.0.1','2','4','新增菜单资源->【名称：权限管理，标识符：compAuth，url：undefined，图标：undefined，排序号：7，所属系统：ff80808159aa70380159af77e1aa0002，父级：40283d816043a824016043e86f550005】',NULL,'1','Windows','2017-12-11 15:57:14','0','nick'), ('40283d8160441a2b0160449471d10045',NULL,'/uums/api/user/logout','Chrome-60.0.3112.113','11',NULL,'127.0.0.1','2','5','用户登出：用户名【nick】、令牌【E3BtLfGrdZLrA2qZOq8RRxsSvX6e2wLkGoUnc7WiES/3bb2XbbqpiCgIqOunDyGIufwY3qDv60myfQa0bD28flG4vuKnewgRMBGpjfk69woSORji0kU/V1Id3mnc/T7VmYqG3s4g58vAjJCDM9EtKWRIfZgfNDYruuTPaa9stv0=】','用户登出','1','Windows','2017-12-11 15:57:47',NULL,'nick'), ('40283d8160441a2b016044948f920046','simba admin','/uums/api/user/login','Chrome-60.0.3112.113','37',NULL,'127.0.0.1','2','1','用户登录：用户名【nick】、记住密码【否】','用户登录','2','Windows','2017-12-11 15:57:54',NULL,'nick'), ('40283d8160441a2b01604494a1450047','simba admin','/uums/api/user/login','Chrome-60.0.3112.113','123',NULL,'127.0.0.1','2','1','用户登录：用户名【nick】、记住密码【否】','用户登录','1','Windows','2017-12-11 15:57:59',NULL,'nick'), ('40283d8160441a2b0160449792ab0049','simba admin',NULL,'Chrome-60.0.3112.113','150','/api/menuResource/add.do','127.0.0.1','2','4','新增菜单资源->【名称：基本动画，标识符：compBasicAnimations，url：/uums/compBasicAnimations，图标：undefined，排序号：1，所属系统：ff80808159aa70380159af77e1aa0002，父级：40283d8160441a2b0160448e8e850033】',NULL,'1','Windows','2017-12-11 16:01:12','0','nick'), ('40283d8160441a2b01604497c954004a','simba admin',NULL,'Chrome-60.0.3112.113','259','/api/menuResource/update.do','127.0.0.1','2','4','更新菜单资源->【ID：40283d816043a824016043e86f550005，名称：公共组件，标识符：pulbic components，url：undefined，图标：setting，排序号：2，所属系统：ff80808159aa70380159af77e1aa0002，父级：undefined】',NULL,'1','Windows','2017-12-11 16:01:26','0','nick'), ('40283d8160441a2b01604499066f004c','simba admin',NULL,'Chrome-60.0.3112.113','181','/api/menuResource/add.do','127.0.0.1','2','4','新增菜单资源->【名称：基础表格，标识符：compBasicTable，url：/uums/compBasicTable，图标：undefined，排序号：2，所属系统：ff80808159aa70380159af77e1aa0002，父级：40283d8160441a2b0160449055430036】',NULL,'1','Windows','2017-12-11 16:02:47','0','nick'), ('40283d8160441a2b0160449a6733004e','simba admin',NULL,'Chrome-60.0.3112.113','161','/api/menuResource/add.do','127.0.0.1','2','4','新增菜单资源->【名称：基础表单，标识符：compBasicForm，url：/uums/compBasicForm，图标：undefined，排序号：1，所属系统：ff80808159aa70380159af77e1aa0002，父级：40283d8160441a2b016044919c7d003c】',NULL,'1','Windows','2017-12-11 16:04:17','0','nick'), ('40283d8160441a2b0160449b01b3004f','simba admin',NULL,'Chrome-60.0.3112.113','152','/api/menuResource/update.do','127.0.0.1','2','4','更新菜单资源->【ID：40283d816043a824016043e86f550005，名称：公共组件，标识符：pulbic components，url：undefined，图标：setting，排序号：5，所属系统：ff80808159aa70380159af77e1aa0002，父级：undefined】',NULL,'1','Windows','2017-12-11 16:04:57','0','nick'), ('40283d8160441a2b0160449c11a30051','simba admin',NULL,'Chrome-60.0.3112.113','128','/api/menuResource/add.do','127.0.0.1','2','4','新增菜单资源->【名称：echarts，标识符：compEcharts，url：/uums/compEcharts，图标：undefined，排序号：undefined，所属系统：ff80808159aa70380159af77e1aa0002，父级：40283d8160441a2b01604492c31a003f】',NULL,'1','Windows','2017-12-11 16:06:06','0','nick'), ('40283d8160441a2b0160449c902d0053','simba admin',NULL,'Chrome-60.0.3112.113','158','/api/menuResource/add.do','127.0.0.1','2','4','新增菜单资源->【名称：login，标识符：compLogin，url：/uums/compLogin，图标：undefined，排序号：1，所属系统：ff80808159aa70380159af77e1aa0002，父级：40283d8160441a2b016044936f950041】',NULL,'1','Windows','2017-12-11 16:06:39','0','nick'), ('40283d8160441a2b0160449d7b640055','simba admin',NULL,'Chrome-60.0.3112.113','142','/api/menuResource/add.do','127.0.0.1','2','4','新增菜单资源->【名称：基础演示，标识符：compAuthBasic，url：/uums/compAuthBasic，图标：undefined，排序号：1，所属系统：ff80808159aa70380159af77e1aa0002，父级：40283d8160441a2b01604493f2f40043】',NULL,'1','Windows','2017-12-11 16:07:39','0','nick'), ('40283d8160441a2b016044a082a30057','simba admin',NULL,'Chrome-60.0.3112.113','221','/api/menuResource/add.do','127.0.0.1','2','4','新增菜单资源->【名称：动画案例，标识符：compExampleAnimations，url：/uums/compExampleAnimations，图标：undefined，排序号：2，所属系统：ff80808159aa70380159af77e1aa0002，父级：40283d8160441a2b0160448e8e850033】',NULL,'1','Windows','2017-12-11 16:10:57','0','nick'), ('40283d8160441a2b016044a125180059','simba admin',NULL,'Chrome-60.0.3112.113','129','/api/menuResource/add.do','127.0.0.1','2','4','新增菜单资源->【名称：高级表格，标识符：compAdvancedTable，url：/uums/compAdvancedTable，图标：undefined，排序号：2，所属系统：ff80808159aa70380159af77e1aa0002，父级：40283d8160441a2b0160449055430036】',NULL,'1','Windows','2017-12-11 16:11:39','0','nick'), ('40283d8160441a2b016044a1af36005b','simba admin',NULL,'Chrome-60.0.3112.113','159','/api/menuResource/add.do','127.0.0.1','2','4','新增菜单资源->【名称：异步表格，标识符：compAsynchronousTable，url：/uums/compAsynchronousTable，图标：undefined，排序号：3，所属系统：ff80808159aa70380159af77e1aa0002，父级：40283d8160441a2b0160449055430036】',NULL,'1','Windows','2017-12-11 16:12:14','0','nick'), ('40283d8160441a2b016044a2340c005d','simba admin',NULL,'Chrome-60.0.3112.113','157','/api/menuResource/add.do','127.0.0.1','2','4','新增菜单资源->【名称：recharts，标识符：compRecharts，url：/uums/compRecharts，图标：undefined，排序号：2，所属系统：ff80808159aa70380159af77e1aa0002，父级：40283d8160441a2b01604492c31a003f】',NULL,'1','Windows','2017-12-11 16:12:48','0','nick'), ('40283d8160441a2b016044a2a53d005f','simba admin',NULL,'Chrome-60.0.3112.113','156','/api/menuResource/add.do','127.0.0.1','2','4','新增菜单资源->【名称：404，标识符：comp404，url：/uums/comp404，图标：undefined，排序号：2，所属系统：ff80808159aa70380159af77e1aa0002，父级：40283d8160441a2b016044936f950041】',NULL,'1','Windows','2017-12-11 16:13:17','0','nick'), ('40283d8160441a2b016044a3815d0061','simba admin',NULL,'Chrome-60.0.3112.113','129','/api/menuResource/add.do','127.0.0.1','2','4','新增菜单资源->【名称：路由拦截，标识符：compRouterEnter，url：/uums/compRouterEnter，图标：undefined，排序号：2，所属系统：ff80808159aa70380159af77e1aa0002，父级：40283d8160441a2b01604493f2f40043】',NULL,'1','Windows','2017-12-11 16:14:14','0','nick'), ('40283d8160441a2b016044ae146e0062',NULL,'/uums/api/user/logout','Chrome-55.0.2883.87','7',NULL,'127.0.0.1','2','5','用户登出：用户名【root】、令牌【tRRxuclBuaqG08VDn+TXCT8meNZwuRUzg4ll9CWmRuo5M4ON1sYgKi0A+cZTtkpZ9KQOheRaVWzni+YsOoO8cQ1RgL5WQ7s7vIcGJXJIz5BEbx6vy9HyOYgGtMF6AnAiHIpscMOM7gvhYWsHLx4ofycKYpkuUKH9pgFDyxX65NM=】','用户登出','1','Windows','2017-12-11 16:25:47',NULL,'root'), ('40283d8160441a2b016044cf0d070063',NULL,'/uums/api/user/logout','Chrome-60.0.3112.113','209',NULL,'127.0.0.1','2','5','用户登出：用户名【nick】、令牌【evP/CZA7cvlcyXCONSdrxV94lSKuDXVnypHpgIR95cVrzPG9Wnu7Pfw9ZQhJeV2kcSkYLPfLLl2Pter5Ad7Mk1CgR2+kzOg8r2UgQnBQt3bELm585plGnA301bW4cpdhVxlIOaAns01os9M1Hmxlpfz0+ntr3aFBDMUbyCUwozM=】','用户登出','1','Windows','2017-12-11 17:01:47',NULL,'nick'), ('40283d8160441a2b016044cf0d0c0064',NULL,'/uums/api/user/logout','Chrome-60.0.3112.113','212',NULL,'127.0.0.1','2','5','用户登出：用户名【nick】、令牌【E3BtLfGrdZLrA2qZOq8RRxsSvX6e2wLkGoUnc7WiES/3bb2XbbqpiCgIqOunDyGIufwY3qDv60myfQa0bD28flG4vuKnewgRMBGpjfk69woSORji0kU/V1Id3mnc/T7VmYqG3s4g58vAjJCDM9EtKWRIfZgfNDYruuTPaa9stv0=】','用户登出','1','Windows','2017-12-11 17:01:47',NULL,'nick'), ('40283d8160441a2b016044cf0d0f0065',NULL,'/uums/api/user/logout','Chrome-60.0.3112.113','10',NULL,'127.0.0.1','2','5','用户登出：用户名【nick】、令牌【E3BtLfGrdZLrA2qZOq8RRxsSvX6e2wLkGoUnc7WiES/3bb2XbbqpiCgIqOunDyGIufwY3qDv60myfQa0bD28flG4vuKnewgRMBGpjfk69woSORji0kU/V1Id3mnc/T7VmYqG3s4g58vAjJCDM9EtKWRIfZgfNDYruuTPaa9stv0=】','用户登出','1','Windows','2017-12-11 17:01:48',NULL,'nick'), ('40283d8160441a2b016044cf0d9d0066',NULL,'/uums/api/user/logout','Chrome-60.0.3112.113','152',NULL,'127.0.0.1','2','5','用户登出：用户名【nick】、令牌【E3BtLfGrdZLrA2qZOq8RRxsSvX6e2wLkGoUnc7WiES/3bb2XbbqpiCgIqOunDyGIufwY3qDv60myfQa0bD28flG4vuKnewgRMBGpjfk69woSORji0kU/V1Id3mnc/T7VmYqG3s4g58vAjJCDM9EtKWRIfZgfNDYruuTPaa9stv0=】','用户登出','1','Windows','2017-12-11 17:01:48',NULL,'nick'), ('40283d8160441a2b016044cf0db90067',NULL,'/uums/api/user/logout','Chrome-60.0.3112.113','178',NULL,'127.0.0.1','2','5','用户登出：用户名【nick】、令牌【E3BtLfGrdZLrA2qZOq8RRxsSvX6e2wLkGoUnc7WiES/3bb2XbbqpiCgIqOunDyGIufwY3qDv60myfQa0bD28flG4vuKnewgRMBGpjfk69woSORji0kU/V1Id3mnc/T7VmYqG3s4g58vAjJCDM9EtKWRIfZgfNDYruuTPaa9stv0=】','用户登出','1','Windows','2017-12-11 17:01:48',NULL,'nick'), ('40283d8160441a2b016044cf0dd20068',NULL,'/uums/api/user/logout','Chrome-60.0.3112.113','204',NULL,'127.0.0.1','2','5','用户登出：用户名【nick】、令牌【E3BtLfGrdZLrA2qZOq8RRxsSvX6e2wLkGoUnc7WiES/3bb2XbbqpiCgIqOunDyGIufwY3qDv60myfQa0bD28flG4vuKnewgRMBGpjfk69woSORji0kU/V1Id3mnc/T7VmYqG3s4g58vAjJCDM9EtKWRIfZgfNDYruuTPaa9stv0=】','用户登出','1','Windows','2017-12-11 17:01:48',NULL,'nick'), ('40283d8160441a2b016044cf0f2e0069',NULL,'/uums/api/user/logout','Chrome-60.0.3112.113','13',NULL,'127.0.0.1','2','5','用户登出：用户名【nick】、令牌【E3BtLfGrdZLrA2qZOq8RRxsSvX6e2wLkGoUnc7WiES/3bb2XbbqpiCgIqOunDyGIufwY3qDv60myfQa0bD28flG4vuKnewgRMBGpjfk69woSORji0kU/V1Id3mnc/T7VmYqG3s4g58vAjJCDM9EtKWRIfZgfNDYruuTPaa9stv0=】','用户登出','1','Windows','2017-12-11 17:01:48',NULL,'nick'), ('40283d8160441a2b016044cf30ce006a','simba admin','/uums/api/user/login','Chrome-60.0.3112.113','59',NULL,'127.0.0.1','2','1','用户登录：用户名【root】、记住密码【否】','用户登录','1','Windows','2017-12-11 17:01:57',NULL,'root'), ('40283d8160441a2b016044d9e444006b','simba admin','/uums/api/user/login','Chrome-60.0.3112.113','65',NULL,'127.0.0.1','2','1','用户登录：用户名【nick】、记住密码【否】','用户登录','1','Windows','2017-12-11 17:13:38',NULL,'nick'), ('40283d816045397c01604596d3790000','simba admin','/uums/api/user/login','Chrome-55.0.2883.87','477',NULL,'127.0.0.1','2','1','用户登录：用户名【root】、记住密码【否】','用户登录','2','Windows','2017-12-11 20:39:59',NULL,'root'), ('40283d816045397c01604596eb050001','simba admin','/uums/api/user/login','Chrome-55.0.2883.87','982',NULL,'127.0.0.1','2','1','用户登录：用户名【root】、记住密码【否】','用户登录','1','Windows','2017-12-11 20:40:05',NULL,'root'), ('40283d816045397c0160459bcb4b0002','simba admin',NULL,'Chrome-55.0.2883.87','703','/api/menuResource/delete.do','127.0.0.1','2','4','删除菜单资源信息->【ID：40283d8160441a2b016044a2a44b005e】',NULL,'1','Windows','2017-12-11 20:45:25','0','root'), ('40283d816045397c0160459c01880003','simba admin',NULL,'Chrome-55.0.2883.87','671','/api/menuResource/update.do','127.0.0.1','2','4','更新菜单资源->【ID：40283d8160441a2b0160449c8f4d0052，名称：login，标识符：compLogin，url：/compLogin，图标：undefined，排序号：1，所属系统：ff80808159aa70380159af77e1aa0002，父级：40283d8160441a2b016044936f950041】',NULL,'1','Windows','2017-12-11 20:45:39','0','root'), ('40283d816045397c016045d3f9ac0004','simba admin','/uums/api/user/login','Chrome-60.0.3112.113','187',NULL,'127.0.0.1','2','1','用户登录：用户名【root】、记住密码【否】','用户登录','1','Windows','2017-12-11 21:46:47',NULL,'root'), ('40283d816045397c0160461488940005',NULL,'/uums/api/user/logout','Chrome-60.0.3112.113','455',NULL,'127.0.0.1','2','5','用户登出：用户名【root】、令牌【km07/li98YG3T5njAOuf32U+u2KcJ/whL1A4s8OsTy7JA/73OOO+M99Zo2uVd56v+u+OnTI9lcQP5wiy13PEI3QWKAnpTmV3HvAJkE0PR0Q/UW5dhz31sWe/EQVuxQv0vb3UOTQR6Gc0oHp4lAwVz12SaI29c/JUXKebRRJO01c=】','用户登出','1','Windows','2017-12-11 22:57:18',NULL,'root'), ('40283d816045397c01604614de900006','simba admin','/uums/api/user/login','Chrome-60.0.3112.113','149',NULL,'127.0.0.1','2','1','用户登录：用户名【nick】、记住密码【否】','用户登录','2','Windows','2017-12-11 22:57:40',NULL,'nick'), ('40283d816045397c01604614f6710007','simba admin','/uums/api/user/login','Chrome-60.0.3112.113','234',NULL,'127.0.0.1','2','1','用户登录：用户名【nick】、记住密码【否】','用户登录','1','Windows','2017-12-11 22:57:46',NULL,'nick'), ('40283d816045397c01604615707e0008',NULL,'/uums/api/user/logout','Chrome-60.0.3112.113','75',NULL,'127.0.0.1','2','5','用户登出：用户名【nick】、令牌【AmJXbNuODnZYvzfrjNULjnmejE1B9oKv9YXG24GUo/liH69UeT5v8TyPYXOBsFFhh1xBhahTpdkTGjumCB+jUth+o7xDmBWxhyGb9i+/BBwfqXq1/834UGSrCNW/vU2hLRogqhSfC9eL/M07GtvS0yz5BroWFbfJ7kiaOPZ7DUE=】','用户登出','1','Windows','2017-12-11 22:58:18',NULL,'nick'), ('40283d8160494a3c0160494f6cc30000','simba admin','/uums/api/user/login','Chrome-60.0.3112.113','1436',NULL,'127.0.0.1','2','1','用户登录：用户名【nick】、记住密码【否】','用户登录','1','Windows','2017-12-12 14:00:28',NULL,'nick'), ('40283d8160494a3c01604958935e0001',NULL,'/uums/api/user/logout','Chrome-60.0.3112.113','33',NULL,'127.0.0.1','2','5','用户登出：用户名【nick】、令牌【StGewFwEtj+6vWTLJxRx2eW0yAhk4o4mReOSeSqL2EwO4OthxcMY+2/fGvKYllHo4E0fvD9vchLbwN/R0qRmgRgLBtRTxnhbugyM64enx3dj3TyxXF/sCK1iH9zW1sobEoSZRuXk2ZqkNU2qWrWOUVJAsthWudZ9Bo7HQfdwzDA=】','用户登出','1','Windows','2017-12-12 14:10:29',NULL,'nick'), ('40283d8160494a3c01604959e3470002','simba admin','/uums/api/user/login','Chrome-55.0.2883.87','185',NULL,'127.0.0.1','2','1','用户登录：用户名【nick】、记住密码【否】','用户登录','1','Windows','2017-12-12 14:11:55',NULL,'nick'), ('40283d8160494a3c01604968e3a60003','simba admin','/uums/api/user/login','Chrome-60.0.3112.113','88',NULL,'127.0.0.1','2','1','用户登录：用户名【nick】、记住密码【否】','用户登录','1','Windows','2017-12-12 14:28:18',NULL,'nick'), ('40283d8160494a3c0160498f40780004','simba admin',NULL,'Chrome-60.0.3112.113','1216','/api/menuResource/update.do','127.0.0.1','2','4','更新菜单资源->【ID：40283d8160441a2b016044a380ba0060，名称：路由拦截，标识符：compRouterEnter，url：/comp/compRouterEnter，图标：undefined，排序号：2，所属系统：ff80808159aa70380159af77e1aa0002，父级：40283d8160441a2b01604493f2f40043】',NULL,'1','Windows','2017-12-12 15:10:11','0','nick'), ('40283d8160494a3c01604991124d0005',NULL,'/uums/api/user/logout','Chrome-55.0.2883.87','99',NULL,'127.0.0.1','2','5','用户登出：用户名【nick】、令牌【IfXKllH9LrcLqRtSrdT+p2UxJs1pHeNUV0Iji7yAJtA9nc5p5+G1RCwjHZ+fJ3NkOjxbCUGwABlXk6TjJDvJdeC7Y0aFu01GqPzf2HQrdHys09QUGo7p3yCAxLxTT1c+7E0q/d6XeQzTfH8edZayhcr/KmrGGfTub3T1ukZICio=】','用户登出','1','Windows','2017-12-12 15:12:12',NULL,'nick'), ('40283d8160494a3c01604995f1850006',NULL,'/uums/api/user/logout','Chrome-60.0.3112.113','67',NULL,'127.0.0.1','2','5','用户登出：用户名【nick】、令牌【StGewFwEtj+6vWTLJxRx2eW0yAhk4o4mReOSeSqL2EwO4OthxcMY+2/fGvKYllHo4E0fvD9vchLbwN/R0qRmgRgLBtRTxnhbugyM64enx3dj3TyxXF/sCK1iH9zW1sobEoSZRuXk2ZqkNU2qWrWOUVJAsthWudZ9Bo7HQfdwzDA=】','用户登出','1','Windows','2017-12-12 15:17:31',NULL,'nick'), ('40283d8160494a3c0160499612de0007','simba admin','/uums/api/user/login','Chrome-60.0.3112.113','53',NULL,'127.0.0.1','2','1','用户登录：用户名【root】、记住密码【否】','用户登录','1','Windows','2017-12-12 15:17:40',NULL,'root'), ('40283d8160494a3c016049a0dc090008',NULL,'/uums/api/user/logout','Chrome-60.0.3112.113','11',NULL,'127.0.0.1','2','5','用户登出：用户名【nick】、令牌【ZCObnyVugm+mGzSNtGXK1s543F4zkZYEP3hLE7qmzPu5TpfjfctqRnQoPYhbqLNKcY2ZkrgYn5PuN6pe+N5w4kd+/BuykC1xaG94uV53LJ09VxlEYPiVStczOvpQOZ6kRzlaUdT26mR4zA5Vn2AT6OybElAoxoG9n2un6Oa3zQw=】','用户登出','1','Windows','2017-12-12 15:29:27',NULL,'nick'), ('40283d8160494a3c016049a0fb740009','simba admin','/uums/api/user/login','Chrome-60.0.3112.113','244',NULL,'127.0.0.1','2','1','用户登录：用户名【root】、记住密码【否】','用户登录','2','Windows','2017-12-12 15:29:34',NULL,'root'), ('40283d8160494a3c016049a1136d000a','simba admin','/uums/api/user/login','Chrome-60.0.3112.113','83',NULL,'127.0.0.1','2','1','用户登录：用户名【root】、记住密码【否】','用户登录','1','Windows','2017-12-12 15:29:41',NULL,'root'), ('40283d8160494a3c016049ae2e80000c','simba admin',NULL,'Chrome-60.0.3112.113','201','/api/menuResource/add.do','127.0.0.1','2','4','新增菜单资源->【名称：音乐模块，标识符：compMusic，url：undefined，图标：undefined，排序号：undefined，所属系统：ff80808159aa70380159af77e1aa0002，父级：40283d816043a824016043e86f550005】',NULL,'1','Windows','2017-12-12 15:43:59','0','root'), ('40283d8160494a3c016049af707a000e','simba admin',NULL,'Chrome-60.0.3112.113','160','/api/menuResource/add.do','127.0.0.1','2','4','新增菜单资源->【名称：音乐系列，标识符：compMusics，url：/uums/compMusics，图标：undefined，排序号：1，所属系统：ff80808159aa70380159af77e1aa0002，父级：40283d8160494a3c016049ae2db7000b】',NULL,'1','Windows','2017-12-12 15:45:22','0','root'), ('40283d8160494a3c016049afe088000f','simba admin',NULL,'Chrome-60.0.3112.113','158','/api/menuResource/update.do','127.0.0.1','2','4','更新菜单资源->【ID：40283d8160494a3c016049ae2db7000b，名称：音乐模块，标识符：compMusicM，url：undefined，图标：undefined，排序号：undefined，所属系统：ff80808159aa70380159af77e1aa0002，父级：40283d816043a824016043e86f550005】',NULL,'1','Windows','2017-12-12 15:45:51','0','root'), ('40283d8160494a3c016049e444070010',NULL,'/uums/api/user/logout','Chrome-60.0.3112.113','7',NULL,'127.0.0.1','2','5','用户登出：用户名【root】、令牌【WRIwlUUK0Rp5qlWYX8ybt65MY+A3YoE5HQmKxzahGIYxT5av6iSH6e5uRz1o2XEOEH/csk26mp6L2dPyIR1hHzz/sYxvREldVPfNCItPoq80bjUbfgM9iQTtlCfbxMIgy4STXQuFla3Zm0QHDNuqeFEYtRErdoqjkzgU1jZmov4=】','用户登出','1','Windows','2017-12-12 16:43:04',NULL,'root'), ('40283d8160494a3c016049e475c10011','simba admin','/uums/api/user/login','Chrome-60.0.3112.113','282',NULL,'127.0.0.1','2','1','用户登录：用户名【nick】、记住密码【否】','用户登录','1','Windows','2017-12-12 16:43:17',NULL,'nick'), ('40283d81604aab9101604ab2fe2b0000','simba admin','/uums/api/user/login','Chrome-55.0.2883.87','1620',NULL,'127.0.0.1','2','1','用户登录：用户名【root】、记住密码【否】','用户登录','1','Windows','2017-12-12 20:28:50',NULL,'root'), ('40283d81604aab9101604ab451250001','simba admin','/uums/api/user/login','Chrome-60.0.3112.113','220',NULL,'127.0.0.1','2','1','用户登录：用户名【nick】、记住密码【否】','用户登录','1','Windows','2017-12-12 20:30:19',NULL,'nick'), ('40283d81604aab9101604aec0d320002',NULL,'/uums/api/user/logout','Chrome-60.0.3112.113','101',NULL,'127.0.0.1','2','5','用户登出：用户名【nick】、令牌【ekwWLzl+vf+UMfjvKN7aW4zXVzjEdPfJkjO0/8HT20Yz4HWcDTm4jriZfdGBaBjudX4Iql5ly8rAFNbdhBPXnOdNMOIgcMTjxcZq8os6wN0DztEhC5kyw/93UXBUe2KkAYg85l+JqCuhA+3FMN9MC36hfjWgnB+B0zfkebf6Q0o=】','用户登出','1','Windows','2017-12-12 21:31:11',NULL,'nick'), ('40283d81604aab9101604aec494e0003','simba admin','/uums/api/user/login','Chrome-60.0.3112.113','233',NULL,'127.0.0.1','2','1','用户登录：用户名【nick】、记住密码【否】','用户登录','1','Windows','2017-12-12 21:31:26',NULL,'nick'), ('40283d81604fc7ed01604fccff7a0000','simba admin','/uums/api/user/login','Chrome-55.0.2883.87','2149',NULL,'127.0.0.1','2','1','用户登录：用户名【nick】、记住密码【否】','用户登录','1','Windows','2017-12-13 20:15:20',NULL,'nick'), ('40283d8160739949016073a5d43e0000','simba admin','/uums/api/user/login','Chrome-60.0.3112.113','23581',NULL,'127.0.0.1','2','1','用户登录：用户名【root】、记住密码【是】','用户登录','2','Windows','2017-12-20 19:18:31',NULL,'root');
INSERT INTO `UMS_MENU_RESOURCE` VALUES ('40283d816043a824016043e86f550005','1',NULL,'setting','公共组件','5','pulbic components',NULL,'ff80808159aa70380159af77e1aa0002',NULL), ('40283d816043a824016043ea726c0008','1',NULL,NULL,'UI','1','compUI','','ff80808159aa70380159af77e1aa0002','40283d816043a824016043e86f550005'), ('40283d8160441a2b01604420e23d0002','1',NULL,NULL,'按钮','1','compButton','/uums/compButton','ff80808159aa70380159af77e1aa0002','40283d816043a824016043ea726c0008'), ('40283d8160441a2b0160444999ac0008','1',NULL,NULL,'图标','2','compIcons','/uums/compIcons','ff80808159aa70380159af77e1aa0002','40283d816043a824016043ea726c0008'), ('40283d8160441a2b0160445160750010','1',NULL,NULL,'加载中','3','compSpins','/uums/compSpins','ff80808159aa70380159af77e1aa0002','40283d816043a824016043ea726c0008'), ('40283d8160441a2b01604451d8a40012','1',NULL,NULL,'对话框','4','compModals','/uums/compModals','ff80808159aa70380159af77e1aa0002','40283d816043a824016043ea726c0008'), ('40283d8160441a2b01604452748f0014','1',NULL,NULL,'提示','5','compNotif','/uums/compNotifications','ff80808159aa70380159af77e1aa0002','40283d816043a824016043ea726c0008'), ('40283d8160441a2b0160445336440016','1',NULL,NULL,'标签页','6','compTabs','/uums/compTabs','ff80808159aa70380159af77e1aa0002','40283d816043a824016043ea726c0008'), ('40283d8160441a2b016044563bec001b','1',NULL,NULL,'富文本','8','compWysiwyg','/uums/compWysiwyg','ff80808159aa70380159af77e1aa0002','40283d816043a824016043ea726c0008'), ('40283d8160441a2b016044572a6f001f','1',NULL,NULL,'拖拽','9','compDrags','/uums/compDrags','ff80808159aa70380159af77e1aa0002','40283d816043a824016043ea726c0008'), ('40283d8160441a2b01604457aba40021','1',NULL,NULL,'画廊','10','compGallery','/uums/compGallery','ff80808159aa70380159af77e1aa0002','40283d816043a824016043ea726c0008'), ('40283d8160441a2b0160448e8e850033','1',NULL,NULL,'动画','2','compAnimation',NULL,'ff80808159aa70380159af77e1aa0002','40283d816043a824016043e86f550005'), ('40283d8160441a2b0160449055430036','1',NULL,NULL,'表格','3','compTable',NULL,'ff80808159aa70380159af77e1aa0002','40283d816043a824016043e86f550005'), ('40283d8160441a2b016044919c7d003c','1',NULL,NULL,'表单','4','compForm',NULL,'ff80808159aa70380159af77e1aa0002','40283d816043a824016043e86f550005'), ('40283d8160441a2b01604492c31a003f','1',NULL,NULL,'图表','5','compChart',NULL,'ff80808159aa70380159af77e1aa0002','40283d816043a824016043e86f550005'), ('40283d8160441a2b016044936f950041','1',NULL,NULL,'页面','6','compPage',NULL,'ff80808159aa70380159af77e1aa0002','40283d816043a824016043e86f550005'), ('40283d8160441a2b01604493f2f40043','1',NULL,NULL,'权限管理','7','compAuth',NULL,'ff80808159aa70380159af77e1aa0002','40283d816043a824016043e86f550005'), ('40283d8160441a2b01604497922a0048','1',NULL,NULL,'基本动画','1','compBasicAnimations','/uums/compBasicAnimations','ff80808159aa70380159af77e1aa0002','40283d8160441a2b0160448e8e850033'), ('40283d8160441a2b0160449905c2004b','1',NULL,NULL,'基础表格','2','compBasicTable','/uums/compBasicTable','ff80808159aa70380159af77e1aa0002','40283d8160441a2b0160449055430036'), ('40283d8160441a2b0160449a66a5004d','1',NULL,NULL,'基础表单','1','compBasicForm','/uums/compBasicForm','ff80808159aa70380159af77e1aa0002','40283d8160441a2b016044919c7d003c'), ('40283d8160441a2b0160449c10aa0050','1',NULL,NULL,'echarts',NULL,'compEcharts','/uums/compEcharts','ff80808159aa70380159af77e1aa0002','40283d8160441a2b01604492c31a003f'), ('40283d8160441a2b0160449c8f4d0052','1',NULL,NULL,'login','1','compLogin','/compLogin','ff80808159aa70380159af77e1aa0002','40283d8160441a2b016044936f950041'), ('40283d8160441a2b0160449d7acb0054','1',NULL,NULL,'基础演示','1','compAuthBasic','/uums/compAuthBasic','ff80808159aa70380159af77e1aa0002','40283d8160441a2b01604493f2f40043'), ('40283d8160441a2b016044a082010056','1',NULL,NULL,'动画案例','2','compExampleAnimations','/uums/compExampleAnimations','ff80808159aa70380159af77e1aa0002','40283d8160441a2b0160448e8e850033'), ('40283d8160441a2b016044a1245a0058','1',NULL,NULL,'高级表格','2','compAdvancedTable','/uums/compAdvancedTable','ff80808159aa70380159af77e1aa0002','40283d8160441a2b0160449055430036'), ('40283d8160441a2b016044a1ade7005a','1',NULL,NULL,'异步表格','3','compAsynchronousTable','/uums/compAsynchronousTable','ff80808159aa70380159af77e1aa0002','40283d8160441a2b0160449055430036'), ('40283d8160441a2b016044a23354005c','1',NULL,NULL,'recharts','2','compRecharts','/uums/compRecharts','ff80808159aa70380159af77e1aa0002','40283d8160441a2b01604492c31a003f'), ('40283d8160441a2b016044a380ba0060','1',NULL,NULL,'路由拦截','2','compRouterEnter','/comp/compRouterEnter','ff80808159aa70380159af77e1aa0002','40283d8160441a2b01604493f2f40043'), ('40283d8160494a3c016049ae2db7000b','1',NULL,NULL,'音乐模块',NULL,'compMusicM',NULL,'ff80808159aa70380159af77e1aa0002','40283d816043a824016043e86f550005'), ('40283d8160494a3c016049af6fd8000d','1',NULL,NULL,'音乐系列','1','compMusics','/uums/compMusics','ff80808159aa70380159af77e1aa0002','40283d8160494a3c016049ae2db7000b'), ('4028524259aa70650159b0aa870d0003','1',NULL,'appstore','统一用户','1','uums',NULL,'ff80808159aa70380159af77e1aa0002',NULL), ('4028524259aa70650159b0cec12e0004','1',NULL,NULL,'系统角色','16','role','/uums/role','ff80808159aa70380159af77e1aa0002','ff8080815f956c06015f95c439780000'), ('4028524259aa70650159b0cfb0d20005','1',NULL,NULL,'用户管理','15','user','/uums/user','ff80808159aa70380159af77e1aa0002','4028524259aa70650159b0aa870d0003'), ('4028524259aa70650159b0cfe7870006','1',NULL,NULL,'菜单资源','17','menuResource','/uums/menuResource','ff80808159aa70380159af77e1aa0002','ff8080815f956c06015f95c439780000'), ('ff80808159aa70380159b0ce42510006','1',NULL,NULL,'应用系统','1','app','/uums/app','ff80808159aa70380159af77e1aa0002','ff8080815f956c06015f95c439780000'), ('ff80808159aa70380159b0ce8d010007','1',NULL,NULL,'机构管理','7','org','/uums/org','ff80808159aa70380159af77e1aa0002','4028524259aa70650159b0aa870d0003'), ('ff80808159aa70380159b0cea5c40008','1',NULL,NULL,'部门管理','8','department','/uums/department','ff80808159aa70380159af77e1aa0002','4028524259aa70650159b0aa870d0003'), ('ff80808159aa70380159b0cfa0a50009','1',NULL,NULL,'职位管理','9','position','/uums/position','ff80808159aa70380159af77e1aa0002','4028524259aa70650159b0aa870d0003'), ('ff80808159aa70620159b0d033fd0007','1',NULL,NULL,'请求资源','18','controllerResource','/uums/controllerResource','ff80808159aa70380159af77e1aa0002','ff8080815f956c06015f95c439780000'), ('ff8080815d418e56015dcf10a1d50049','1',NULL,NULL,'统一管理','5','unifyManage','/uums/unifyManage','ff80808159aa70380159af77e1aa0002','4028524259aa70650159b0aa870d0003'), ('ff8080815e4bc997015e4be164780000','1',NULL,NULL,'角色管理','10','orgRole','/uums/orgRole','ff80808159aa70380159af77e1aa0002','4028524259aa70650159b0aa870d0003'), ('ff8080815e50cf72015e50ea208f0000','1',NULL,NULL,'人员管理','20','person','/uums/person','ff80808159aa70380159af77e1aa0002','4028524259aa70650159b0aa870d0003'), ('ff8080815ebc0e28015f33a8e3c90027','1',NULL,'123','123','123','123','12344234234','ff8080815ab103ed015adb6e921c0001',NULL), ('ff8080815ebc17e1015f372b43f50026','1',NULL,'123','123123','1','12312','123','ff8080815ab103ed015adb6e921c0001',NULL), ('ff8080815ebc17e1015f6d797947004e','1',NULL,NULL,'123123',NULL,'123123',NULL,'ff8080815ab103ed015adb6e921c0001','ff8080815ebc17e1015f372b43f50026'), ('ff8080815f9562eb015f95c31f950000','1',NULL,'folder-open','公共数据','3','public data',NULL,'ff80808159aa70380159af77e1aa0002',NULL), ('ff8080815f956c06015f95c439780000','1',NULL,'setting','统一配置','2','unify config',NULL,'ff80808159aa70380159af77e1aa0002',NULL), ('ff8080815f956c06015f95cd0be90001','1',NULL,NULL,'数据字典','1','data dictionary','/uums/dict','ff80808159aa70380159af77e1aa0002','ff8080815f9562eb015f95c31f950000'), ('ff8080815f9963c4015f997547da0000','1',NULL,NULL,'日志服务','1','log','/uums/log','ff80808159aa70380159af77e1aa0002','ff8080815f996cf4015f997d997d0000'), ('ff8080815f996cf4015f997d997d0000','1',NULL,'share-alt','公共服务','4','public server',NULL,'ff80808159aa70380159af77e1aa0002',NULL), ('ff8080815f9ec85a015fa3f1dea40005','1',NULL,NULL,'字典类型','2','dict type','/uums/dictType','ff80808159aa70380159af77e1aa0002','ff8080815f9562eb015f95c31f950000');
INSERT INTO `UMS_ORG` VALUES ('297e06725a081427015a08147e8e0000',' 福州软件园',NULL,NULL,NULL,NULL,NULL,NULL,'1','1','工程中心','1','123213123213213',NULL,NULL,NULL,NULL,NULL), ('297e06725a081427015a08147f3a0001','1232334324234',NULL,NULL,NULL,NULL,NULL,NULL,'1','1','工程中心软件部','1','13614082083',NULL,NULL,'297e06725a081427015a08147e8e0000',NULL,'297e06725a081427015a08147e8e0000'), ('ff8080815de518ff015dee166a94000b','1231231',NULL,NULL,NULL,NULL,NULL,NULL,'1','1','1231231',NULL,NULL,NULL,NULL,NULL,NULL,'ff8080815ebc17e1015f05be4b740008'), ('ff8080815ebc17e1015f05be4b740008','asdfsdf',NULL,NULL,NULL,NULL,NULL,NULL,'1','1','saf','1','asdfasd',NULL,NULL,NULL,NULL,'297e06725a081427015a08147f3a0001');
INSERT INTO `UMS_ORG_ROLE` VALUES ('ff8080815e4bc997015e4c7450420022','1','普通用户','OG_297e06725a081427015a08147e8e0000','297e06725a081427015a08147e8e0000'), ('ff8080815e4bd312015e4c7df50d0028','1','超级管理员','OSM_297e06725a081427015a08147f3a0001','297e06725a081427015a08147f3a0001'), ('ff8080815e4bd312015e4c7df9420035','1','普通用户','OG_ff8080815de518ff015dee166a94000b','ff8080815de518ff015dee166a94000b'), ('ff8080815e502b12015e5056f5630003','1','123123123','123123123213','297e06725a081427015a08147e8e0000'), ('ff8080815e50f8d6015e51a361870028','1','超级管理员','OSM_297e06725a081427015a08147e8e0000','297e06725a081427015a08147e8e0000'), ('ff8080815e50f8d6015e51a361e70029','1','普通用户','OG_297e06725a081427015a08147f3a0001','297e06725a081427015a08147f3a0001'), ('ff8080815e50f8d6015e51a36604002d','1','超级管理员','OSM_ff8080815de518ff015dee166a94000b','ff8080815de518ff015dee166a94000b');
INSERT INTO `UMS_PERSON` VALUES ('40283d816043a824016043ed7998000c',NULL,'nick',NULL,NULL,NULL,'nick'), ('ff8080815e5584bd015e559ce3920002',NULL,'测试4',NULL,NULL,NULL,'ceshi4'), ('ff8080815e5584bd015e55b87c650005',NULL,'1231232',NULL,NULL,NULL,'12312321312313'), ('ff8080815e5584bd015e55b8bce80007',NULL,'12313213',NULL,NULL,NULL,'123123213213'), ('ff8080815e558e3b015e5598a6d80000',NULL,'爱死费崇政',NULL,NULL,NULL,'fay123456'), ('ff8080815e5ab3f5015e5acb5b230000',NULL,'测试',NULL,NULL,NULL,'ceshi'), ('ff8080815e5ab3f5015e5acba7c00001',NULL,'测试2',NULL,NULL,NULL,'ceshi2'), ('ff8080815e5ab3f5015e5acbd1d80003',NULL,'测试3',NULL,NULL,NULL,'ceshi3'), ('ff8080815e5ab3f5015e5ae3f47d0007',NULL,'12312321313',NULL,NULL,NULL,'12321312323'), ('ff8080815ebc0e28015f29612a800021',NULL,'123',NULL,NULL,NULL,'123'), ('ff8080815ebc0e28015f29a521050025',NULL,'123',NULL,NULL,NULL,'123123'), ('ff8080815ebc0e28015f37236154002b',NULL,'123',NULL,NULL,NULL,'444'), ('ff8080815ebc0e28015f3728766a002f',NULL,'123213',NULL,NULL,NULL,'123123123213'), ('ff8080815ebc17e1015f372f8d11002c',NULL,'123123232',NULL,NULL,NULL,'12321123'), ('ff8080815ebc17e1015f6c896c0b004a',NULL,'root',NULL,NULL,NULL,'root'), ('ff8080815ec13fed015f3c5474de0027',NULL,'123123111',NULL,NULL,NULL,'123213'), ('ff8080815ec13fed015f71af86720040',NULL,'999999999',NULL,NULL,NULL,'999999999'), ('ff8080815f72d4d4015f75a3ce410002',NULL,'fay456',NULL,NULL,NULL,'fay456'), ('ff8080815fdc23d6015fe66680cc0000',NULL,'123123123213',NULL,NULL,NULL,'123213123');
INSERT INTO `UMS_POSITION` VALUES ('402852425ca0e036015ca43dd8ef0001','1','5678901','5678901','ff8080815c62b387015c62c32a890002','297e06725a081427015a08147e8e0000',NULL), ('ff8080815ca0dfdb015ca43d7eb60000','1','567890','567890','ff8080815c62b387015c62c32a890002','297e06725a081427015a08147e8e0000',NULL);
INSERT INTO `UMS_ROLE` VALUES ('ff8080815e4bc997015e4c73cbee0012','1','simba超级管理员','SM_simba admin','ff80808159aa70380159af77e1aa0002'), ('ff8080815e4bd312015e4c7d71150014','1','普通用户','GU_RJ-Report','ff8080815ab103ed015adb6e921c0001'), ('ff8080815e4bd312015e4c7d71200015','1','管理员','MU_RJ-Report','ff8080815ab103ed015adb6e921c0001'), ('ff8080815e4bd312015e4c7d712d0016','1','report超级管理员','SM_RJ-Report','ff8080815ab103ed015adb6e921c0001'), ('ff8080815e50f8d6015e51a2dcb90019','1','普通用户','GU_simba admin','ff80808159aa70380159af77e1aa0002'), ('ff8080815e50f8d6015e51a2dd38001a','1','管理员','MU_simba admin','ff80808159aa70380159af77e1aa0002');
INSERT INTO `UMS_USER` VALUES ('40283d816043a824016043ed7998000c','2017-12-11 12:55:24.000000','2','1','nick','b07d7f904285281ceb6909b3832efeb0','t1a4Bbaib3','nick',NULL,NULL), ('ff8080815e5584bd015e559ce3920002',NULL,'2','1','测试4','ca8c4f9c825448581191c1028f304814','MHXxRALur7','ceshi4',NULL,NULL), ('ff8080815e5584bd015e55b87c650005',NULL,'2','1','1231232','ba09c073a5a1a0edad659bb02f8fbb60','tbFRyRWvSE','12312321312313',NULL,NULL), ('ff8080815e5584bd015e55b8bce80007',NULL,'2','1','12313213','ebb7989b108b8147c1c7ce713de97917','ILCtS7LYtc','123123213213',NULL,NULL), ('ff8080815e5584bd015e55b8bce80087',NULL,NULL,NULL,'fay123',NULL,NULL,NULL,NULL,NULL), ('ff8080815e558e3b015e5598a6d80000',NULL,'2','1','爱死费崇政','520d30c974db865ffc870649838ffd86','OhvwIWKc15','fay123456',NULL,NULL), ('ff8080815e5ab3f5015e5acb5b230000',NULL,'2','1','测试','86f36aeb457322f3693ae7f1b720cbcb','MHlYJsWlJx','ceshi',NULL,NULL), ('ff8080815e5ab3f5015e5acba7c00001',NULL,'2','1','测试2','79c21d17f34a1af1d9cfeeb0aa9577fc','26evZ2X7fA','ceshi2',NULL,NULL), ('ff8080815e5ab3f5015e5acbd1d80003',NULL,'2','1','测试3','d9be08978ac42d7b05d7bf1f0440941a','mZqOkGdanD','ceshi3',NULL,NULL), ('ff8080815e5ab3f5015e5ae3f47d0007',NULL,'2','1','12312321313','8cd626b60a4cceebe313503d2f28f60b','dR1hIIVfqZ','12321312323',NULL,NULL), ('ff8080815ebc0e28015f29612a800021',NULL,'2','1','123','5f8c0baf93a7be95e6173b23adbde7be','pFRVgAxwvO','123',NULL,NULL), ('ff8080815ebc0e28015f29a521050025',NULL,'2','1','123','e0a16ec6cade741a3aa28e2a449389bc','AmO6got5vZ','123123',NULL,NULL), ('ff8080815ebc0e28015f37236154002b',NULL,'2','1','123','9f0a0be5b6c3575414faf0321dcd12dc','3OABySndB8','444',NULL,NULL), ('ff8080815ebc0e28015f3728766a002f',NULL,'2','1','123213','c5b774b3f2aac8cdcb63c09d69cfea1c','wHuZ7iQl7g','123123123213',NULL,NULL), ('ff8080815ebc17e1015f372f8d11002c',NULL,'2','1','123123232','b9e68cdeea0678575a31e8bf75bdda78','fbHV9g3BzR','12321123',NULL,NULL), ('ff8080815ebc17e1015f6c896c0b004a',NULL,'2','1','超级管理员','a6c87861011b72810dcd728c82caa5d6','9C8H9troNs','root',NULL,NULL), ('ff8080815ec13fed015f3c5474de0027',NULL,'2','1','123123','da714021343a11e9d936cda330927ba1','3quvEYfPOs','123213',NULL,NULL), ('ff8080815ec13fed015f71af86720040',NULL,'2','1','999999999','715d848104abfc35a1a629187abb1bd9','bEmsON83hx','999999999',NULL,NULL), ('ff8080815f72d4d4015f75a3ce410002',NULL,'2','1','fay456','c9c342b61e87fedd500c6bd33f2d9de8','pXEuE0kFpJ','fay456',NULL,NULL), ('ff8080815fdc23d6015fe66680cc0000',NULL,'2','1','123123123213','cb9fe93c543189156f3f5ddfcc71d7a6','f45fIGViSM','123213123',NULL,NULL);
INSERT INTO `UMS_USER_DEPARTMENT_RELATION` VALUES ('ff8080815e7a88e5015e996178d60001','ff8080815c62b387015c62c32a890002','ff8080815e5584bd015e55b87c650005'), ('ff8080815fe14a86015feb8c7eb90000','ff8080815c62b387015c62c32a890002','ff8080815fdc23d6015fe66680cc0000');
INSERT INTO `UMS_USER_ORG_DEPARTMENT_POS` VALUES ('40285242596c861201596ca9bdba0001',NULL,NULL,'40285242596c861201596ca9bda60000',NULL), ('402852425c47e146015c48d9bc890000','297e06725a081427015a08147e8e0000',NULL,'ff80808159c448130159c9291e510000',NULL), ('402852425c47e146015c48db07d70001','297e06725a081427015a08147e8e0000','4028524259a614230159a64943e30000','ff80808159aa70620159aa8547990005',NULL), ('402852425c47e146015c48db36da0002','297e06725a081427015a08147e8e0000',NULL,'ff8080815c438c58015c43e80812000a',NULL), ('40288294596c77e001596c782dbb0001',NULL,NULL,'40288294596c77e001596c782da70000',NULL), ('ff808081596c857901596caa1aaf0001','297e06725a081427015a08147e8e0000',NULL,'ff808081596c857901596caa1a980000',NULL), ('ff808081599704090159971cb53f0001','297e06725a081427015a08147e8e0000',NULL,'ff808081599704090159971cb5330000',NULL), ('ff8080815c47ca00015c47d08aa80000','402852425a08043d015a0812a4010000',NULL,'ff80808159c448130159c9291e510000',NULL), ('ff8080815c47d1b9015c47d8ea000000','402852425a08043d015a0812a4010000',NULL,'ff80808159c448130159c9291e510000',NULL), ('ff8080815c47e9b0015c48fbc7900000','297e06725a081427015a08147f3a0001','4028524259a614230159a64943e30000','ff80808159c448130159c9291e510000',NULL);
INSERT INTO `UMS_USER_ORG_RELATION` VALUES ('40283d81604018ca016040b80eae000d','ff8080815ebc17e1015f05be4b740008','ff8080815e5584bd015e559ce3920002'), ('ff8080815e5584bd015e55b8bd910008','297e06725a081427015a08147e8e0000','ff8080815e5584bd015e55b8bce80007'), ('ff8080815e7a88e5015e9d0aeda40002','297e06725a081427015a08147e8e0000','ff8080815e5ab3f5015e5ae3f47d0007'), ('ff8080815ebc0e28015f09290909000a','297e06725a081427015a08147e8e0000','ff8080815e5ab3f5015e5acb5b230000'), ('ff8080815ebc0e28015f093089ae000c','297e06725a081427015a08147e8e0000','ff8080815e5584bd015e559ce3920002'), ('ff8080815ebc0e28015f093089ae000d','297e06725a081427015a08147e8e0000','ff8080815e558e3b015e5598a6d80000'), ('ff8080815ebc0e28015f57ee321e004b','297e06725a081427015a08147e8e0000','ff8080815ec13fed015f3c5474de0027'), ('ff8080815ec13fed015f0e602640000b','297e06725a081427015a08147e8e0000','ff8080815e5ab3f5015e5acba7c00001'), ('ff8080815ec13fed015f0e602640000d','297e06725a081427015a08147e8e0000','ff8080815e5584bd015e55b87c650005'), ('ff8080815f72d4d4015f75a3f7d10004','297e06725a081427015a08147e8e0000','ff8080815f72d4d4015f75a3ce410002');
INSERT INTO `UMS_USER_POSITION_RELATION` VALUES ('ff8080815e5584bd015e55b87c7d0006','ff8080815ca0dfdb015ca43d7eb60000','ff8080815e5584bd015e55b87c650005');
INSERT INTO `UMS_USER_ROLE` VALUES ('ff8080815c67c391015c67cbc6a80000','4028524259a614230159aa6fe2690001','ff80808159aa70620159aa8547990005'), ('ff8080815c67cb4c015c67d28df70000','4028524259a614230159aa6fe2690001','ff80808159c448130159c9291e510000');
INSERT INTO `UMS_USER_ROLE_RELATION` VALUES ('40283d816043a824016043ed7a1d000d','ff8080815e50f8d6015e51a2dcb90019','40283d816043a824016043ed7998000c'), ('40283d816043a824016043ed7a40000e','ff8080815e4bd312015e4c7d71150014','40283d816043a824016043ed7998000c'), ('40283d816043f97a0160441576d0000a','ff8080815e4bc997015e4c73cbee0012','40283d816043a824016043ed7998000c'), ('ff8080815e5584bd015e559c49e90000','ff8080815e4bd312015e4c7d71150014','ff8080815e5ab3f5015e5acb5b230000'), ('ff8080815e5584bd015e559c96600001','ff8080815e4bd312015e4c7d71150014','ff8080815e5ab3f5015e5acba7c00001'), ('ff8080815e5584bd015e55b4e3580004','ff8080815e50f8d6015e51a2dcb90019','ff8080815e5ab3f5015e5ae3f47d0007'), ('ff8080815e558e3b015e5598a74c0001','ff8080815e50f8d6015e51a2dcb90019','ff8080815e558e3b015e5598a6d80000'), ('ff8080815e558e3b015e5598a7770002','ff8080815e4bd312015e4c7d71150014','ff8080815e558e3b015e5598a6d80000'), ('ff8080815e558e3b015e55a5eb950003','ff8080815e50f8d6015e51a2dcb90019','ff8080815e5ab3f5015e5acb5b230000'), ('ff8080815e558e3b015e55a661fc0004','ff8080815e50f8d6015e51a2dcb90019','ff8080815e5ab3f5015e5acbd1d80003'), ('ff8080815e558e3b015e55a685a50005','ff8080815e50f8d6015e51a2dcb90019','ff8080815e5584bd015e559ce3920002'), ('ff8080815e558e3b015e55a685c20006','ff8080815e4bd312015e4c7d71150014','ff8080815e5584bd015e559ce3920002'), ('ff8080815e558e3b015e55c21ea50008','ff8080815e4bd312015e4c7d71150014','ff8080815e5584bd015e55b87c650005'), ('ff8080815e558e3b015e55c260820009','ff8080815e50f8d6015e51a2dcb90019','ff8080815e5584bd015e55b8bce80007'), ('ff8080815e564d87015e565c374a0005','ff8080815e50f8d6015e51a2dd38001a','ff8080815e5ab3f5015e5acba7c00001'), ('ff8080815e5ab3f5015e5acba8160002','ff8080815e50f8d6015e51a2dcb90019','ff8080815e5ab3f5015e5acba7c00001'), ('ff8080815e5ab3f5015e5acbd2040004','ff8080815e4bd312015e4c7d71150014','ff8080815e5ab3f5015e5acbd1d80003'), ('ff8080815e5ab3f5015e5ae3f5b50009','ff8080815e4bd312015e4c7d71150014','ff8080815e5ab3f5015e5ae3f47d0007'), ('ff8080815e5ab3f5015e5ae78e94000a','ff8080815e50f8d6015e51a2dcb90019','ff8080815e5584bd015e55b87c650005'), ('ff8080815e5ab3f5015e5ae7d094000b','ff8080815e4bd312015e4c7d71150014','ff8080815e5584bd015e55b8bce80007'), ('ff8080815ebc0e28015f29612b680022','ff8080815e50f8d6015e51a2dcb90019','ff8080815ebc0e28015f29612a800021'), ('ff8080815ebc0e28015f29612b780023','ff8080815e4bd312015e4c7d71150014','ff8080815ebc0e28015f29612a800021'), ('ff8080815ebc0e28015f29a521960026','ff8080815e50f8d6015e51a2dcb90019','ff8080815ebc0e28015f29a521050025'), ('ff8080815ebc0e28015f37256699002c','ff8080815e4bd312015e4c7d71150014','ff8080815ec13fed015f3c5474de0027'), ('ff8080815ebc0e28015f37262e11002e','ff8080815e50f8d6015e51a2dcb90019','ff8080815ebc17e1015f372f8d11002c'), ('ff8080815ebc0e28015f6c8023b7004c','ff8080815e50f8d6015e51a2dcb90019','ff8080815ebc17e1015f6c896c0b004a'), ('ff8080815ebc0e28015f6c8023d5004d','ff8080815e4bd312015e4c7d71150014','ff8080815ebc17e1015f6c896c0b004a'), ('ff8080815ebc0e28015f706f131b004e','ff8080815e4bc997015e4c73cbee0012','ff8080815e558e3b015e5598a6d80000'), ('ff8080815ebc17e1015f372cc2c10028','ff8080815e50f8d6015e51a2dcb90019','ff8080815ebc0e28015f37236154002b'), ('ff8080815ebc17e1015f372cc4080029','ff8080815e4bd312015e4c7d71150014','ff8080815ebc0e28015f37236154002b'), ('ff8080815ebc17e1015f372ec5b4002b','ff8080815e50f8d6015e51a2dcb90019','ff8080815ec13fed015f3c5474de0027'), ('ff8080815ebc17e1015f3731d5b7002e','ff8080815e50f8d6015e51a2dcb90019','ff8080815ebc0e28015f3728766a002f'), ('ff8080815ebc17e1015f3731d5be002f','ff8080815e4bd312015e4c7d71150014','ff8080815ebc0e28015f3728766a002f'), ('ff8080815ebc17e1015f6c89bb56004b','ff8080815e50f8d6015e51a2dcb90019','ff8080815ec13fed015f71af86720040'), ('ff8080815ebc17e1015f6c89e31a004c','ff8080815e4bc997015e4c73cbee0012','ff8080815ebc17e1015f6c896c0b004a'), ('ff8080815ebc17e1015f707af2b00051','ff8080815e50f8d6015e51a2dd38001a','ff8080815ec13fed015f71af86720040'), ('ff8080815ec13fed015f2ed43de9001f','ff8080815e4bd312015e4c7d71150014','ff8080815ebc0e28015f29a521050025'), ('ff8080815ec13fed015f3c554bac002a','ff8080815e4bd312015e4c7d71150014','ff8080815ebc17e1015f372f8d11002c'), ('ff8080815ec13fed015f71af8c130041','ff8080815e4bd312015e4c7d71150014','ff8080815ec13fed015f71af86720040'), ('ff8080815f72d4d4015f75a3cec60003','ff8080815e50f8d6015e51a2dcb90019','ff8080815f72d4d4015f75a3ce410002'), ('ff8080815f78041c015f7ad2f0630001','ff8080815e4bd312015e4c7d71150014','ff8080815f72d4d4015f75a3ce410002'), ('ff8080815fdc23d6015fe666868a0001','ff8080815e50f8d6015e51a2dcb90019','ff8080815fdc23d6015fe66680cc0000'), ('ff8080815fe14a86015feb8c826b0001','ff8080815e4bd312015e4c7d71150014','ff8080815fdc23d6015fe66680cc0000');
