/*
Navicat Oracle Data Transfer
Oracle Client Version : 12.1.0.2.0

Source Server         : 170oracle
Source Server Version : 110200
Source Host           : 192.168.210.170:1521
Source Schema         : SIMBA_DEV

Target Server Type    : ORACLE
Target Server Version : 110200
File Encoding         : 65001

Date: 2017-11-30 22:48:48
*/


-- ----------------------------
-- Table structure for DATA_DICT
-- ----------------------------
DROP TABLE "SIMBA_DEV"."DATA_DICT";
CREATE TABLE "SIMBA_DEV"."DATA_DICT" (
"CODE" VARCHAR2(255 CHAR) NOT NULL ,
"TYPE_ID" VARCHAR2(255 CHAR) NOT NULL ,
"IS_AVAILABLE" NUMBER(5) NULL ,
"NAME" VARCHAR2(255 CHAR) NULL 
)
LOGGING
NOCOMPRESS
NOCACHE

;

-- ----------------------------
-- Records of DATA_DICT
-- ----------------------------

-- ----------------------------
-- Table structure for UMS_ACL
-- ----------------------------
DROP TABLE "SIMBA_DEV"."UMS_ACL";
CREATE TABLE "SIMBA_DEV"."UMS_ACL" (
"ID" VARCHAR2(32 CHAR) NOT NULL ,
"ACLSTATE" NUMBER(10) NULL ,
"PID" VARCHAR2(255 CHAR) NULL ,
"PTYPE" VARCHAR2(255 CHAR) NULL ,
"RTYPE" VARCHAR2(255 CHAR) NULL ,
"RID" VARCHAR2(255 CHAR) NULL 
)
LOGGING
NOCOMPRESS
NOCACHE

;

-- ----------------------------
-- Records of UMS_ACL
-- ----------------------------
INSERT INTO "SIMBA_DEV"."UMS_ACL" VALUES ('402852425ccdd1ed015cce95746e0001', '0', '297e06725a081427015a08147f3a0001', 'ORG', 'MENU', 'ff80808159aa70620159b0d033fd0007');
INSERT INTO "SIMBA_DEV"."UMS_ACL" VALUES ('ff8080815dabb83a015dabc4260a0014', '0', 'ff8080815dabae75015dabafdd530000', 'ROLE', 'CONTROLLER', 'ff8080815cf2c98f015cf32015dc0001');
INSERT INTO "SIMBA_DEV"."UMS_ACL" VALUES ('402852425ccdd1ed015cce9567420000', '0', '297e06725a081427015a08147f3a0001', 'ORG', 'CONTROLLER', 'ff8080815c8033d8015c81cf7cc10001');
INSERT INTO "SIMBA_DEV"."UMS_ACL" VALUES ('402852425cf2ca55015cf69dcb1c000d', '0', '297e06725a081427015a08147f3a0001', 'ORG', 'CONTROLLER', 'ff8080815cf2cab1015cf68cf0ba0005');
INSERT INTO "SIMBA_DEV"."UMS_ACL" VALUES ('402852425cf7e9e6015cf7f8d2570000', '0', '40285242596c861201596ca9bda60000', 'USER', 'MENU', '4028524259aa70650159b0cfb0d20005');
INSERT INTO "SIMBA_DEV"."UMS_ACL" VALUES ('ff8080815fd7746f015fd8827fb30007', '-1', null, 'USER', 'MENU', 'ff80808159aa70380159b0cea5c40008');
INSERT INTO "SIMBA_DEV"."UMS_ACL" VALUES ('ff8080815dabb83a015dabc4260f0015', '0', 'ff8080815dabae75015dabafdd530000', 'ROLE', 'CONTROLLER', 'ff8080815cf2c98f015cf32079e40002');
INSERT INTO "SIMBA_DEV"."UMS_ACL" VALUES ('ff8080815dabb83a015dabc426110016', '0', 'ff8080815dabae75015dabafdd530000', 'ROLE', 'CONTROLLER', '402852425cf2ca55015cf69abc47000b');
INSERT INTO "SIMBA_DEV"."UMS_ACL" VALUES ('ff8080815dabb83a015dabc426130017', '0', 'ff8080815dabae75015dabafdd530000', 'ROLE', 'CONTROLLER', 'ff8080815cf2cab1015cf2d6e4c10000');
INSERT INTO "SIMBA_DEV"."UMS_ACL" VALUES ('ff8080815dabb83a015dabc426150018', '0', 'ff8080815dabae75015dabafdd530000', 'ROLE', 'CONTROLLER', 'ff8080815cf2c98f015cf69a9550000d');
INSERT INTO "SIMBA_DEV"."UMS_ACL" VALUES ('ff8080815dabb83a015dabc426170019', '0', 'ff8080815dabae75015dabafdd530000', 'ROLE', 'CONTROLLER', 'ff8080815cf2cab1015cf69b605e0010');
INSERT INTO "SIMBA_DEV"."UMS_ACL" VALUES ('ff8080815dabb83a015dabc4261a001a', '0', 'ff8080815dabae75015dabafdd530000', 'ROLE', 'CONTROLLER', 'ff8080815d3b03ad015da84c30f80005');
INSERT INTO "SIMBA_DEV"."UMS_ACL" VALUES ('ff8080815e558622015e55953dfa0001', '0', 'ff8080815e50f8d6015e51a361870028', 'ORGROLE', 'MENU', 'ff8080815d418e56015dcf10a1d50049');
INSERT INTO "SIMBA_DEV"."UMS_ACL" VALUES ('ff8080815dabb83a015dabc43556001c', '0', 'ff8080815dabae75015dabafdd530000', 'ROLE', 'CONTROLLER', 'ff8080815cf2c98f015cf69a1a15000c');
INSERT INTO "SIMBA_DEV"."UMS_ACL" VALUES ('ff8080815dabb83a015dabc43558001d', '0', 'ff8080815dabae75015dabafdd530000', 'ROLE', 'CONTROLLER', 'ff8080815cf2cab1015cf69ae864000f');
INSERT INTO "SIMBA_DEV"."UMS_ACL" VALUES ('ff8080815e558622015e55954a200003', '0', 'ff8080815e50f8d6015e51a361870028', 'ORGROLE', 'MENU', 'ff80808159aa70380159b0cfa0a50009');
INSERT INTO "SIMBA_DEV"."UMS_ACL" VALUES ('ff8080815dabb83a015dabc43d68001f', '0', 'ff8080815dabae75015dabafdd530000', 'ROLE', 'CONTROLLER', 'ff8080815cf2c98f015cf699c57a000b');
INSERT INTO "SIMBA_DEV"."UMS_ACL" VALUES ('ff8080815dabb83a015dabc43d6c0020', '0', 'ff8080815dabae75015dabafdd530000', 'ROLE', 'CONTROLLER', 'ff8080815d418e56015dad722cb2000d');
INSERT INTO "SIMBA_DEV"."UMS_ACL" VALUES ('ff8080815e558622015e559546830002', '0', 'ff8080815e50f8d6015e51a361870028', 'ORGROLE', 'MENU', 'ff80808159aa70380159b0ce8d010007');
INSERT INTO "SIMBA_DEV"."UMS_ACL" VALUES ('ff8080815e5056e8015e506636a20001', '0', 'ff8080815e50f8d6015e51a361870028', 'ORGROLE', 'MENU', 'ff80808159aa70380159b0cea5c40008');
INSERT INTO "SIMBA_DEV"."UMS_ACL" VALUES ('ff8080815ec13fed015f3dc594670031', '0', 'ff8080815ebc0e28015f0feba2ac001a', 'GROUP', 'CONTROLLER', 'ff8080815cf7e8e7015cf7f7881a0000');
INSERT INTO "SIMBA_DEV"."UMS_ACL" VALUES ('ff8080815e5056e8015e506680cf0003', '0', 'ff8080815e50f8d6015e51a361870028', 'ORGROLE', 'CONTROLLER', 'ff8080815cf2cab1015cf69370f00007');
INSERT INTO "SIMBA_DEV"."UMS_ACL" VALUES ('ff8080815e558622015e559573440006', '0', 'ff8080815e50f8d6015e51a361870028', 'ORGROLE', 'CONTROLLER', 'ff8080815cf2c98f015cf69170c90003');
INSERT INTO "SIMBA_DEV"."UMS_ACL" VALUES ('ff8080815e5056e8015e5066689f0002', '0', 'ff8080815e50f8d6015e51a361870028', 'ORGROLE', 'CONTROLLER', 'ff8080815cf2cab1015cf68cf0ba0005');
INSERT INTO "SIMBA_DEV"."UMS_ACL" VALUES ('ff8080815e558622015e5595976f0007', '0', 'ff8080815e50f8d6015e51a361870028', 'ORGROLE', 'CONTROLLER', 'ff8080815cf2cab1015cf68c94cf0004');
INSERT INTO "SIMBA_DEV"."UMS_ACL" VALUES ('ff8080815e558622015e559599530008', '0', 'ff8080815e50f8d6015e51a361870028', 'ORGROLE', 'CONTROLLER', 'ff8080815cf2cab1015cf68f1efa0006');
INSERT INTO "SIMBA_DEV"."UMS_ACL" VALUES ('ff8080815e5056e8015e5066980c0004', '0', 'ff8080815e50f8d6015e51a361870028', 'ORGROLE', 'CONTROLLER', 'ff8080815cf2c98f015cf694bac40006');
INSERT INTO "SIMBA_DEV"."UMS_ACL" VALUES ('ff8080815e558622015e55953bb70000', '0', 'ff8080815e50f8d6015e51a361870028', 'ORGROLE', 'MENU', '4028524259aa70650159b0aa870d0003');
INSERT INTO "SIMBA_DEV"."UMS_ACL" VALUES ('ff8080815e5056e8015e5066a9ec0005', '0', 'ff8080815e50f8d6015e51a361870028', 'ORGROLE', 'CONTROLLER', 'ff8080815cf2cab1015cf6974e40000a');
INSERT INTO "SIMBA_DEV"."UMS_ACL" VALUES ('ff8080815f719cb4015f72b71e820000', null, '297e06725a081427015a08147e8e0000', 'ORG', 'MENU', '4028524259aa70650159b0aa870d0003');
INSERT INTO "SIMBA_DEV"."UMS_ACL" VALUES ('ff8080815e565700015e566599590000', '0', 'ff8080815e50f8d6015e51a2dd38001a', 'ROLE', 'CONTROLLER', 'ff8080815cf7e8e7015cf7f7881a0000');
INSERT INTO "SIMBA_DEV"."UMS_ACL" VALUES ('ff8080815e565700015e5665a8da0001', '0', 'ff8080815e50f8d6015e51a2dd38001a', 'ROLE', 'CONTROLLER', '402852425cf2ca55015cf697748a0006');
INSERT INTO "SIMBA_DEV"."UMS_ACL" VALUES ('ff8080815e565700015e5665aa530002', '0', 'ff8080815e50f8d6015e51a2dd38001a', 'ROLE', 'CONTROLLER', '402852425cf2ca55015cf697ff600007');
INSERT INTO "SIMBA_DEV"."UMS_ACL" VALUES ('ff8080815e564d87015e565c0d2c0003', '0', 'ff8080815e50f8d6015e51a2dd38001a', 'ROLE', 'CONTROLLER', 'ff8080815cf2cab1015cf698a119000c');
INSERT INTO "SIMBA_DEV"."UMS_ACL" VALUES ('ff8080815e564d87015e565c0e7e0004', '0', 'ff8080815e50f8d6015e51a2dd38001a', 'ROLE', 'CONTROLLER', 'ff8080815cf2cab1015cf698e01f000d');
INSERT INTO "SIMBA_DEV"."UMS_ACL" VALUES ('ff8080815c47e1f3015c5d44267e0016', '0', 'ff80808159c448130159c9291e510000', 'USER', 'MENU', 'ff80808159aa70620159b0d033fd0007');
INSERT INTO "SIMBA_DEV"."UMS_ACL" VALUES ('ff8080815c47e1f3015c5d4426820017', '0', 'ff80808159c448130159c9291e510000', 'USER', 'MENU', 'ff80808159aa70380159b0cea5c40008');
INSERT INTO "SIMBA_DEV"."UMS_ACL" VALUES ('ff8080815c47e1f3015c5d4426850018', '0', 'ff80808159c448130159c9291e510000', 'USER', 'MENU', 'ff80808159aa70380159b0ce42510006');
INSERT INTO "SIMBA_DEV"."UMS_ACL" VALUES ('ff8080815d3b03ad015da8c09ed70007', '0', '40285242596c861201596ca9bda60000', 'USER', 'MENU', '4028524259aa70650159b0cfe7870006');
INSERT INTO "SIMBA_DEV"."UMS_ACL" VALUES ('ff8080815e506067015e506fde0b0000', '0', 'ff8080815e50f8d6015e51a361870028', 'ORGROLE', 'MENU', 'ff8080815e4bc997015e4be164780000');
INSERT INTO "SIMBA_DEV"."UMS_ACL" VALUES ('ff8080815e558622015e5595a3fa0009', '0', 'ff8080815e50f8d6015e51a361870028', 'ORGROLE', 'CONTROLLER', '402852425cf2ca55015cf693c9810001');
INSERT INTO "SIMBA_DEV"."UMS_ACL" VALUES ('ff8080815c8033d8015c9ba508ec0070', '0', 'ff808081596c857901596caa1a980000', 'USER', 'MENU', 'ff80808159aa70380159b0ce8d010007');
INSERT INTO "SIMBA_DEV"."UMS_ACL" VALUES ('ff8080815c8033d8015c9ba508ef0071', '0', 'ff808081596c857901596caa1a980000', 'USER', 'MENU', 'ff80808159aa70380159b0cfa0a50009');
INSERT INTO "SIMBA_DEV"."UMS_ACL" VALUES ('ff8080815d3b03ad015dab88ec990019', '0', 'ff8080815d3c4092015dab77d4a10011', 'ROLE', 'MENU', '4028524259aa70650159b0aa870d0003');
INSERT INTO "SIMBA_DEV"."UMS_ACL" VALUES ('ff8080815e32a799015e37bfbf560007', '0', 'ff8080815e37cf57015e3ce2f6e60000', 'ROLE', 'CONTROLLER', 'ff8080815cf2c98f015cf69170c90003');
INSERT INTO "SIMBA_DEV"."UMS_ACL" VALUES ('ff8080815c8033d8015c9ba508f30073', '0', 'ff808081596c857901596caa1a980000', 'USER', 'MENU', '4028524259aa70650159b0cec12e0004');
INSERT INTO "SIMBA_DEV"."UMS_ACL" VALUES ('ff8080815c8033d8015c9ba508f50074', '0', 'ff808081596c857901596caa1a980000', 'USER', 'MENU', '4028524259aa70650159b0cfe7870006');
INSERT INTO "SIMBA_DEV"."UMS_ACL" VALUES ('ff8080815c8033d8015c9ba508f70075', '0', 'ff808081596c857901596caa1a980000', 'USER', 'MENU', '4028524259aa70650159b0cfb0d20005');
INSERT INTO "SIMBA_DEV"."UMS_ACL" VALUES ('ff8080815c8033d8015c9ba508f90076', '0', 'ff808081596c857901596caa1a980000', 'USER', 'MENU', 'ff80808159aa70380159b0ce42510006');
INSERT INTO "SIMBA_DEV"."UMS_ACL" VALUES ('ff8080815d3b03ad015dab88ee72001a', '0', 'ff8080815d3c4092015dab77d4a10011', 'ROLE', 'MENU', 'ff80808159aa70380159b0ce42510006');
INSERT INTO "SIMBA_DEV"."UMS_ACL" VALUES ('ff8080815d418e56015db0cc89840017', '0', 'ff8080815d3c4092015dab77d4a10011', 'ROLE', 'MENU', 'ff80808159aa70380159b0cea5c40008');
INSERT INTO "SIMBA_DEV"."UMS_ACL" VALUES ('ff8080815d418e56015db0cc8f540018', '0', 'ff8080815d3c4092015dab77d4a10011', 'ROLE', 'MENU', '4028524259aa70650159b0cfe7870006');
INSERT INTO "SIMBA_DEV"."UMS_ACL" VALUES ('ff8080815d418e56015db0cc94010019', '0', 'ff8080815d3c4092015dab77d4a10011', 'ROLE', 'MENU', 'ff80808159aa70620159b0d033fd0007');
INSERT INTO "SIMBA_DEV"."UMS_ACL" VALUES ('ff8080815c8033d8015c9ba508fb0077', '0', 'ff808081596c857901596caa1a980000', 'USER', 'MENU', 'ff80808159aa70620159b0d033fd0007');
INSERT INTO "SIMBA_DEV"."UMS_ACL" VALUES ('ff8080815c8033d8015c9ba508fd0078', '0', 'ff808081596c857901596caa1a980000', 'USER', 'MENU', 'ff80808159aa70380159b0cea5c40008');
INSERT INTO "SIMBA_DEV"."UMS_ACL" VALUES ('ff8080815dabb83a015dabbbc91d0005', '0', 'ff8080815dabae75015dabafdd530000', 'ROLE', 'MENU', 'ff80808159aa70620159b0d033fd0007');
INSERT INTO "SIMBA_DEV"."UMS_ACL" VALUES ('ff8080815d418e56015db0e97d000041', '0', 'ff8080815dabae75015dabafdd530000', 'ROLE', 'CONTROLLER', '402852425cf2ca55015cf69616740004');
INSERT INTO "SIMBA_DEV"."UMS_ACL" VALUES ('ff8080815d418e56015db0e97d030042', '0', 'ff8080815dabae75015dabafdd530000', 'ROLE', 'CONTROLLER', '402852425cf2ca55015cf6969b990005');
INSERT INTO "SIMBA_DEV"."UMS_ACL" VALUES ('ff8080815d418e56015db0e954dc003a', '0', 'ff8080815dabae75015dabafdd530000', 'ROLE', 'CONTROLLER', '402852425cf2ca55015cf6950b330003');
INSERT INTO "SIMBA_DEV"."UMS_ACL" VALUES ('ff8080815d418e56015db0e954de003b', '0', 'ff8080815dabae75015dabafdd530000', 'ROLE', 'CONTROLLER', 'ff8080815cf2c98f015cf693915c0005');
INSERT INTO "SIMBA_DEV"."UMS_ACL" VALUES ('ff8080815d418e56015db0e97d050043', '0', 'ff8080815dabae75015dabafdd530000', 'ROLE', 'CONTROLLER', 'ff8080815cf2c98f015cf696786c0008');
INSERT INTO "SIMBA_DEV"."UMS_ACL" VALUES ('ff8080815d418e56015db0e97d070044', '0', 'ff8080815dabae75015dabafdd530000', 'ROLE', 'CONTROLLER', 'ff8080815cf2c98f015cf696c4230009');
INSERT INTO "SIMBA_DEV"."UMS_ACL" VALUES ('ff8080815d418e56015db0e97d080045', '0', 'ff8080815dabae75015dabafdd530000', 'ROLE', 'CONTROLLER', 'ff8080815cf2cab1015cf696e56a0009');
INSERT INTO "SIMBA_DEV"."UMS_ACL" VALUES ('ff8080815d418e56015db0e97d0a0046', '0', 'ff8080815dabae75015dabafdd530000', 'ROLE', 'CONTROLLER', 'ff8080815cf2cab1015cf6974e40000a');
INSERT INTO "SIMBA_DEV"."UMS_ACL" VALUES ('ff8080815e32a799015e37bee2360005', '0', 'ff8080815e37cf57015e3ce2f6e60000', 'ROLE', 'MENU', 'ff80808159aa70380159b0cea5c40008');
INSERT INTO "SIMBA_DEV"."UMS_ACL" VALUES ('ff8080815e32a799015e37bf1bb60006', '0', 'ff8080815e37cf57015e3ce2f6e60000', 'ROLE', 'MENU', '4028524259aa70650159b0cfb0d20005');
INSERT INTO "SIMBA_DEV"."UMS_ACL" VALUES ('ff8080815e329e13015e37b689b8000b', '0', 'ff8080815e37cf57015e3ce2f6e60000', 'ROLE', 'CONTROLLER', 'ff8080815cf2cab1015cf68c94cf0004');
INSERT INTO "SIMBA_DEV"."UMS_ACL" VALUES ('ff8080815de518ff015de872225f0000', '0', '40285242596c861201596ca9bda60000', 'USER', 'MENU', 'ff8080815d418e56015dcf10a1d50049');
INSERT INTO "SIMBA_DEV"."UMS_ACL" VALUES ('ff8080815e329e13015e37b66a7c000a', '0', 'ff8080815e37cf57015e3ce2f6e60000', 'ROLE', 'CONTROLLER', 'ff8080815cf2cab1015cf68cf0ba0005');
INSERT INTO "SIMBA_DEV"."UMS_ACL" VALUES ('ff8080815e32a799015e37c02af80008', '0', 'ff8080815e37cf57015e3ce2f6e60000', 'ROLE', 'CONTROLLER', 'ff8080815cf2cab1015cf69370f00007');
INSERT INTO "SIMBA_DEV"."UMS_ACL" VALUES ('ff8080815d418e56015db0e97d0c0047', '0', 'ff8080815dabae75015dabafdd530000', 'ROLE', 'CONTROLLER', 'ff8080815cf2cab1015cf697e04d000b');
INSERT INTO "SIMBA_DEV"."UMS_ACL" VALUES ('ff8080815e32a799015e37c043640009', '0', 'ff8080815e37cf57015e3ce2f6e60000', 'ROLE', 'CONTROLLER', 'ff8080815cf2cab1015cf68f1efa0006');
INSERT INTO "SIMBA_DEV"."UMS_ACL" VALUES ('ff8080815e329e13015e37b6a75c000c', '0', 'ff8080815e37cf57015e3ce2f6e60000', 'ROLE', 'CONTROLLER', '402852425cf2ca55015cf693c9810001');
INSERT INTO "SIMBA_DEV"."UMS_ACL" VALUES ('ff8080815e329e13015e37b6ab87000d', '0', 'ff8080815e37cf57015e3ce2f6e60000', 'ROLE', 'CONTROLLER', '402852425cf2ca55015cf69493430002');
INSERT INTO "SIMBA_DEV"."UMS_ACL" VALUES ('ff8080815d418e56015db0e954da0039', '0', 'ff8080815dabae75015dabafdd530000', 'ROLE', 'CONTROLLER', '402852425cf2ca55015cf69493430002');
INSERT INTO "SIMBA_DEV"."UMS_ACL" VALUES ('ff8080815d418e56015db0e954df003c', '0', 'ff8080815dabae75015dabafdd530000', 'ROLE', 'CONTROLLER', 'ff8080815cf2c98f015cf694bac40006');
INSERT INTO "SIMBA_DEV"."UMS_ACL" VALUES ('ff8080815d418e56015db0e954e1003d', '0', 'ff8080815dabae75015dabafdd530000', 'ROLE', 'CONTROLLER', 'ff8080815cf2c98f015cf694e6410007');
INSERT INTO "SIMBA_DEV"."UMS_ACL" VALUES ('ff8080815d418e56015db0e954e3003e', '0', 'ff8080815dabae75015dabafdd530000', 'ROLE', 'CONTROLLER', 'ff8080815cf2cab1015cf6963e070008');
INSERT INTO "SIMBA_DEV"."UMS_ACL" VALUES ('ff8080815d418e56015db0e954e5003f', '0', 'ff8080815dabae75015dabafdd530000', 'ROLE', 'CONTROLLER', '402852425cf2ca55015cf693c9810001');
INSERT INTO "SIMBA_DEV"."UMS_ACL" VALUES ('ff8080815d418e56015db0e954e70040', '0', 'ff8080815dabae75015dabafdd530000', 'ROLE', 'CONTROLLER', 'ff8080815d418e56015dacd908c4000c');
INSERT INTO "SIMBA_DEV"."UMS_ACL" VALUES ('ff8080815d418e56015db0e97d0e0048', '0', 'ff8080815dabae75015dabafdd530000', 'ROLE', 'CONTROLLER', 'ff8080815d418e56015dad78ea22000e');
INSERT INTO "SIMBA_DEV"."UMS_ACL" VALUES ('ff8080815e32a799015e37c0623d000a', '0', 'ff8080815e37cf57015e3ce2f6e60000', 'ROLE', 'CONTROLLER', 'ff8080815cf2c98f015cf694bac40006');
INSERT INTO "SIMBA_DEV"."UMS_ACL" VALUES ('ff8080815e32a799015e37c06589000b', '0', 'ff8080815e37cf57015e3ce2f6e60000', 'ROLE', 'CONTROLLER', 'ff8080815cf2c98f015cf694e6410007');
INSERT INTO "SIMBA_DEV"."UMS_ACL" VALUES ('ff8080815e329e13015e37b6bd2c000e', '0', 'ff8080815e37cf57015e3ce2f6e60000', 'ROLE', 'CONTROLLER', 'ff8080815cf2c98f015cf693915c0005');
INSERT INTO "SIMBA_DEV"."UMS_ACL" VALUES ('ff8080815e329e13015e37b6ea22000f', '0', 'ff8080815e37cf57015e3ce2f6e60000', 'ROLE', 'CONTROLLER', '402852425cf2ca55015cf6969b990005');
INSERT INTO "SIMBA_DEV"."UMS_ACL" VALUES ('ff8080815e329e13015e37b6ec300010', '0', 'ff8080815e37cf57015e3ce2f6e60000', 'ROLE', 'CONTROLLER', 'ff8080815cf2c98f015cf696786c0008');
INSERT INTO "SIMBA_DEV"."UMS_ACL" VALUES ('ff8080815e506067015e507038630001', '0', 'ff8080815e50f8d6015e51a361870028', 'ORGROLE', 'CONTROLLER', '402852425cf2ca55015cf69493430002');
INSERT INTO "SIMBA_DEV"."UMS_ACL" VALUES ('ff8080815e558622015e5595a6f5000a', '0', 'ff8080815e50f8d6015e51a361870028', 'ORGROLE', 'CONTROLLER', '402852425cf2ca55015cf6950b330003');
INSERT INTO "SIMBA_DEV"."UMS_ACL" VALUES ('ff8080815e506067015e50703a040002', '0', 'ff8080815e50f8d6015e51a361870028', 'ORGROLE', 'CONTROLLER', 'ff8080815cf2cab1015cf6963e070008');
INSERT INTO "SIMBA_DEV"."UMS_ACL" VALUES ('ff8080815e506067015e50703ce00003', '0', 'ff8080815e50f8d6015e51a361870028', 'ORGROLE', 'CONTROLLER', 'ff8080815cf2c98f015cf694e6410007');
INSERT INTO "SIMBA_DEV"."UMS_ACL" VALUES ('ff8080815e558622015e5595ac52000b', '0', 'ff8080815e50f8d6015e51a361870028', 'ORGROLE', 'CONTROLLER', 'ff8080815cf2c98f015cf693915c0005');
INSERT INTO "SIMBA_DEV"."UMS_ACL" VALUES ('ff8080815e506067015e5070433d0004', '0', 'ff8080815e50f8d6015e51a361870028', 'ORGROLE', 'CONTROLLER', '402852425cf2ca55015cf69616740004');
INSERT INTO "SIMBA_DEV"."UMS_ACL" VALUES ('ff8080815e506067015e507045070005', '0', 'ff8080815e50f8d6015e51a361870028', 'ORGROLE', 'CONTROLLER', '402852425cf2ca55015cf6969b990005');
INSERT INTO "SIMBA_DEV"."UMS_ACL" VALUES ('ff8080815e506067015e507046890006', '0', 'ff8080815e50f8d6015e51a361870028', 'ORGROLE', 'CONTROLLER', 'ff8080815cf2c98f015cf696786c0008');
INSERT INTO "SIMBA_DEV"."UMS_ACL" VALUES ('ff8080815e558622015e5595b691000c', '0', 'ff8080815e50f8d6015e51a361870028', 'ORGROLE', 'CONTROLLER', 'ff8080815cf2cab1015cf697e04d000b');
INSERT INTO "SIMBA_DEV"."UMS_ACL" VALUES ('ff8080815e558622015e5595bccf000e', '0', 'ff8080815e50f8d6015e51a361870028', 'ORGROLE', 'CONTROLLER', 'ff8080815cf2c98f015cf696c4230009');
INSERT INTO "SIMBA_DEV"."UMS_ACL" VALUES ('ff8080815f78041c015f7a4776180000', '-1', '297e06725a081427015a08147e8e0000', 'ORG', 'MENU', 'ff80808159aa70380159b0ce8d010007');
INSERT INTO "SIMBA_DEV"."UMS_ACL" VALUES ('ff8080815ebc17e1015f38a1a5a70034', '0', 'ff8080815ebc0e28015f0feba2ac001a', 'GROUP', 'MENU', 'ff8080815d418e56015dcf10a1d50049');
INSERT INTO "SIMBA_DEV"."UMS_ACL" VALUES ('ff8080815e558e3b015e55b961020007', '0', 'ff8080815e50f8d6015e51a361870028', 'ORGROLE', 'MENU', 'ff8080815e50cf72015e50ea208f0000');
INSERT INTO "SIMBA_DEV"."UMS_ACL" VALUES ('ff8080815ec13fed015f3dbbcbe8002e', '0', 'ff8080815c62bb20015c62c4b5d30000', 'GROUP', 'CONTROLLER', '402852425cf2ca55015cf6923a4b0000');
INSERT INTO "SIMBA_DEV"."UMS_ACL" VALUES ('ff8080815cf2c98f015cf69d10e7000f', '0', '297e06725a081427015a08147f3a0001', 'ORG', 'MENU', 'ff80808159aa70380159b0ce8d010007');
INSERT INTO "SIMBA_DEV"."UMS_ACL" VALUES ('ff8080815ccdd14e015cce9575620000', '0', '297e06725a081427015a08147f3a0001', 'ORG', 'MENU', '4028524259aa70650159b0aa870d0003');
INSERT INTO "SIMBA_DEV"."UMS_ACL" VALUES ('ff8080815d418e56015db0e0ef8c001e', '0', 'ff8080815dabae75015dabafdd530000', 'ROLE', 'MENU', '4028524259aa70650159b0aa870d0003');
INSERT INTO "SIMBA_DEV"."UMS_ACL" VALUES ('ff8080815cf2c98f015cf71519120011', '0', '40285242596c861201596ca9bda60000', 'USER', 'MENU', '4028524259aa70650159b0cec12e0004');
INSERT INTO "SIMBA_DEV"."UMS_ACL" VALUES ('ff8080815cf2cab1015cf7095ab10015', '0', '297e06725a081427015a08147f3a0001', 'ORG', 'CONTROLLER', 'ff8080815cf2cab1015cf68c94cf0004');
INSERT INTO "SIMBA_DEV"."UMS_ACL" VALUES ('ff8080815e37cf57015e3ce5bfca000b', '0', 'ff8080815e37cf57015e3ce2f6e60000', 'ROLE', 'CONTROLLER', '402852425cf2ca55015cf6950b330003');
INSERT INTO "SIMBA_DEV"."UMS_ACL" VALUES ('ff8080815d418e56015db0e0f4b3001f', '0', 'ff8080815dabae75015dabafdd530000', 'ROLE', 'MENU', 'ff80808159aa70380159b0cea5c40008');
INSERT INTO "SIMBA_DEV"."UMS_ACL" VALUES ('ff8080815e37cf57015e3ce5c3ef000c', '0', 'ff8080815e37cf57015e3ce2f6e60000', 'ROLE', 'CONTROLLER', 'ff8080815cf2cab1015cf6963e070008');
INSERT INTO "SIMBA_DEV"."UMS_ACL" VALUES ('ff8080815e32a799015e37c09118000c', '0', 'ff8080815e37cf57015e3ce2f6e60000', 'ROLE', 'CONTROLLER', '402852425cf2ca55015cf69616740004');
INSERT INTO "SIMBA_DEV"."UMS_ACL" VALUES ('ff8080815e32a799015e37c0a799000d', '0', 'ff8080815e37cf57015e3ce2f6e60000', 'ROLE', 'CONTROLLER', 'ff8080815cf2c98f015cf696c4230009');
INSERT INTO "SIMBA_DEV"."UMS_ACL" VALUES ('ff8080815ebc17e1015f38aa73200038', '0', 'ff8080815ebc0e28015f0feba2ac001a', 'GROUP', 'CONTROLLER', '402852425cf2ca55015cf6950b330003');
INSERT INTO "SIMBA_DEV"."UMS_ACL" VALUES ('ff8080815ec13fed015f3e3afcee003a', '0', 'ff8080815ebc0e28015f0feba2ac001a', 'GROUP', 'CONTROLLER', '402852425cf2ca55015cf697ff600007');
INSERT INTO "SIMBA_DEV"."UMS_ACL" VALUES ('ff8080815ec13fed015f3e3b031c003b', '0', 'ff8080815ebc0e28015f0feba2ac001a', 'GROUP', 'MENU', 'ff80808159aa70380159b0cfa0a50009');
INSERT INTO "SIMBA_DEV"."UMS_ACL" VALUES ('ff8080815e558622015e5595b7bb000d', '0', 'ff8080815e50f8d6015e51a361870028', 'ORGROLE', 'CONTROLLER', 'ff8080815cf2cab1015cf696e56a0009');
INSERT INTO "SIMBA_DEV"."UMS_ACL" VALUES ('ff8080815ebc0e28015f38a11704003f', '0', 'ff8080815ebc0e28015f0feba2ac001a', 'GROUP', 'CONTROLLER', '402852425cf2ca55015cf69616740004');
INSERT INTO "SIMBA_DEV"."UMS_ACL" VALUES ('ff8080815ec13fed015f3e3afc0d0039', '0', 'ff8080815ebc0e28015f0feba2ac001a', 'GROUP', 'CONTROLLER', '402852425cf2ca55015cf697748a0006');
INSERT INTO "SIMBA_DEV"."UMS_ACL" VALUES ('ff8080815ebc17e1015f51774cef003d', '0', '297e06725a081427015a08147e8e0000', 'ORG', 'MENU', 'ff8080815d418e56015dcf10a1d50049');
INSERT INTO "SIMBA_DEV"."UMS_ACL" VALUES ('ff8080815ebc17e1015f52a6ef710040', '0', 'ff8080815c62b387015c62c32a890002', 'GROUP', 'CONTROLLER', 'ff8080815cf7e8e7015cf7f7881a0000');
INSERT INTO "SIMBA_DEV"."UMS_ACL" VALUES ('ff8080815ebc0e28015f52c349680043', '0', 'ff8080815c62bb20015c62c4b5d30000', 'GROUP', 'CONTROLLER', '402852425cf2ca55015cf6950b330003');
INSERT INTO "SIMBA_DEV"."UMS_ACL" VALUES ('ff8080815ebc17e1015f52a6ef740041', '0', 'ff8080815c62b387015c62c32a890002', 'GROUP', 'CONTROLLER', '402852425cf2ca55015cf6950b330003');
INSERT INTO "SIMBA_DEV"."UMS_ACL" VALUES ('ff8080815ebc17e1015f52a6ef760042', '0', 'ff8080815c62b387015c62c32a890002', 'GROUP', 'CONTROLLER', '402852425cf2ca55015cf697ff600007');
INSERT INTO "SIMBA_DEV"."UMS_ACL" VALUES ('ff8080815ebc17e1015f52a6ef780043', '0', 'ff8080815c62b387015c62c32a890002', 'GROUP', 'CONTROLLER', '402852425cf2ca55015cf69616740004');
INSERT INTO "SIMBA_DEV"."UMS_ACL" VALUES ('ff8080815ebc17e1015f52a6ef7a0044', '0', 'ff8080815c62b387015c62c32a890002', 'GROUP', 'CONTROLLER', '402852425cf2ca55015cf697748a0006');
INSERT INTO "SIMBA_DEV"."UMS_ACL" VALUES ('ff8080815ebc17e1015f52a6ef7c0045', '0', 'ff8080815c62b387015c62c32a890002', 'GROUP', 'CONTROLLER', '402852425cf2ca55015cf69493430002');
INSERT INTO "SIMBA_DEV"."UMS_ACL" VALUES ('ff8080815ebc17e1015f52a6ef7e0046', '0', 'ff8080815c62b387015c62c32a890002', 'GROUP', 'CONTROLLER', '402852425cf2ca55015cf6969b990005');
INSERT INTO "SIMBA_DEV"."UMS_ACL" VALUES ('ff8080815ebc17e1015f52a6ef800047', '0', 'ff8080815c62b387015c62c32a890002', 'GROUP', 'CONTROLLER', '402852425cf2ca55015cf6923a4b0000');
INSERT INTO "SIMBA_DEV"."UMS_ACL" VALUES ('ff8080815ebc17e1015f52a6ef820048', '0', 'ff8080815c62b387015c62c32a890002', 'GROUP', 'CONTROLLER', '402852425cf2ca55015cf69849490008');
INSERT INTO "SIMBA_DEV"."UMS_ACL" VALUES ('ff8080815ebc0e28015f52c349650042', '0', 'ff8080815c62bb20015c62c4b5d30000', 'GROUP', 'CONTROLLER', 'ff8080815cf7e8e7015cf7f7881a0000');
INSERT INTO "SIMBA_DEV"."UMS_ACL" VALUES ('ff8080815ebc0e28015f52c3496a0044', '0', 'ff8080815c62bb20015c62c4b5d30000', 'GROUP', 'CONTROLLER', '402852425cf2ca55015cf697ff600007');
INSERT INTO "SIMBA_DEV"."UMS_ACL" VALUES ('ff8080815ebc0e28015f52c3496c0045', '0', 'ff8080815c62bb20015c62c4b5d30000', 'GROUP', 'CONTROLLER', '402852425cf2ca55015cf69616740004');
INSERT INTO "SIMBA_DEV"."UMS_ACL" VALUES ('ff8080815ebc0e28015f52c3496e0046', '0', 'ff8080815c62bb20015c62c4b5d30000', 'GROUP', 'CONTROLLER', '402852425cf2ca55015cf697748a0006');
INSERT INTO "SIMBA_DEV"."UMS_ACL" VALUES ('ff8080815ebc0e28015f52c349840047', '0', 'ff8080815c62bb20015c62c4b5d30000', 'GROUP', 'CONTROLLER', '402852425cf2ca55015cf69493430002');
INSERT INTO "SIMBA_DEV"."UMS_ACL" VALUES ('ff8080815ebc0e28015f52c349860048', '0', 'ff8080815c62bb20015c62c4b5d30000', 'GROUP', 'CONTROLLER', '402852425cf2ca55015cf6969b990005');
INSERT INTO "SIMBA_DEV"."UMS_ACL" VALUES ('ff8080815ebc0e28015f52c3498a0049', '0', 'ff8080815c62bb20015c62c4b5d30000', 'GROUP', 'CONTROLLER', '402852425cf2ca55015cf69849490008');
INSERT INTO "SIMBA_DEV"."UMS_ACL" VALUES ('ff8080815ebc17e1015f53de09990049', '0', 'ff8080815c62bb20015c62c4b5d30000', 'GROUP', 'CONTROLLER', '402852425cf2ca55015cf69abc47000b');
INSERT INTO "SIMBA_DEV"."UMS_ACL" VALUES ('ff8080815f72ddfa015f753aeeb80000', '-1', '297e06725a081427015a08147f3a0001', 'ORG', 'CONTROLLER', null);
INSERT INTO "SIMBA_DEV"."UMS_ACL" VALUES ('ff8080815f75b141015f75c07e630000', '0', '297e06725a081427015a08147e8e0000', 'ORG', 'MENU', 'ff80808159aa70380159b0cea5c40008');
INSERT INTO "SIMBA_DEV"."UMS_ACL" VALUES ('ff8080815fd77d72015fd88a08910003', '-1', null, 'USER', 'MENU', 'ff8080815d418e56015dcf10a1d50049');
INSERT INTO "SIMBA_DEV"."UMS_ACL" VALUES ('ff8080815fd77d72015fd88b54830004', '-1', null, 'USER', 'MENU', 'ff8080815d418e56015dcf10a1d50049');
INSERT INTO "SIMBA_DEV"."UMS_ACL" VALUES ('ff8080815fd7746f015fd8810f680005', '-1', null, 'USER', 'MENU', 'ff80808159aa70380159b0ce8d010007');
INSERT INTO "SIMBA_DEV"."UMS_ACL" VALUES ('ff8080815fd77d72015fd88c63b10005', '-1', null, 'USER', 'MENU', 'ff8080815d418e56015dcf10a1d50049');
INSERT INTO "SIMBA_DEV"."UMS_ACL" VALUES ('402852425c3366e4015c344bb1370002', '0', null, 'GROUP', 'MENU', 'ff80808159aa70380159b0ce42510006');
INSERT INTO "SIMBA_DEV"."UMS_ACL" VALUES ('402852425c3366e4015c344baeb00000', '0', null, 'GROUP', 'MENU', '4028524259aa70650159b0cfb0d20005');
INSERT INTO "SIMBA_DEV"."UMS_ACL" VALUES ('402852425c3366e4015c344bb1320001', '0', null, 'GROUP', 'MENU', '4028524259aa70650159b0cfb0d20005');
INSERT INTO "SIMBA_DEV"."UMS_ACL" VALUES ('ff8080815daba35f015daba753bd0000', '0', 'ff8080815d3c4092015dab77d4a10011', 'ROLE', 'MENU', 'ff80808159aa70380159b0cfa0a50009');
INSERT INTO "SIMBA_DEV"."UMS_ACL" VALUES ('ff8080815dab99b5015dab9d81660001', '0', 'ff8080815d3c4092015dab77d4a10011', 'ROLE', 'MENU', '4028524259aa70650159b0cec12e0004');
INSERT INTO "SIMBA_DEV"."UMS_ACL" VALUES ('402852425cf2ca55015cf6a69627000e', '0', '297e06725a081427015a08147f3a0001', 'ORG', 'CONTROLLER', 'ff8080815cf2cab1015cf68f1efa0006');
INSERT INTO "SIMBA_DEV"."UMS_ACL" VALUES ('ff8080815e329e13015e37b521060007', '0', 'ff8080815e37cf57015e3ce2f6e60000', 'ROLE', 'MENU', 'ff8080815d418e56015dcf10a1d50049');
INSERT INTO "SIMBA_DEV"."UMS_ACL" VALUES ('ff8080815e5b7cc2015e5b8aa1e70001', '0', 'ff8080815e50f8d6015e51a2dd38001a', 'ROLE', 'MENU', '4028524259aa70650159b0cec12e0004');
INSERT INTO "SIMBA_DEV"."UMS_ACL" VALUES ('ff8080815e5b7cc2015e5b8aabab0002', '0', 'ff8080815e50f8d6015e51a2dd38001a', 'ROLE', 'MENU', '4028524259aa70650159b0cfb0d20005');
INSERT INTO "SIMBA_DEV"."UMS_ACL" VALUES ('ff8080815e5b7cc2015e5b8ad15c0003', '0', 'ff8080815e50f8d6015e51a2dd38001a', 'ROLE', 'CONTROLLER', 'ff8080815cf2c98f015cf69b47e1000e');
INSERT INTO "SIMBA_DEV"."UMS_ACL" VALUES ('ff8080815daba35f015daba756e70001', '0', 'ff8080815d3c4092015dab77d4a10011', 'ROLE', 'MENU', '4028524259aa70650159b0cfb0d20005');
INSERT INTO "SIMBA_DEV"."UMS_ACL" VALUES ('ff8080815dabae75015dabbef8730028', '0', 'ff8080815dabae75015dabafdd530000', 'ROLE', 'CONTROLLER', 'ff8080815d3c4092015da7a99f2b0008');
INSERT INTO "SIMBA_DEV"."UMS_ACL" VALUES ('ff8080815e37cf57015e3ce42d840007', '0', 'ff8080815e37cf57015e3ce2f6e60000', 'ROLE', 'MENU', '4028524259aa70650159b0aa870d0003');
INSERT INTO "SIMBA_DEV"."UMS_ACL" VALUES ('ff8080815e5b7cc2015e5b8a7c170000', '0', 'ff8080815e50f8d6015e51a2dd38001a', 'ROLE', 'MENU', '4028524259aa70650159b0aa870d0003');
INSERT INTO "SIMBA_DEV"."UMS_ACL" VALUES ('ff8080815e37cf57015e3ce4416e0008', '0', 'ff8080815e37cf57015e3ce2f6e60000', 'ROLE', 'MENU', 'ff80808159aa70380159b0ce8d010007');
INSERT INTO "SIMBA_DEV"."UMS_ACL" VALUES ('ff8080815e37cf57015e3ce44d600009', '0', 'ff8080815e37cf57015e3ce2f6e60000', 'ROLE', 'MENU', 'ff80808159aa70380159b0cfa0a50009');
INSERT INTO "SIMBA_DEV"."UMS_ACL" VALUES ('ff8080815e564d87015e565b7a100000', '0', 'ff8080815e50f8d6015e51a2dd38001a', 'ROLE', 'MENU', 'ff80808159aa70380159b0ce42510006');
INSERT INTO "SIMBA_DEV"."UMS_ACL" VALUES ('ff8080815e37cf57015e3ce60754000d', '0', 'ff8080815e37cf57015e3ce2f6e60000', 'ROLE', 'CONTROLLER', 'ff8080815cf2cab1015cf697e04d000b');
INSERT INTO "SIMBA_DEV"."UMS_ACL" VALUES ('ff8080815e329e13015e37b6f8400011', '0', 'ff8080815e37cf57015e3ce2f6e60000', 'ROLE', 'CONTROLLER', 'ff8080815cf2cab1015cf696e56a0009');
INSERT INTO "SIMBA_DEV"."UMS_ACL" VALUES ('ff8080815e329e13015e37b6fbb90012', '0', 'ff8080815e37cf57015e3ce2f6e60000', 'ROLE', 'CONTROLLER', 'ff8080815cf2cab1015cf6974e40000a');
INSERT INTO "SIMBA_DEV"."UMS_ACL" VALUES ('ff8080815e5b7cc2015e5b8b1d990007', '0', 'ff8080815e50f8d6015e51a2dd38001a', 'ROLE', 'CONTROLLER', 'ff8080815cf2cab1015cf699754f000e');
INSERT INTO "SIMBA_DEV"."UMS_ACL" VALUES ('ff8080815e564d87015e565bc2820001', '0', 'ff8080815e50f8d6015e51a2dd38001a', 'ROLE', 'CONTROLLER', 'ff8080815cf2cab1015cf69c1a280011');
INSERT INTO "SIMBA_DEV"."UMS_ACL" VALUES ('ff8080815e5b7cc2015e5b8b1bdc0006', '0', 'ff8080815e50f8d6015e51a2dd38001a', 'ROLE', 'CONTROLLER', '402852425cf2ca55015cf69849490008');
INSERT INTO "SIMBA_DEV"."UMS_ACL" VALUES ('ff8080815e5b7cc2015e5b8b24190008', '0', 'ff8080815e50f8d6015e51a2dd38001a', 'ROLE', 'CONTROLLER', 'ff8080815cf2c98f015cf698226b000a');
INSERT INTO "SIMBA_DEV"."UMS_ACL" VALUES ('ff8080815ebc0e28015f389686c20034', '0', 'ff8080815ebc0e28015f0feba2ac001a', 'GROUP', 'CONTROLLER', '402852425cf2ca55015cf69493430002');
INSERT INTO "SIMBA_DEV"."UMS_ACL" VALUES ('ff8080815ebc17e1015f39153878003b', '0', 'ff8080815ebc0e28015f0feba2ac001a', 'GROUP', 'CONTROLLER', '402852425cf2ca55015cf6969b990005');
INSERT INTO "SIMBA_DEV"."UMS_ACL" VALUES ('ff8080815ebc0e28015f390be44b0041', '0', 'ff8080815ebc0e28015f0feba2ac001a', 'GROUP', 'MENU', 'ff80808159aa70380159b0cea5c40008');
INSERT INTO "SIMBA_DEV"."UMS_ACL" VALUES ('ff8080815cf2cab1015cf69de8f00013', '0', '297e06725a081427015a08147f3a0001', 'ORG', 'CONTROLLER', 'ff8080815cf2cab1015cf2d6e4c10000');
INSERT INTO "SIMBA_DEV"."UMS_ACL" VALUES ('ff8080815ebc17e1015f389601cb0033', '0', 'ff8080815c62bb20015c62c4b5d30000', 'GROUP', 'MENU', '4028524259aa70650159b0aa870d0003');
INSERT INTO "SIMBA_DEV"."UMS_ACL" VALUES ('ff8080815ec13fed015f57ceec82003d', '0', 'ff8080815c62b387015c62c32a890002', 'GROUP', 'CONTROLLER', '402852425cf2ca55015cf6991adb0009');
INSERT INTO "SIMBA_DEV"."UMS_ACL" VALUES ('ff8080815cf2cab1015cf69ded0e0014', '0', '297e06725a081427015a08147f3a0001', 'ORG', 'CONTROLLER', 'ff8080815cf2c98f015cf69a9550000d');
INSERT INTO "SIMBA_DEV"."UMS_ACL" VALUES ('ff8080815ebc0e28015f389665d40033', '0', 'ff8080815ebc0e28015f0feba2ac001a', 'GROUP', 'CONTROLLER', '402852425cf2ca55015cf6923a4b0000');
INSERT INTO "SIMBA_DEV"."UMS_ACL" VALUES ('ff8080815f72d4d4015f7517db1e0000', '-1', '297e06725a081427015a08147e8e0000', 'ORG', 'MENU', 'ff80808159aa70380159b0ce42510006');
INSERT INTO "SIMBA_DEV"."UMS_ACL" VALUES ('ff8080815cf2cab1015cf71620cd0016', '0', '40285242596c861201596ca9bda60000', 'USER', 'MENU', 'ff80808159aa70380159b0cea5c40008');
INSERT INTO "SIMBA_DEV"."UMS_ACL" VALUES ('ff8080815cf2cab1015cf7c6712a0017', '0', '297e06725a081427015a08147f3a0001', 'ORG', 'MENU', '4028524259aa70650159b0a8353c0002');
INSERT INTO "SIMBA_DEV"."UMS_ACL" VALUES ('ff8080815dabae75015dabb850fa0016', '0', 'ff8080815dabae75015dabafdd530000', 'ROLE', 'MENU', 'ff80808159aa70380159b0ce42510006');
INSERT INTO "SIMBA_DEV"."UMS_ACL" VALUES ('ff8080815dabae75015dabba59bf0017', '0', 'ff8080815dabae75015dabafdd530000', 'ROLE', 'CONTROLLER', 'ff8080815cf7e8e7015cf7f7881a0000');
INSERT INTO "SIMBA_DEV"."UMS_ACL" VALUES ('ff8080815dabae75015dabb1eb590007', '0', 'ff8080815dabae75015dabafdd530000', 'ROLE', 'MENU', 'ff80808159aa70380159b0cfa0a50009');
INSERT INTO "SIMBA_DEV"."UMS_ACL" VALUES ('ff8080815dabae75015dabb1ecd60008', '0', 'ff8080815dabae75015dabafdd530000', 'ROLE', 'MENU', '4028524259aa70650159b0cec12e0004');
INSERT INTO "SIMBA_DEV"."UMS_ACL" VALUES ('ff8080815dabae75015dabb1ee370009', '0', 'ff8080815dabae75015dabafdd530000', 'ROLE', 'MENU', '4028524259aa70650159b0cfb0d20005');
INSERT INTO "SIMBA_DEV"."UMS_ACL" VALUES ('ff8080815dabae75015dabb1f160000a', '0', 'ff8080815dabae75015dabafdd530000', 'ROLE', 'MENU', '4028524259aa70650159b0cfe7870006');
INSERT INTO "SIMBA_DEV"."UMS_ACL" VALUES ('ff8080815dabae75015dabba59c20018', '0', 'ff8080815dabae75015dabafdd530000', 'ROLE', 'CONTROLLER', '402852425cf2ca55015cf6991adb0009');
INSERT INTO "SIMBA_DEV"."UMS_ACL" VALUES ('ff8080815dabae75015dabba79e0001b', '0', 'ff8080815dabae75015dabafdd530000', 'ROLE', 'CONTROLLER', '402852425cf2ca55015cf697748a0006');
INSERT INTO "SIMBA_DEV"."UMS_ACL" VALUES ('ff8080815dabae75015dabba59c40019', '0', 'ff8080815dabae75015dabafdd530000', 'ROLE', 'CONTROLLER', '402852425cf2ca55015cf69947a9000a');
INSERT INTO "SIMBA_DEV"."UMS_ACL" VALUES ('ff8080815dabae75015dabba59c6001a', '0', 'ff8080815dabae75015dabafdd530000', 'ROLE', 'CONTROLLER', 'ff8080815d3b03ad015da84c99570006');
INSERT INTO "SIMBA_DEV"."UMS_ACL" VALUES ('ff8080815dabae75015dabba79e3001c', '0', 'ff8080815dabae75015dabafdd530000', 'ROLE', 'CONTROLLER', '402852425cf2ca55015cf697ff600007');
INSERT INTO "SIMBA_DEV"."UMS_ACL" VALUES ('ff8080815dabae75015dabba79e5001d', '0', 'ff8080815dabae75015dabafdd530000', 'ROLE', 'CONTROLLER', '402852425cf2ca55015cf69849490008');
INSERT INTO "SIMBA_DEV"."UMS_ACL" VALUES ('ff8080815dabae75015dabba79e7001e', '0', 'ff8080815dabae75015dabafdd530000', 'ROLE', 'CONTROLLER', 'ff8080815cf2c98f015cf698226b000a');
INSERT INTO "SIMBA_DEV"."UMS_ACL" VALUES ('ff8080815dabae75015dabba79e9001f', '0', 'ff8080815dabae75015dabafdd530000', 'ROLE', 'CONTROLLER', 'ff8080815cf2cab1015cf698a119000c');
INSERT INTO "SIMBA_DEV"."UMS_ACL" VALUES ('ff8080815e131623015e1323018c0000', '0', '297e06725a081427015a08147f3a0001', 'ORG', 'CONTROLLER', 'ff8080815cf2c98f015cf69b47e1000e');
INSERT INTO "SIMBA_DEV"."UMS_ACL" VALUES ('ff8080815f72d4d4015f7531672b0001', '-1', '297e06725a081427015a08147f3a0001', 'ORG', 'CONTROLLER', null);
INSERT INTO "SIMBA_DEV"."UMS_ACL" VALUES ('ff8080815dabae75015dabba79eb0020', '0', 'ff8080815dabae75015dabafdd530000', 'ROLE', 'CONTROLLER', 'ff8080815cf2cab1015cf698e01f000d');
INSERT INTO "SIMBA_DEV"."UMS_ACL" VALUES ('ff8080815dabae75015dabba79ed0021', '0', 'ff8080815dabae75015dabafdd530000', 'ROLE', 'CONTROLLER', 'ff8080815cf2cab1015cf699754f000e');
INSERT INTO "SIMBA_DEV"."UMS_ACL" VALUES ('ff8080815dabae75015dabba79ef0022', '0', 'ff8080815dabae75015dabafdd530000', 'ROLE', 'CONTROLLER', 'ff8080815d3c4092015da8482b5d0009');
INSERT INTO "SIMBA_DEV"."UMS_ACL" VALUES ('ff8080815dabae75015dabba81730024', '0', 'ff8080815dabae75015dabafdd530000', 'ROLE', 'CONTROLLER', 'ff8080815cf2cab1015cf69c1a280011');

-- ----------------------------
-- Table structure for UMS_APPLICATION
-- ----------------------------
DROP TABLE "SIMBA_DEV"."UMS_APPLICATION";
CREATE TABLE "SIMBA_DEV"."UMS_APPLICATION" (
"ID" VARCHAR2(32 CHAR) NOT NULL ,
"DESCRIPTION" VARCHAR2(255 CHAR) NULL ,
"NAME" VARCHAR2(255 CHAR) NULL ,
"SN" VARCHAR2(255 CHAR) NULL ,
"SSOFLAG" NUMBER(5) NULL ,
"URL" VARCHAR2(255 CHAR) NULL 
)
LOGGING
NOCOMPRESS
NOCACHE

;

-- ----------------------------
-- Records of UMS_APPLICATION
-- ----------------------------
INSERT INTO "SIMBA_DEV"."UMS_APPLICATION" VALUES ('ff80808159aa70380159af77e1aa0002', 'SIMBA系统管理平台', 'SIMBA系统管理平台', 'simba admin', null, '192.168.210.192:8000');
INSERT INTO "SIMBA_DEV"."UMS_APPLICATION" VALUES ('ff8080815ab103ed015adb6e921c0001', '报表系统测试别删', 'RJ报表管理平台4', 'RJ-Report', null, 'http://192.168.210.199:3000');

-- ----------------------------
-- Table structure for UMS_BUTTON
-- ----------------------------
DROP TABLE "SIMBA_DEV"."UMS_BUTTON";
CREATE TABLE "SIMBA_DEV"."UMS_BUTTON" (
"ID" VARCHAR2(32 CHAR) NOT NULL ,
"BUTTON_EVENT" VARCHAR2(255 CHAR) NULL ,
"BUTTON_ICON" VARCHAR2(255 CHAR) NULL ,
"BUTTON_NAME" VARCHAR2(255 CHAR) NULL ,
"BUTTON_ORDER" NUMBER(10) NULL ,
"DESCRIPTION" VARCHAR2(255 CHAR) NULL ,
"IS_AVAILABLE" NUMBER(5) NULL 
)
LOGGING
NOCOMPRESS
NOCACHE

;

-- ----------------------------
-- Records of UMS_BUTTON
-- ----------------------------

-- ----------------------------
-- Table structure for UMS_CONTROLLER_OPER
-- ----------------------------
DROP TABLE "SIMBA_DEV"."UMS_CONTROLLER_OPER";
CREATE TABLE "SIMBA_DEV"."UMS_CONTROLLER_OPER" (
"ID" VARCHAR2(32 CHAR) NOT NULL ,
"CONTROLLER_OPER_NAME" VARCHAR2(255 CHAR) NULL ,
"CONTROLLER_OPER_SN" VARCHAR2(255 CHAR) NULL ,
"INDEX_POS" NUMBER(10) NULL ,
"METHOD_URL_MAPPING" VARCHAR2(255 CHAR) NULL ,
"CONTROLLER_ID" VARCHAR2(32 CHAR) NULL 
)
LOGGING
NOCOMPRESS
NOCACHE

;

-- ----------------------------
-- Records of UMS_CONTROLLER_OPER
-- ----------------------------
INSERT INTO "SIMBA_DEV"."UMS_CONTROLLER_OPER" VALUES ('402882945991fd06015991fd63b90001', 'aaa', null, null, null, null);
INSERT INTO "SIMBA_DEV"."UMS_CONTROLLER_OPER" VALUES ('402882945991fd06015991fd64220002', 'bbb', null, null, null, null);
INSERT INTO "SIMBA_DEV"."UMS_CONTROLLER_OPER" VALUES ('402882945991fd06015991fd64760003', 'ccc', null, null, null, null);
INSERT INTO "SIMBA_DEV"."UMS_CONTROLLER_OPER" VALUES ('402882945991f9b6015991fa71b10001', 'aaa', null, null, null, null);
INSERT INTO "SIMBA_DEV"."UMS_CONTROLLER_OPER" VALUES ('402882945991f9b6015991fa96f90002', 'bbb', null, null, null, null);
INSERT INTO "SIMBA_DEV"."UMS_CONTROLLER_OPER" VALUES ('402882945991f9b6015991fa97550003', 'ccc', null, null, null, null);

-- ----------------------------
-- Table structure for UMS_CONTROLLER_RESOURCES
-- ----------------------------
DROP TABLE "SIMBA_DEV"."UMS_CONTROLLER_RESOURCES";
CREATE TABLE "SIMBA_DEV"."UMS_CONTROLLER_RESOURCES" (
"ID" VARCHAR2(32 CHAR) NOT NULL ,
"CONTROLLER_NAME" VARCHAR2(255 CHAR) NULL ,
"CONTROLLER_ORDER" NUMBER(10) NULL ,
"CONTROLLER_SN" VARCHAR2(255 CHAR) NULL ,
"CONTROLLER_URL_MAPPING" VARCHAR2(255 CHAR) NULL ,
"IS_AVAILABLE" NUMBER(5) NULL ,
"APPLICATION_ID" VARCHAR2(32 CHAR) NULL ,
"PARENT_ID" VARCHAR2(32 CHAR) NULL ,
"MENU_ID" VARCHAR2(32 BYTE) NULL 
)
LOGGING
NOCOMPRESS
NOCACHE

;

-- ----------------------------
-- Records of UMS_CONTROLLER_RESOURCES
-- ----------------------------
INSERT INTO "SIMBA_DEV"."UMS_CONTROLLER_RESOURCES" VALUES ('402852425cf2ca55015cf6923a4b0000', '新增机构', null, 'org add', '/api/org/add', '1', 'ff80808159aa70380159af77e1aa0002', null, 'ff80808159aa70380159b0ce8d010007');
INSERT INTO "SIMBA_DEV"."UMS_CONTROLLER_RESOURCES" VALUES ('402852425cf2ca55015cf693c9810001', '部门授权（请求）', null, 'group auth controller', '/api/group/auth/addControllerResource', '1', 'ff80808159aa70380159af77e1aa0002', null, 'ff80808159aa70380159b0cea5c40008');
INSERT INTO "SIMBA_DEV"."UMS_CONTROLLER_RESOURCES" VALUES ('ff8080815c8033d8015c81cf7cc10001', '获取应用系统列表', null, 'findAppForPage', '/api/app/findForPage', '2', 'ff80808159aa70380159af77e1aa0002', null, 'ff80808159aa70380159b0ce42510006');
INSERT INTO "SIMBA_DEV"."UMS_CONTROLLER_RESOURCES" VALUES ('402852425cf2ca55015cf69493430002', '为部门分配用户', null, 'group assignUser', '/api/group/assignUser', '1', 'ff80808159aa70380159af77e1aa0002', null, 'ff80808159aa70380159b0cea5c40008');
INSERT INTO "SIMBA_DEV"."UMS_CONTROLLER_RESOURCES" VALUES ('402852425cf2ca55015cf6950b330003', '更新部门', null, 'group update', '/api/group/update', '1', 'ff80808159aa70380159af77e1aa0002', null, 'ff80808159aa70380159b0cea5c40008');
INSERT INTO "SIMBA_DEV"."UMS_CONTROLLER_RESOURCES" VALUES ('402852425cf2ca55015cf69616740004', '职位授权（请求）', null, 'position auth controller', '/api/position/auth/addControllerResource', '1', 'ff80808159aa70380159af77e1aa0002', null, 'ff80808159aa70380159b0cfa0a50009');
INSERT INTO "SIMBA_DEV"."UMS_CONTROLLER_RESOURCES" VALUES ('402852425cf2ca55015cf6969b990005', '新增职位', null, 'position add', '/api/position/add', '1', 'ff80808159aa70380159af77e1aa0002', null, 'ff80808159aa70380159b0cfa0a50009');
INSERT INTO "SIMBA_DEV"."UMS_CONTROLLER_RESOURCES" VALUES ('402852425cf2ca55015cf697748a0006', '角色授权（菜单）', null, 'role auth menu', '/api/role/auth/addMenu', '1', 'ff80808159aa70380159af77e1aa0002', null, '4028524259aa70650159b0cec12e0004');
INSERT INTO "SIMBA_DEV"."UMS_CONTROLLER_RESOURCES" VALUES ('402852425cf2ca55015cf697ff600007', '为角色剔除用户', null, 'role unassignUser', '/api/role/unassignUser', '1', 'ff80808159aa70380159af77e1aa0002', null, '4028524259aa70650159b0cec12e0004');
INSERT INTO "SIMBA_DEV"."UMS_CONTROLLER_RESOURCES" VALUES ('402852425cf2ca55015cf69849490008', '更新角色', null, 'role update', '/api/role/update', '1', 'ff80808159aa70380159af77e1aa0002', null, '4028524259aa70650159b0cec12e0004');
INSERT INTO "SIMBA_DEV"."UMS_CONTROLLER_RESOURCES" VALUES ('402852425cf2ca55015cf6991adb0009', '用户授权（菜单）', null, 'user auth menu', '/api/user/auth/addMenu', '1', 'ff80808159aa70380159af77e1aa0002', null, '4028524259aa70650159b0cfb0d20005');
INSERT INTO "SIMBA_DEV"."UMS_CONTROLLER_RESOURCES" VALUES ('402852425cf2ca55015cf69947a9000a', '用户授权（请求）', null, 'user auth controller', '/api/user/auth/addControllerResource', '1', 'ff80808159aa70380159af77e1aa0002', null, '4028524259aa70650159b0cfb0d20005');
INSERT INTO "SIMBA_DEV"."UMS_CONTROLLER_RESOURCES" VALUES ('402852425cf2ca55015cf69abc47000b', '删除请求资源', null, 'controllerResource delete', '/api/controllerResource/delete', '1', 'ff80808159aa70380159af77e1aa0002', null, 'ff80808159aa70620159b0d033fd0007');
INSERT INTO "SIMBA_DEV"."UMS_CONTROLLER_RESOURCES" VALUES ('ff8080815cf2c98f015cf69170c90003', '为机构剔除用户', null, 'org unassignUser', '/api/org/unassignUser', '1', 'ff80808159aa70380159af77e1aa0002', null, 'ff80808159aa70380159b0ce8d010007');
INSERT INTO "SIMBA_DEV"."UMS_CONTROLLER_RESOURCES" VALUES ('ff8080815cf2c98f015cf69312bc0004', '删除机构', null, 'org delete', '/api/org/delete', '1', 'ff80808159aa70380159af77e1aa0002', null, 'ff80808159aa70380159b0ce8d010007');
INSERT INTO "SIMBA_DEV"."UMS_CONTROLLER_RESOURCES" VALUES ('ff8080815cf2c98f015cf693915c0005', '部门授权（菜单）', null, 'group auth menu', '/api/group/auth/addMenu', '1', 'ff80808159aa70380159af77e1aa0002', null, 'ff80808159aa70380159b0cea5c40008');
INSERT INTO "SIMBA_DEV"."UMS_CONTROLLER_RESOURCES" VALUES ('ff8080815cf2c98f015cf694bac40006', '为部门剔除用户', null, 'group unassignUser', '/api/group/unassignUser', '1', 'ff80808159aa70380159af77e1aa0002', null, 'ff80808159aa70380159b0cea5c40008');
INSERT INTO "SIMBA_DEV"."UMS_CONTROLLER_RESOURCES" VALUES ('ff8080815e5683d0015e569fc01c0000', '删除用户', null, 'delete user', '/api/user/delete', '1', 'ff80808159aa70380159af77e1aa0002', null, '4028524259aa70650159b0cfb0d20005');
INSERT INTO "SIMBA_DEV"."UMS_CONTROLLER_RESOURCES" VALUES ('ff8080815cf2c98f015cf694e6410007', '新增部门', null, 'group add', '/api/group/add', '1', 'ff80808159aa70380159af77e1aa0002', null, 'ff80808159aa70380159b0cea5c40008');
INSERT INTO "SIMBA_DEV"."UMS_CONTROLLER_RESOURCES" VALUES ('ff8080815cf2c98f015cf696786c0008', '为职位剔除用户', null, 'position unassignUser', '/api/position/unassignUser', '1', 'ff80808159aa70380159af77e1aa0002', null, 'ff80808159aa70380159b0cfa0a50009');
INSERT INTO "SIMBA_DEV"."UMS_CONTROLLER_RESOURCES" VALUES ('ff8080815cf2c98f015cf696c4230009', '更新职位', null, 'position update', '/api/position/update', '1', 'ff80808159aa70380159af77e1aa0002', null, 'ff80808159aa70380159b0cfa0a50009');
INSERT INTO "SIMBA_DEV"."UMS_CONTROLLER_RESOURCES" VALUES ('ff8080815cf2c98f015cf698226b000a', '新增角色', null, 'role add', '/api/role/add', '1', 'ff80808159aa70380159af77e1aa0002', null, '4028524259aa70650159b0cec12e0004');
INSERT INTO "SIMBA_DEV"."UMS_CONTROLLER_RESOURCES" VALUES ('ff8080815cf2c98f015cf699c57a000b', '新增菜单资源', null, 'menuResource add', '/api/menuResource/add', '1', 'ff80808159aa70380159af77e1aa0002', null, '4028524259aa70650159b0cfe7870006');
INSERT INTO "SIMBA_DEV"."UMS_CONTROLLER_RESOURCES" VALUES ('ff8080815cf2c98f015cf69a1a15000c', '删除菜单资源', null, 'menuResource delete', '/api/menuResource/delete', '1', 'ff80808159aa70380159af77e1aa0002', null, '4028524259aa70650159b0cfe7870006');
INSERT INTO "SIMBA_DEV"."UMS_CONTROLLER_RESOURCES" VALUES ('ff8080815cf2c98f015cf69a9550000d', '更新请求资源', null, 'controllerResource update', '/api/controllerResource/update', '1', 'ff80808159aa70380159af77e1aa0002', null, 'ff80808159aa70620159b0d033fd0007');
INSERT INTO "SIMBA_DEV"."UMS_CONTROLLER_RESOURCES" VALUES ('ff8080815cf2c98f015cf69b47e1000e', '更新应用系统', null, 'app update', '/api/app/update', '1', 'ff80808159aa70380159af77e1aa0002', null, 'ff80808159aa70380159b0ce42510006');
INSERT INTO "SIMBA_DEV"."UMS_CONTROLLER_RESOURCES" VALUES ('ff8080815fa3ee8c015fa9ed106a000e', '获取角色列表（分页）', '1', 'orgRolePage', '/api/orgRole/findForPage', '2', 'ff80808159aa70380159af77e1aa0002', null, 'ff8080815e4bc997015e4be164780000');
INSERT INTO "SIMBA_DEV"."UMS_CONTROLLER_RESOURCES" VALUES ('ff8080815fa3ee8c015fa9ee30c00011', '获取角色信息（根据ID）', '2', 'orgRoleById', '/api/orgRole/findById', '2', 'ff80808159aa70380159af77e1aa0002', null, 'ff8080815e4bc997015e4be164780000');
INSERT INTO "SIMBA_DEV"."UMS_CONTROLLER_RESOURCES" VALUES ('ff8080815fa3ee8c015fa9f88a720014', '更新角色', '4', 'update orgRole', '/api/orgRole/update', '2', 'ff80808159aa70380159af77e1aa0002', null, 'ff8080815e4bc997015e4be164780000');
INSERT INTO "SIMBA_DEV"."UMS_CONTROLLER_RESOURCES" VALUES ('ff8080815f9ec85a015fa4d581ba0010', '获取角色信息（根据机构ID）', '7', 'orgRoleByOrg', '/api/orgRole/findByOrg', '1', 'ff80808159aa70380159af77e1aa0002', null, 'ff8080815e4bc997015e4be164780000');
INSERT INTO "SIMBA_DEV"."UMS_CONTROLLER_RESOURCES" VALUES ('ff8080815fa3ee8c015fa9fd0835001a', '新增数据字典', '2', 'add dict', '/api/dict/add', '2', 'ff80808159aa70380159af77e1aa0002', null, 'ff8080815f956c06015f95cd0be90001');
INSERT INTO "SIMBA_DEV"."UMS_CONTROLLER_RESOURCES" VALUES ('ff8080815fa3ee8c015fa9fd84d7001b', '更新数据字典', '3', 'update dict', '/api/dict/update', '2', 'ff80808159aa70380159af77e1aa0002', null, 'ff8080815f956c06015f95cd0be90001');
INSERT INTO "SIMBA_DEV"."UMS_CONTROLLER_RESOURCES" VALUES ('ff8080815f9ec85a015fa4d892850013', '是否禁用数据字典', '5', 'updAvailable dict', '/api/dict/updAvailable', '2', 'ff80808159aa70380159af77e1aa0002', null, 'ff8080815f956c06015f95cd0be90001');
INSERT INTO "SIMBA_DEV"."UMS_CONTROLLER_RESOURCES" VALUES ('ff8080815fa3ee8c015faa0058080022', '获取数据字典列表（选择）', '2', 'dictTypeSelect', '/api/dictType/findForSelect', '2', 'ff80808159aa70380159af77e1aa0002', null, 'ff8080815f9ec85a015fa3f1dea40005');
INSERT INTO "SIMBA_DEV"."UMS_CONTROLLER_RESOURCES" VALUES ('ff8080815fa3ee8c015faa0112ed0024', '更新数据字典类型', '4', 'update dictType', '/api/dictType/update', '2', 'ff80808159aa70380159af77e1aa0002', null, 'ff8080815f9ec85a015fa3f1dea40005');
INSERT INTO "SIMBA_DEV"."UMS_CONTROLLER_RESOURCES" VALUES ('ff8080815f9ec85a015fa4db94200019', '删除数据字典类型', '5', 'delete dictType', '/api/dictType/delete', '2', 'ff80808159aa70380159af77e1aa0002', null, 'ff8080815f9ec85a015fa3f1dea40005');
INSERT INTO "SIMBA_DEV"."UMS_CONTROLLER_RESOURCES" VALUES ('ff8080815f9ec85a015fa4dc1c1d001a', '是否禁用数据字典类型', '6', 'updAvailable dictType', '/api/dictType/updAvailable', '2', 'ff80808159aa70380159af77e1aa0002', null, 'ff8080815f9ec85a015fa3f1dea40005');
INSERT INTO "SIMBA_DEV"."UMS_CONTROLLER_RESOURCES" VALUES ('ff8080815f9ec85a015fa4d69c070011', '获取数据字典列表（分页）', '1', 'dictPage', '/api/dict/findForPage', '2', 'ff80808159aa70380159af77e1aa0002', null, 'ff8080815f956c06015f95cd0be90001');
INSERT INTO "SIMBA_DEV"."UMS_CONTROLLER_RESOURCES" VALUES ('ff8080815f9ec85a015fa4d31322000e', '删除角色', '5', 'delete orgRole', '/api/orgRole/delete', '2', 'ff80808159aa70380159af77e1aa0002', null, 'ff8080815e4bc997015e4be164780000');
INSERT INTO "SIMBA_DEV"."UMS_CONTROLLER_RESOURCES" VALUES ('ff8080815f9ec85a015fa4dace250017', '新增数据字典类型', '3', 'add dictType', '/api/dictType/add', '2', 'ff80808159aa70380159af77e1aa0002', null, 'ff8080815f9ec85a015fa3f1dea40005');
INSERT INTO "SIMBA_DEV"."UMS_CONTROLLER_RESOURCES" VALUES ('ff8080815cf2cab1015cf68f1efa0006', '为机构分配用户', null, 'org assignUser', '/api/org/assignUser', '1', 'ff80808159aa70380159af77e1aa0002', null, 'ff80808159aa70380159b0ce8d010007');
INSERT INTO "SIMBA_DEV"."UMS_CONTROLLER_RESOURCES" VALUES ('ff8080815cf2cab1015cf69370f00007', '更新机构', null, 'org update', '/api/org/update', '1', 'ff80808159aa70380159af77e1aa0002', null, 'ff80808159aa70380159b0ce8d010007');
INSERT INTO "SIMBA_DEV"."UMS_CONTROLLER_RESOURCES" VALUES ('ff8080815cf2cab1015cf68c94cf0004', '机构授权（菜单）', null, 'org auth menu', '/api/org/auth/addMenu', '1', 'ff80808159aa70380159af77e1aa0002', null, 'ff80808159aa70380159b0ce8d010007');
INSERT INTO "SIMBA_DEV"."UMS_CONTROLLER_RESOURCES" VALUES ('ff8080815cf2cab1015cf68cf0ba0005', '机构授权（请求）', null, 'org auth controller', '/api/org/auth/addControllerResource', '1', 'ff80808159aa70380159af77e1aa0002', null, 'ff80808159aa70380159b0ce8d010007');
INSERT INTO "SIMBA_DEV"."UMS_CONTROLLER_RESOURCES" VALUES ('ff8080815cf2cab1015cf6963e070008', '删除部门', null, 'group delete', '/api/group/delete', '1', 'ff80808159aa70380159af77e1aa0002', null, 'ff80808159aa70380159b0cea5c40008');
INSERT INTO "SIMBA_DEV"."UMS_CONTROLLER_RESOURCES" VALUES ('ff8080815cf2cab1015cf696e56a0009', '职位授权（菜单）', null, 'position auth menu', '/api/position/auth/addMenu', '1', 'ff80808159aa70380159af77e1aa0002', null, 'ff80808159aa70380159b0cfa0a50009');
INSERT INTO "SIMBA_DEV"."UMS_CONTROLLER_RESOURCES" VALUES ('ff8080815cf2cab1015cf6974e40000a', '为职位分配用户', null, 'position assignUser', '/api/position/assignUser', '1', 'ff80808159aa70380159af77e1aa0002', null, 'ff80808159aa70380159b0cfa0a50009');
INSERT INTO "SIMBA_DEV"."UMS_CONTROLLER_RESOURCES" VALUES ('ff8080815cf2cab1015cf697e04d000b', '删除职位', null, 'position delete', '/api/position/delete', '1', 'ff80808159aa70380159af77e1aa0002', null, 'ff80808159aa70380159b0cfa0a50009');
INSERT INTO "SIMBA_DEV"."UMS_CONTROLLER_RESOURCES" VALUES ('ff8080815cf2cab1015cf698a119000c', '角色授权（请求）', null, 'role auth controller', '/api/role/auth/addControllerResource', '1', 'ff80808159aa70380159af77e1aa0002', null, '4028524259aa70650159b0cec12e0004');
INSERT INTO "SIMBA_DEV"."UMS_CONTROLLER_RESOURCES" VALUES ('ff8080815cf2cab1015cf698e01f000d', '为角色分配用户', null, 'role assignUser', '/api/role/assignUser', '1', 'ff80808159aa70380159af77e1aa0002', null, '4028524259aa70650159b0cec12e0004');
INSERT INTO "SIMBA_DEV"."UMS_CONTROLLER_RESOURCES" VALUES ('ff8080815cf2cab1015cf699754f000e', '删除角色', null, 'role delete', '/api/role/delete', '1', 'ff80808159aa70380159af77e1aa0002', null, '4028524259aa70650159b0cec12e0004');
INSERT INTO "SIMBA_DEV"."UMS_CONTROLLER_RESOURCES" VALUES ('ff8080815cf2cab1015cf69ae864000f', '更新菜单资源', null, 'menuResource update', '/api/menuResource/update', '1', 'ff80808159aa70380159af77e1aa0002', null, '4028524259aa70650159b0cfe7870006');
INSERT INTO "SIMBA_DEV"."UMS_CONTROLLER_RESOURCES" VALUES ('ff8080815cf2cab1015cf69b605e0010', '新增请求资源', null, 'controllerResource add', '/api/controllerResource/add', '1', 'ff80808159aa70380159af77e1aa0002', null, 'ff80808159aa70620159b0d033fd0007');
INSERT INTO "SIMBA_DEV"."UMS_CONTROLLER_RESOURCES" VALUES ('ff8080815cf2cab1015cf69c1a280011', '新增应用系统', null, 'app add', '/api/app/add', '1', 'ff80808159aa70380159af77e1aa0002', null, 'ff80808159aa70380159b0ce42510006');
INSERT INTO "SIMBA_DEV"."UMS_CONTROLLER_RESOURCES" VALUES ('ff8080815cf2cab1015cf69c62050012', '删除应用系统', null, 'app delete', '/api/app/delete', '1', 'ff80808159aa70380159af77e1aa0002', null, 'ff80808159aa70380159b0ce42510006');
INSERT INTO "SIMBA_DEV"."UMS_CONTROLLER_RESOURCES" VALUES ('ff8080815cf7e8e7015cf7f7881a0000', '重置用户密码', null, 'user reset password', '/api/user/resetPassword', '1', 'ff80808159aa70380159af77e1aa0002', null, '4028524259aa70650159b0cfb0d20005');
INSERT INTO "SIMBA_DEV"."UMS_CONTROLLER_RESOURCES" VALUES ('ff8080815ebc0e28015f371de7db0028', '123123', '1', '123123213', '123213123', '1', 'ff8080815ab103ed015adb6e921c0001', null, null);
INSERT INTO "SIMBA_DEV"."UMS_CONTROLLER_RESOURCES" VALUES ('ff8080815f9ebf3f015fa4c905f6000b', '新增角色', '3', 'add orgRole', '/api/orgRole/add', '2', 'ff80808159aa70380159af77e1aa0002', null, 'ff8080815e4bc997015e4be164780000');
INSERT INTO "SIMBA_DEV"."UMS_CONTROLLER_RESOURCES" VALUES ('ff8080815f9ebf3f015fa4cb1f98000c', '是否禁用角色', '6', 'updAvailable orgRole', '/api/orgRole/updAvailable', '2', 'ff80808159aa70380159af77e1aa0002', null, 'ff8080815e4bc997015e4be164780000');
INSERT INTO "SIMBA_DEV"."UMS_CONTROLLER_RESOURCES" VALUES ('ff8080815fa3ee8c015fa9fdd596001d', '删除数据字典', '4', 'delete dict', '/api/dict/delete', '2', 'ff80808159aa70380159af77e1aa0002', null, 'ff8080815f956c06015f95cd0be90001');
INSERT INTO "SIMBA_DEV"."UMS_CONTROLLER_RESOURCES" VALUES ('ff8080815fa3ee8c015fa9ff55340020', '获取数据字典类型（分页）', '1', 'dictTypePage', '/api/dictType/findForPage', '2', 'ff80808159aa70380159af77e1aa0002', null, 'ff8080815f9ec85a015fa3f1dea40005');

-- ----------------------------
-- Table structure for UMS_DEPARTMENT
-- ----------------------------
DROP TABLE "SIMBA_DEV"."UMS_DEPARTMENT";
CREATE TABLE "SIMBA_DEV"."UMS_DEPARTMENT" (
"ID" VARCHAR2(32 CHAR) NOT NULL ,
"DESCRIPTION" VARCHAR2(255 CHAR) NULL ,
"IS_AVAILABLE" NUMBER(5) NULL ,
"NAME" VARCHAR2(255 CHAR) NULL ,
"ORG_ID" VARCHAR2(32 BYTE) NULL ,
"ORGID" VARCHAR2(255 BYTE) NULL 
)
LOGGING
NOCOMPRESS
NOCACHE

;

-- ----------------------------
-- Records of UMS_DEPARTMENT
-- ----------------------------
INSERT INTO "SIMBA_DEV"."UMS_DEPARTMENT" VALUES ('ff8080815ebc0e28015f0feba2ac001a', 'sadfsdf', '1', 'sdfsdf', '297e06725a081427015a08147e8e0000', null);
INSERT INTO "SIMBA_DEV"."UMS_DEPARTMENT" VALUES ('ff8080815c62b387015c62c32a890002', 'wwwww', '1', 'wwwwww', '297e06725a081427015a08147e8e0000', null);
INSERT INTO "SIMBA_DEV"."UMS_DEPARTMENT" VALUES ('ff8080815c62bb20015c62c4b5d30000', '123', '1', '12323432432432423434', '297e06725a081427015a08147f3a0001', null);

-- ----------------------------
-- Table structure for UMS_DEPARTMENT_RELATION
-- ----------------------------
DROP TABLE "SIMBA_DEV"."UMS_DEPARTMENT_RELATION";
CREATE TABLE "SIMBA_DEV"."UMS_DEPARTMENT_RELATION" (
"ID" VARCHAR2(32 BYTE) NOT NULL ,
"DEPARTMENT_ID" VARCHAR2(255 BYTE) NULL ,
"USER_ID" VARCHAR2(255 BYTE) NULL 
)
LOGGING
NOCOMPRESS
NOCACHE

;

-- ----------------------------
-- Records of UMS_DEPARTMENT_RELATION
-- ----------------------------

-- ----------------------------
-- Table structure for UMS_DICTIONARY_ITEM
-- ----------------------------
DROP TABLE "SIMBA_DEV"."UMS_DICTIONARY_ITEM";
CREATE TABLE "SIMBA_DEV"."UMS_DICTIONARY_ITEM" (
"ID" VARCHAR2(36 BYTE) NOT NULL ,
"CODE" VARCHAR2(255 BYTE) NULL ,
"VALUE" VARCHAR2(20 BYTE) NULL ,
"IS_AVAILABLE" NUMBER(1) NULL ,
"SERIAL" NUMBER NULL ,
"TYPE_ID" VARCHAR2(36 BYTE) NULL 
)
LOGGING
NOCOMPRESS
NOCACHE

;

-- ----------------------------
-- Records of UMS_DICTIONARY_ITEM
-- ----------------------------
INSERT INTO "SIMBA_DEV"."UMS_DICTIONARY_ITEM" VALUES ('ff8080815f9562eb015f95ce49cd0001', '2', '2', '2', '2', null);
INSERT INTO "SIMBA_DEV"."UMS_DICTIONARY_ITEM" VALUES ('ff8080815f9ebf3f015fa40061b60007', '100000000', '123123123', '1', '123123', '4028524d5f9a83d6015f9a841c9b0001');
INSERT INTO "SIMBA_DEV"."UMS_DICTIONARY_ITEM" VALUES ('ff8080815f9a9237015f9e50b63f0001', '123', '123', '1', '123', null);

-- ----------------------------
-- Table structure for UMS_DICTIONARY_TYPE
-- ----------------------------
DROP TABLE "SIMBA_DEV"."UMS_DICTIONARY_TYPE";
CREATE TABLE "SIMBA_DEV"."UMS_DICTIONARY_TYPE" (
"ID" VARCHAR2(36 BYTE) NOT NULL ,
"CODE" VARCHAR2(255 BYTE) NULL ,
"VALUE" VARCHAR2(255 BYTE) NULL ,
"IS_AVAILABLE" NUMBER(1) NULL ,
"DESCRIPTION" VARCHAR2(255 BYTE) NULL 
)
LOGGING
NOCOMPRESS
NOCACHE

;

-- ----------------------------
-- Records of UMS_DICTIONARY_TYPE
-- ----------------------------
INSERT INTO "SIMBA_DEV"."UMS_DICTIONARY_TYPE" VALUES ('ff8080815fa3ee8c015fa92783e30007', '123123123sdfdsfsda', '3123123123', '1', '12312312321');
INSERT INTO "SIMBA_DEV"."UMS_DICTIONARY_TYPE" VALUES ('ff8080815f9ec85a015fa4018a7e0006', '123123', '123123', '1', '123123');
INSERT INTO "SIMBA_DEV"."UMS_DICTIONARY_TYPE" VALUES ('4028524d5f9a83d6015f9a841c9b0001', 'A1', '代码1', '1', '代码描述1');

-- ----------------------------
-- Table structure for UMS_GROUP
-- ----------------------------
DROP TABLE "SIMBA_DEV"."UMS_GROUP";
CREATE TABLE "SIMBA_DEV"."UMS_GROUP" (
"ID" VARCHAR2(32 BYTE) NOT NULL ,
"DESCRIPTION" VARCHAR2(255 BYTE) NULL ,
"IS_AVAILABLE" NUMBER(5) NULL ,
"NAME" VARCHAR2(255 BYTE) NULL ,
"ORG_ID" VARCHAR2(255 BYTE) NULL 
)
LOGGING
NOCOMPRESS
NOCACHE

;

-- ----------------------------
-- Records of UMS_GROUP
-- ----------------------------

-- ----------------------------
-- Table structure for UMS_LOG
-- ----------------------------
DROP TABLE "SIMBA_DEV"."UMS_LOG";
CREATE TABLE "SIMBA_DEV"."UMS_LOG" (
"ID" VARCHAR2(32 BYTE) NOT NULL ,
"APP_SN" VARCHAR2(255 BYTE) NULL ,
"BACK_END_ACCESS_PATH" VARCHAR2(255 BYTE) NULL ,
"BROWSER" VARCHAR2(255 BYTE) NULL ,
"EXEC_TIME" NUMBER(19) NULL ,
"FRONT_END_ACCESS_PATH" VARCHAR2(255 BYTE) NULL ,
"IP" VARCHAR2(255 BYTE) NULL ,
"LOG_LEVEL" NUMBER(5) NULL ,
"LOG_TYPE" NUMBER(5) NULL ,
"OP_DESC" VARCHAR2(255 BYTE) NULL ,
"OP_RESOURCE" VARCHAR2(255 BYTE) NULL ,
"OP_RESULT" NUMBER(5) NULL ,
"OP_SYSTEM" VARCHAR2(255 BYTE) NULL ,
"OP_TIME" DATE NULL ,
"OP_TYPE" NUMBER(5) NULL ,
"USERNAME" VARCHAR2(255 BYTE) NULL 
)
LOGGING
NOCOMPRESS
NOCACHE

;

-- ----------------------------
-- Records of UMS_LOG
-- ----------------------------
INSERT INTO "SIMBA_DEV"."UMS_LOG" VALUES ('ff8080815fa3ee8c015fa3fb7b990000', 'simba admin', null, 'Chrome-61.0.3163.100', '1109', '/api/app/update', '127.0.0.1', '2', '4', '更新应用系统->【名称：RJ报表管理平台1标识符：RJ-Report域名：http://192.168.210.199:3000描述：报表系统测试别删】', '应用系统', '1', 'Mac', TO_DATE('2017-11-09 11:34:36', 'YYYY-MM-DD HH24:MI:SS'), '0', 'fay123456');
INSERT INTO "SIMBA_DEV"."UMS_LOG" VALUES ('ff8080815fa3ee8c015fa402a29f0001', 'simba admin', null, 'Chrome-61.0.3163.100', '12206', '/api/app/update', '127.0.0.1', '2', '4', '更新应用系统->【名称：RJ报表管理平台1标识符：RJ-Report域名：http://192.168.210.199:3000描述：报表系统测试别删】', '应用系统', '1', 'Mac', TO_DATE('2017-11-09 11:41:38', 'YYYY-MM-DD HH24:MI:SS'), '0', 'fay123456');
INSERT INTO "SIMBA_DEV"."UMS_LOG" VALUES ('ff8080815fa3ee8c015fa4d3483d0002', 'simba admin', null, 'Chrome-61.0.3163.100', '332', '/api/app/update', '127.0.0.1', '2', '4', '更新应用系统->【名称：RJ报表管理平台，标识符：RJ-Report，域名：http://192.168.210.199:3000，描述：报表系统测试别删】', '应用系统', '1', 'Mac', TO_DATE('2017-11-09 15:30:18', 'YYYY-MM-DD HH24:MI:SS'), '0', 'fay123456');
INSERT INTO "SIMBA_DEV"."UMS_LOG" VALUES ('ff8080815fa3ee8c015fa4d3ad780003', 'simba admin', null, 'Chrome-61.0.3163.100', '244', '/api/app/update', '127.0.0.1', '2', '4', '更新应用系统->【名称：RJ报表管理平台3，标识符：RJ-Report，域名：http://192.168.210.199:3000，描述：报表系统测试别删】', '应用系统', '1', 'Mac', TO_DATE('2017-11-09 15:30:44', 'YYYY-MM-DD HH24:MI:SS'), '0', 'fay123456');
INSERT INTO "SIMBA_DEV"."UMS_LOG" VALUES ('ff8080815f9ebf3f015fa0b442e70003', 'simba admin', null, 'Chrome-61.0.3163.100', '178', '/api/app/update', '127.0.0.1', '2', '4', '更新应用系统->【ID：ff8080815f9ebf3f015fa0b4229a0001，名称：123123asdfsdf，标识符：12312312，域名：123123，描述：121111】', '应用系统', '1', 'Mac', TO_DATE('2017-11-09 20:27:32', 'YYYY-MM-DD HH24:MI:SS'), '0', 'fay123456');
INSERT INTO "SIMBA_DEV"."UMS_LOG" VALUES ('ff8080815f9ebf3f015fa4cb2c5f000e', 'simba admin', null, 'Chrome-61.0.3163.100', '0', '/api/controllerResource/updAvailable', '127.0.0.1', '2', '4', '->【id：ff8080815f9ebf3f015fa4c905f6000b】', null, '1', 'Mac', TO_DATE('2017-11-10 15:31:03', 'YYYY-MM-DD HH24:MI:SS'), '0', 'fay123456');
INSERT INTO "SIMBA_DEV"."UMS_LOG" VALUES ('ff8080815f9ebf3f015fa4cf64f80010', 'simba admin', null, 'Chrome-61.0.3163.100', '0', '/api/controllerResource/updAvailable', '127.0.0.1', '2', '4', '->【id：ff8080815f9ec85a015fa4d892850013】', null, '1', 'Mac', TO_DATE('2017-11-10 15:35:40', 'YYYY-MM-DD HH24:MI:SS'), '0', 'fay123456');
INSERT INTO "SIMBA_DEV"."UMS_LOG" VALUES ('ff8080815f9ebf3f015fa4d136150011', 'simba admin', null, 'Chrome-61.0.3163.100', '82', '/api/controllerResource/add', '127.0.0.1', '2', '4', '新增请求资源->【名称：undefined，标识符：dictTypeSelect，url：/api/dictType/findForSelect，排序号：2，所属系统ff80808159aa70380159af77e1aa0002，所属菜单ff8080815f9ec85a015fa3f1dea40005】', '请求资源', '1', 'Mac', TO_DATE('2017-11-10 15:37:39', 'YYYY-MM-DD HH24:MI:SS'), '0', 'fay123456');
INSERT INTO "SIMBA_DEV"."UMS_LOG" VALUES ('ff8080815f9ebf3f015fa4d255c20012', 'simba admin', null, 'Chrome-61.0.3163.100', '87', '/api/controllerResource/add', '127.0.0.1', '2', '4', '新增请求资源->【名称：undefined，标识符：delete dictType，url：/api/dictType/delete，排序号：5，所属系统ff80808159aa70380159af77e1aa0002，所属菜单ff8080815f9ec85a015fa3f1dea40005】', '请求资源', '1', 'Mac', TO_DATE('2017-11-10 15:38:53', 'YYYY-MM-DD HH24:MI:SS'), '0', 'fay123456');
INSERT INTO "SIMBA_DEV"."UMS_LOG" VALUES ('ff8080815f9ebf3f015fa4df474b0016', 'simba admin', null, 'Chrome-61.0.3163.100', '0', '/api/controllerResource/updAvailable', '127.0.0.1', '2', '4', '禁用请求资源->【id：ff8080815fa3ee8c015fa9ff55340020】', null, '1', 'Mac', TO_DATE('2017-11-10 15:53:01', 'YYYY-MM-DD HH24:MI:SS'), '0', 'fay123456');
INSERT INTO "SIMBA_DEV"."UMS_LOG" VALUES ('ff8080815fa3ee8c015fa4d525820004', 'simba admin', null, 'Chrome-61.0.3163.100', '118', '/api/app/update', '127.0.0.1', '2', '4', '更新应用系统->【名称：RJ报表管理平台4，标识符：RJ-Report，域名：http://192.168.210.199:3000，描述：报表系统测试别删】', '应用系统', '1', 'Mac', TO_DATE('2017-11-09 15:32:21', 'YYYY-MM-DD HH24:MI:SS'), '0', 'fay123456');
INSERT INTO "SIMBA_DEV"."UMS_LOG" VALUES ('ff8080815fa3ee8c015fa5e346330005', 'simba admin', null, 'Chrome-61.0.3163.100', '258', '/api/app/add', '127.0.0.1', '2', '4', '新增应用系统->【名称：123123，标识符：12312312，域名：123123，描述：121111】', '应用系统', '1', 'Mac', TO_DATE('2017-11-09 20:27:24', 'YYYY-MM-DD HH24:MI:SS'), '0', 'fay123456');
INSERT INTO "SIMBA_DEV"."UMS_LOG" VALUES ('ff8080815fa3ee8c015fa917c3de0006', 'simba admin', null, 'Chrome-61.0.3163.100', '182', '/api/menuResource/add', '127.0.0.1', '2', '4', '新增菜单资源->【名称：字典类型，标识符：dict type，url：/uums/dictType，图标：undefined，排序号：2，所属系统：ff80808159aa70380159af77e1aa0002，父级：ff8080815f9562eb015f95c31f950000】', '菜单资源', '1', 'Mac', TO_DATE('2017-11-10 11:23:36', 'YYYY-MM-DD HH24:MI:SS'), '0', 'fay123456');
INSERT INTO "SIMBA_DEV"."UMS_LOG" VALUES ('ff8080815fa3ee8c015fa927a9190008', 'simba admin', null, 'Chrome-61.0.3163.100', '0', '/api/dictType/updAvailable', '127.0.0.1', '2', '4', '->【id：ff8080815f9ec85a015fa4018a7e0006】', null, '1', 'Mac', TO_DATE('2017-11-10 11:40:59', 'YYYY-MM-DD HH24:MI:SS'), '0', 'fay123456');
INSERT INTO "SIMBA_DEV"."UMS_LOG" VALUES ('ff8080815fa3ee8c015fa92f9c050009', 'simba admin', null, 'Chrome-61.0.3163.100', '197', '/api/dict/update', '127.0.0.1', '2', '4', '更新数据字典->【ID：ff8080815f9ebf3f015fa40061b60007，序号：123123，编码：100000000，名称：123123123】', null, '1', 'Mac', TO_DATE('2017-11-10 11:49:39', 'YYYY-MM-DD HH24:MI:SS'), '0', 'fay123456');
INSERT INTO "SIMBA_DEV"."UMS_LOG" VALUES ('ff8080815fa3ee8c015fa9350858000a', 'simba admin', null, 'Chrome-61.0.3163.100', '177', '/api/dict/update', '127.0.0.1', '2', '4', '更新数据字典->【ID：ff8080815f9ebf3f015fa40061b60007，序号：123123，编码：100000000，名称：123123123】', null, '1', 'Mac', TO_DATE('2017-11-10 11:55:34', 'YYYY-MM-DD HH24:MI:SS'), '0', 'fay123456');
INSERT INTO "SIMBA_DEV"."UMS_LOG" VALUES ('ff8080815fa3ee8c015fa935637e000b', 'simba admin', null, 'Chrome-61.0.3163.100', '117', '/api/dict/update', '127.0.0.1', '2', '4', '更新数据字典->【ID：ff8080815f9a9237015f9e50b63f0001，序号：123，编码：123，名称：123】', null, '1', 'Mac', TO_DATE('2017-11-10 11:55:58', 'YYYY-MM-DD HH24:MI:SS'), '0', 'fay123456');
INSERT INTO "SIMBA_DEV"."UMS_LOG" VALUES ('ff8080815fa3ee8c015fa9d8b5e5000c', 'simba admin', null, 'Chrome-61.0.3163.100', '111', '/api/dict/update', '127.0.0.1', '2', '4', '更新数据字典->【ID：ff8080815f9a9237015f9e50b63f0001，序号：123，编码：123，名称：123，类型：ff8080815fa3ee8c015fa92783e30007】', null, '1', 'Mac', TO_DATE('2017-11-10 14:54:21', 'YYYY-MM-DD HH24:MI:SS'), '0', 'fay123456');
INSERT INTO "SIMBA_DEV"."UMS_LOG" VALUES ('ff8080815fa3ee8c015fa9d8c0c3000d', 'simba admin', null, 'Chrome-61.0.3163.100', '99', '/api/dict/update', '127.0.0.1', '2', '4', '更新数据字典->【ID：ff8080815f9a9237015f9e50b63f0001，序号：123，编码：123，名称：123，类型：undefined】', null, '1', 'Mac', TO_DATE('2017-11-10 14:54:24', 'YYYY-MM-DD HH24:MI:SS'), '0', 'fay123456');
INSERT INTO "SIMBA_DEV"."UMS_LOG" VALUES ('ff8080815fa3ee8c015fa9ed1233000f', 'simba admin', null, 'Chrome-61.0.3163.100', '906', '/api/controllerResource/add', '127.0.0.1', '2', '4', '新增请求资源->【名称：undefined，标识符：orgRolePage，url：/api/orgRole/findForPage，排序号：1，所属系统ff80808159aa70380159af77e1aa0002，所属菜单ff8080815e4bc997015e4be164780000】', '请求资源', '1', 'Mac', TO_DATE('2017-11-10 15:16:35', 'YYYY-MM-DD HH24:MI:SS'), '0', 'fay123456');
INSERT INTO "SIMBA_DEV"."UMS_LOG" VALUES ('ff8080815fa3ee8c015fa9ed219d0010', 'simba admin', null, 'Chrome-61.0.3163.100', '0', '/api/controllerResource/updAvailable', '127.0.0.1', '2', '4', '->【id：ff8080815fa3ee8c015fa9ed106a000e】', null, '1', 'Mac', TO_DATE('2017-11-10 15:16:40', 'YYYY-MM-DD HH24:MI:SS'), '0', 'fay123456');
INSERT INTO "SIMBA_DEV"."UMS_LOG" VALUES ('ff8080815fa3ee8c015fa9f7968a0012', 'simba admin', null, 'Chrome-61.0.3163.100', '0', '/api/controllerResource/updAvailable', '127.0.0.1', '2', '4', '->【id：ff8080815fa3ee8c015fa9ee30c00011】', null, '1', 'Mac', TO_DATE('2017-11-10 15:28:05', 'YYYY-MM-DD HH24:MI:SS'), '0', 'fay123456');
INSERT INTO "SIMBA_DEV"."UMS_LOG" VALUES ('ff8080815fa3ee8c015fa9f828d20013', 'simba admin', null, 'Chrome-61.0.3163.100', '135', '/api/controllerResource/add', '127.0.0.1', '2', '4', '新增请求资源->【名称：undefined，标识符：add orgRole，url：/api/orgRole/add，排序号：3，所属系统ff80808159aa70380159af77e1aa0002，所属菜单ff8080815e4bc997015e4be164780000】', '请求资源', '1', 'Mac', TO_DATE('2017-11-10 15:28:42', 'YYYY-MM-DD HH24:MI:SS'), '0', 'fay123456');
INSERT INTO "SIMBA_DEV"."UMS_LOG" VALUES ('ff8080815fa3ee8c015fa9fa4c3a0017', 'simba admin', null, 'Chrome-61.0.3163.100', '0', '/api/controllerResource/updAvailable', '127.0.0.1', '2', '4', '->【id：ff8080815f9ec85a015fa4d31322000e】', null, '1', 'Mac', TO_DATE('2017-11-10 15:31:03', 'YYYY-MM-DD HH24:MI:SS'), '0', 'fay123456');
INSERT INTO "SIMBA_DEV"."UMS_LOG" VALUES ('ff8080815f9ec85a015fa4d469e2000f', 'simba admin', null, 'Chrome-61.0.3163.100', '0', '/api/controllerResource/updAvailable', '127.0.0.1', '2', '4', '->【id：ff8080815fa3ee8c015fa9f88a720014】', null, '1', 'Mac', TO_DATE('2017-11-10 15:31:03', 'YYYY-MM-DD HH24:MI:SS'), '0', 'fay123456');
INSERT INTO "SIMBA_DEV"."UMS_LOG" VALUES ('ff8080815fa3ee8c015fa9fb65b10018', 'simba admin', null, 'Chrome-61.0.3163.100', '82', '/api/controllerResource/add', '127.0.0.1', '2', '4', '新增请求资源->【名称：undefined，标识符：orgRoleByOrg，url：/api/orgRole/findByOrg，排序号：7，所属系统ff80808159aa70380159af77e1aa0002，所属菜单ff8080815e4bc997015e4be164780000】', '请求资源', '1', 'Mac', TO_DATE('2017-11-10 15:32:15', 'YYYY-MM-DD HH24:MI:SS'), '0', 'fay123456');
INSERT INTO "SIMBA_DEV"."UMS_LOG" VALUES ('ff8080815fa3ee8c015fa9fd853f001c', 'simba admin', null, 'Chrome-61.0.3163.100', '92', '/api/controllerResource/add', '127.0.0.1', '2', '4', '新增请求资源->【名称：undefined，标识符：update dict，url：/api/dict/update，排序号：3，所属系统ff80808159aa70380159af77e1aa0002，所属菜单ff8080815f956c06015f95cd0be90001】', '请求资源', '1', 'Mac', TO_DATE('2017-11-10 15:34:34', 'YYYY-MM-DD HH24:MI:SS'), '0', 'fay123456');
INSERT INTO "SIMBA_DEV"."UMS_LOG" VALUES ('ff8080815f9ec85a015fa4d7f2620012', 'simba admin', null, 'Chrome-61.0.3163.100', '82', '/api/controllerResource/add', '127.0.0.1', '2', '4', '新增请求资源->【名称：undefined，标识符：delete dict，url：/api/dict/delete，排序号：4，所属系统ff80808159aa70380159af77e1aa0002，所属菜单ff8080815f956c06015f95cd0be90001】', '请求资源', '1', 'Mac', TO_DATE('2017-11-10 15:34:54', 'YYYY-MM-DD HH24:MI:SS'), '0', 'fay123456');
INSERT INTO "SIMBA_DEV"."UMS_LOG" VALUES ('ff8080815fa3ee8c015fa9fe7680001e', 'simba admin', null, 'Chrome-61.0.3163.100', '87', '/api/controllerResource/add', '127.0.0.1', '2', '4', '新增请求资源->【名称：undefined，标识符：updAvailable dict，url：/api/dict/updAvailable，排序号：5，所属系统ff80808159aa70380159af77e1aa0002，所属菜单ff8080815f956c06015f95cd0be90001】', '请求资源', '1', 'Mac', TO_DATE('2017-11-10 15:35:36', 'YYYY-MM-DD HH24:MI:SS'), '0', 'fay123456');
INSERT INTO "SIMBA_DEV"."UMS_LOG" VALUES ('ff8080815f9ec85a015fa4d89c130014', 'simba admin', null, 'Chrome-61.0.3163.100', '0', '/api/controllerResource/updAvailable', '127.0.0.1', '2', '4', '->【id：ff8080815f9ec85a015fa4d69c070011】', null, '1', 'Mac', TO_DATE('2017-11-10 15:35:38', 'YYYY-MM-DD HH24:MI:SS'), '0', 'fay123456');
INSERT INTO "SIMBA_DEV"."UMS_LOG" VALUES ('ff8080815f9ec85a015fa4d89ee10015', 'simba admin', null, 'Chrome-61.0.3163.100', '0', '/api/controllerResource/updAvailable', '127.0.0.1', '2', '4', '->【id：ff8080815fa3ee8c015fa9fd0835001a】', null, '1', 'Mac', TO_DATE('2017-11-10 15:35:39', 'YYYY-MM-DD HH24:MI:SS'), '0', 'fay123456');
INSERT INTO "SIMBA_DEV"."UMS_LOG" VALUES ('ff8080815f9ec85a015fa4d8a02f0016', 'simba admin', null, 'Chrome-61.0.3163.100', '0', '/api/controllerResource/updAvailable', '127.0.0.1', '2', '4', '->【id：ff8080815fa3ee8c015fa9fd84d7001b】', null, '1', 'Mac', TO_DATE('2017-11-10 15:35:39', 'YYYY-MM-DD HH24:MI:SS'), '0', 'fay123456');
INSERT INTO "SIMBA_DEV"."UMS_LOG" VALUES ('ff8080815fa3ee8c015fa9ff55ab0021', 'simba admin', null, 'Chrome-61.0.3163.100', '136', '/api/controllerResource/add', '127.0.0.1', '2', '4', '新增请求资源->【名称：undefined，标识符：dictTypePage，url：/api/dictType/findForPage，排序号：1，所属系统ff80808159aa70380159af77e1aa0002，所属菜单ff8080815f9ec85a015fa3f1dea40005】', '请求资源', '1', 'Mac', TO_DATE('2017-11-10 15:36:33', 'YYYY-MM-DD HH24:MI:SS'), '0', 'fay123456');
INSERT INTO "SIMBA_DEV"."UMS_LOG" VALUES ('ff8080815fa3ee8c015faa00b2320023', 'simba admin', null, 'Chrome-61.0.3163.100', '80', '/api/controllerResource/add', '127.0.0.1', '2', '4', '新增请求资源->【名称：undefined，标识符：add dictType，url：/api/dictType/add，排序号：3，所属系统ff80808159aa70380159af77e1aa0002，所属菜单ff8080815f9ec85a015fa3f1dea40005】', '请求资源', '1', 'Mac', TO_DATE('2017-11-10 15:38:02', 'YYYY-MM-DD HH24:MI:SS'), '0', 'fay123456');
INSERT INTO "SIMBA_DEV"."UMS_LOG" VALUES ('ff8080815f9ec85a015fa4db30180018', 'simba admin', null, 'Chrome-61.0.3163.100', '111', '/api/controllerResource/add', '127.0.0.1', '2', '4', '新增请求资源->【名称：undefined，标识符：update dictType，url：/api/dictType/update，排序号：4，所属系统ff80808159aa70380159af77e1aa0002，所属菜单ff8080815f9ec85a015fa3f1dea40005】', '请求资源', '1', 'Mac', TO_DATE('2017-11-10 15:38:27', 'YYYY-MM-DD HH24:MI:SS'), '0', 'fay123456');
INSERT INTO "SIMBA_DEV"."UMS_LOG" VALUES ('ff8080815fa3ee8c015faa0200160025', 'simba admin', null, 'Chrome-61.0.3163.100', '90', '/api/controllerResource/add', '127.0.0.1', '2', '4', '新增请求资源->【名称：undefined，标识符：updAvailable dictType，url：/api/dictType/updAvailable，排序号：6，所属系统ff80808159aa70380159af77e1aa0002，所属菜单ff8080815f9ec85a015fa3f1dea40005】', '请求资源', '1', 'Mac', TO_DATE('2017-11-10 15:39:27', 'YYYY-MM-DD HH24:MI:SS'), '0', 'fay123456');
INSERT INTO "SIMBA_DEV"."UMS_LOG" VALUES ('ff8080815fa3ee8c015faa020a730026', 'simba admin', null, 'Chrome-61.0.3163.100', '0', '/api/controllerResource/updAvailable', '127.0.0.1', '2', '4', '->【id：ff8080815fa3ee8c015fa9ff55340020】', null, '1', 'Mac', TO_DATE('2017-11-10 15:39:30', 'YYYY-MM-DD HH24:MI:SS'), '0', 'fay123456');
INSERT INTO "SIMBA_DEV"."UMS_LOG" VALUES ('ff8080815f9ec85a015fa4018b330007', 'simba admin', null, 'Chrome-61.0.3163.100', '120', '/api/dictType/add', '127.0.0.1', '2', '4', '新增数据字典类型->【编码：123123，名称：123123，描述：123123】', null, '1', 'Mac', TO_DATE('2017-11-10 11:40:43', 'YYYY-MM-DD HH24:MI:SS'), '0', 'fay123456');
INSERT INTO "SIMBA_DEV"."UMS_LOG" VALUES ('ff8080815f9ec85a015fa401a0fc0008', 'simba admin', null, 'Chrome-61.0.3163.100', '527', '/api/dictType/add', '127.0.0.1', '2', '4', '新增数据字典类型->【编码：123123123，名称：3123123123，描述：12312312321】', null, '1', 'Mac', TO_DATE('2017-11-10 11:40:49', 'YYYY-MM-DD HH24:MI:SS'), '0', 'fay123456');
INSERT INTO "SIMBA_DEV"."UMS_LOG" VALUES ('ff8080815f9ec85a015fa409a2e10009', 'simba admin', null, 'Chrome-61.0.3163.100', '538', '/api/dict/add', '127.0.0.1', '2', '4', '新增数据字典->【序号：123123，编码：100000000，名称：123123123】', null, '1', 'Mac', TO_DATE('2017-11-10 11:49:33', 'YYYY-MM-DD HH24:MI:SS'), '0', 'fay123456');
INSERT INTO "SIMBA_DEV"."UMS_LOG" VALUES ('ff8080815f9ec85a015fa40f5d2c000a', 'simba admin', null, 'Chrome-61.0.3163.100', '108', '/api/dict/delete', '127.0.0.1', '2', '4', '删除数据字典->【ID：4028524d5f9a83d6015f9a841abb0000】', null, '1', 'Mac', TO_DATE('2017-11-10 11:55:49', 'YYYY-MM-DD HH24:MI:SS'), '0', 'fay123456');
INSERT INTO "SIMBA_DEV"."UMS_LOG" VALUES ('ff8080815f9ec85a015fa4c84dae000b', 'simba admin', null, 'Chrome-61.0.3163.100', '96', '/api/controllerResource/add', '127.0.0.1', '2', '4', '新增请求资源->【名称：undefined，标识符：orgRoleById，url：/api/orgRole/findById，排序号：2，所属系统ff80808159aa70380159af77e1aa0002，所属菜单ff8080815e4bc997015e4be164780000】', '请求资源', '1', 'Mac', TO_DATE('2017-11-10 15:17:49', 'YYYY-MM-DD HH24:MI:SS'), '0', 'fay123456');
INSERT INTO "SIMBA_DEV"."UMS_LOG" VALUES ('ff8080815f9ec85a015fa4c8939f000c', 'simba admin', null, 'Chrome-61.0.3163.100', '406', '/api/controllerResource/update', '127.0.0.1', '2', '4', '更新请求资源->【ID：ff8080815fa3ee8c015fa9ee30c00011，名称：undefined，标识符：orgRoleById，url：/api/orgRole/findById，排序号：2，所属系统ff80808159aa70380159af77e1aa0002，所属菜单undefined】', '请求资源', '1', 'Mac', TO_DATE('2017-11-10 15:18:07', 'YYYY-MM-DD HH24:MI:SS'), '0', 'fay123456');
INSERT INTO "SIMBA_DEV"."UMS_LOG" VALUES ('ff8080815f9ec85a015fa4d2a7b8000d', 'simba admin', null, 'Chrome-61.0.3163.100', '120', '/api/controllerResource/add', '127.0.0.1', '2', '4', '新增请求资源->【名称：undefined，标识符：update orgRole，url：/api/orgRole/update，排序号：4，所属系统ff80808159aa70380159af77e1aa0002，所属菜单ff8080815e4bc997015e4be164780000】', '请求资源', '1', 'Mac', TO_DATE('2017-11-10 15:29:08', 'YYYY-MM-DD HH24:MI:SS'), '0', 'fay123456');
INSERT INTO "SIMBA_DEV"."UMS_LOG" VALUES ('ff8080815f9ec85a015fa4dc27ff001b', 'simba admin', null, 'Chrome-61.0.3163.100', '0', '/api/controllerResource/updAvailable', '127.0.0.1', '2', '4', '->【id：ff8080815fa3ee8c015faa0058080022】', null, '1', 'Mac', TO_DATE('2017-11-10 15:39:30', 'YYYY-MM-DD HH24:MI:SS'), '0', 'fay123456');
INSERT INTO "SIMBA_DEV"."UMS_LOG" VALUES ('ff8080815fa3ee8c015faa020ed70027', 'simba admin', null, 'Chrome-61.0.3163.100', '0', '/api/controllerResource/updAvailable', '127.0.0.1', '2', '4', '->【id：ff8080815fa3ee8c015faa0112ed0024】', null, '1', 'Mac', TO_DATE('2017-11-10 15:39:31', 'YYYY-MM-DD HH24:MI:SS'), '0', 'fay123456');
INSERT INTO "SIMBA_DEV"."UMS_LOG" VALUES ('ff8080815f9ec85a015fa4e88411001c', 'simba admin', null, 'Chrome-61.0.3163.100', '0', '/api/controllerResource/updAvailable', '127.0.0.1', '2', '4', '启用请求资源->【id：ff8080815fa3ee8c015fa9ff55340020】', null, '1', 'Mac', TO_DATE('2017-11-10 15:53:00', 'YYYY-MM-DD HH24:MI:SS'), '0', 'fay123456');
INSERT INTO "SIMBA_DEV"."UMS_LOG" VALUES ('ff8080815fa3ee8c015faa0fa0850028', 'simba admin', null, 'Chrome-61.0.3163.100', '128', '/api/menuResource/update', '127.0.0.1', '2', '4', '更新菜单资源->【ID：4028524259aa70650159b0cfb0d20005，名称：用户管理，标识符：user，url：/uums/user，图标：undefined，排序号：15，所属系统：ff80808159aa70380159af77e1aa0002，父级：4028524259aa70650159b0aa870d0003】', '菜单资源', '1', 'Mac', TO_DATE('2017-11-10 15:54:20', 'YYYY-MM-DD HH24:MI:SS'), '0', 'fay123456');
INSERT INTO "SIMBA_DEV"."UMS_LOG" VALUES ('ff8080815fa3ee8c015fb95fdf380029', 'simba admin', null, 'Chrome-61.0.3163.100', '157', '/api/group/update', '192.168.0.75', '2', '4', '更新部门->【ID：ff8080815ebc0e28015f0feba2ac001a，名称：sdfsdf，描述：sadfsdf，所属机构：297e06725a081427015a08147e8e0000】', null, '1', 'Mac', TO_DATE('2017-11-13 15:13:38', 'YYYY-MM-DD HH24:MI:SS'), '0', 'fay123456');
INSERT INTO "SIMBA_DEV"."UMS_LOG" VALUES ('ff8080815fd7746f015fd84e26590000', null, '/uums/api/user/login', 'Chrome-62.0.3202.94', '5954', null, '127.0.0.1', '2', '1', '用户登录：应用系统【】、用户名【fay123456】、记住密码【是】', null, '1', 'Mac', TO_DATE('2017-11-20 15:34:46', 'YYYY-MM-DD HH24:MI:SS'), null, 'fay123456');
INSERT INTO "SIMBA_DEV"."UMS_LOG" VALUES ('ff8080815fd7746f015fd8561a9b0001', 'simba admin', '/uums/api/user/login', 'Chrome-62.0.3202.94', '211', null, '127.0.0.1', '2', '1', '用户登录：用户名【fay123456】、记住密码【否】', '用户登录', '1', 'Mac', TO_DATE('2017-11-20 15:43:35', 'YYYY-MM-DD HH24:MI:SS'), null, 'fay123456');
INSERT INTO "SIMBA_DEV"."UMS_LOG" VALUES ('ff8080815fdca3cd015fdd8627a20000', 'simba admin', '/uums/api/user/login', 'Chrome-62.0.3202.94', '1281', null, '127.0.0.1', '2', '1', '用户登录：用户名【fay123456】、记住密码【否】', '用户登录', '1', 'Mac', TO_DATE('2017-11-20 15:44:33', 'YYYY-MM-DD HH24:MI:SS'), null, 'fay123456');
INSERT INTO "SIMBA_DEV"."UMS_LOG" VALUES ('ff8080815fdca3cd015fdd88c1f90001', 'simba admin', '/uums/api/user/login', 'Chrome-62.0.3202.94', '534', null, '127.0.0.1', '2', '1', '用户登录：用户名【fay123456】、记住密码【否】', '用户登录', '1', 'Mac', TO_DATE('2017-11-20 15:47:24', 'YYYY-MM-DD HH24:MI:SS'), null, 'fay123456');
INSERT INTO "SIMBA_DEV"."UMS_LOG" VALUES ('ff8080815fd77d72015fd862dabf0000', null, '/uums/api/user/logout', 'Chrome-62.0.3202.94', '21', null, '127.0.0.1', '2', '5', '用户登出：用户名【fay123456】、令牌【fKdnZR1K0rN8JIag3PWy72VvIeGkvrv7IWEbUBklFBUeugtV8lvwLAOh6sw6Ed75jnYwtVor0A3agdrpb92cMgn3T8XlLnyiMKQyn1gB93kr2Qpd8kGBFX56J18bTi997gXI+qtO1hJyLMLJgGVLGT5XnO0EXzQ7OoW+9FTY/6s=】', '用户登出', '1', 'Mac', TO_DATE('2017-11-20 15:47:28', 'YYYY-MM-DD HH24:MI:SS'), null, 'fay123456');
INSERT INTO "SIMBA_DEV"."UMS_LOG" VALUES ('ff8080815fd7746f015fd865996f0002', 'simba admin', null, 'Chrome-62.0.3202.94', '254', '/api/menuResource/update', '127.0.0.1', '2', '4', '更新菜单资源->【ID：ff80808159aa70380159b0cea5c40008，名称：部门管理，标识符：department，url：/uums/department，图标：undefined，排序号：8，所属系统：ff80808159aa70380159af77e1aa0002，父级：4028524259aa70650159b0aa870d0003】', '菜单资源', '1', 'Mac', TO_DATE('2017-11-20 16:00:30', 'YYYY-MM-DD HH24:MI:SS'), '0', 'fay123456');
INSERT INTO "SIMBA_DEV"."UMS_LOG" VALUES ('ff8080815fdca3cd015fddeafca60008', 'simba admin', '/uums/api/user/login', 'Safari-11.0.1', '909', null, '192.168.0.75', '2', '1', '用户登录：用户名【fay123456】、记住密码【否】', '用户登录', '1', 'Mac', TO_DATE('2017-11-20 17:31:50', 'YYYY-MM-DD HH24:MI:SS'), null, 'fay123456');
INSERT INTO "SIMBA_DEV"."UMS_LOG" VALUES ('ff8080815fdca3cd015fdded2eba0009', null, '/uums/api/user/logout', 'Chrome-62.0.3202.94', '13', null, '192.168.0.75', '2', '5', '用户登出：用户名【fay123456】、令牌【ZXQkoyOXM6iyHbe27KSRFOfv7+7w2blqbpM8lQo7JXzLO2IrIVC1qcb7D4auv6389jRsOmE0ZJQIm4Cs0BJzIodxDl7st8f1LcH1AvQU/EDLZHc8OyZV9f3ZEBb/h8d+7lkpgRg5nksedUiV9E2jNNv/ND9ClUHu2GqzKx1Twi8=】', '用户登出', '1', 'Mac', TO_DATE('2017-11-20 17:34:15', 'YYYY-MM-DD HH24:MI:SS'), null, 'fay123456');
INSERT INTO "SIMBA_DEV"."UMS_LOG" VALUES ('ff8080815fd7746f015fd8be20db000a', null, '/uums/api/user/logout', 'Safari-11.0.1', '11', null, '192.168.0.75', '2', '5', '用户登出：用户名【fay123456】、令牌【HBqvr8OsqrFXo6fFtto6EWl5B8TmwFVIWl5aXasfWnwegmrZsUPouGVAgZiK9u0q1+vDHR4fdaDrzj0uOrcojf30et9mvqKhGYrH/+XdhtjYCLmwdxhK6claezfz85wQzydJ+2cZx5q5R9IlSeKusZWZZmIHUy5+OLfYsrGtD/Q=】', '用户登出', '1', 'Mac', TO_DATE('2017-11-20 17:34:21', 'YYYY-MM-DD HH24:MI:SS'), null, 'fay123456');
INSERT INTO "SIMBA_DEV"."UMS_LOG" VALUES ('ff8080815fdc23d6015fe666897e0002', 'simba admin', null, 'Chrome-62.0.3202.94', '2015', '/api/person/add', '192.168.0.75', '2', '4', 'GX8AswcQJ9w8fES9LUNMvjYZqPLyp4NmqtaLfmAJMjmoMCPhKgX2BIa72YqiKNgJyO1TcM1bJbKkODJ2LIqBxCO9e0jsIXiGitipYgFVq/i6Umoyp+4tLodkimSxB/JpyU66jAYGEJi6oYtwpUaHi6GLWv60to5/UFQ8+bbGQxo=', '新增人员->【姓名：123123123213，标识：123213123，所属机构ID：undefined，所属部门ID：ff8080815c62b387015c62c32a890002，所属职位ID：undefined，所属角色ID：undefined】', '1', null, TO_DATE('2017-11-23 09:03:18', 'YYYY-MM-DD HH24:MI:SS'), '0', 'Mac');
INSERT INTO "SIMBA_DEV"."UMS_LOG" VALUES ('ff8080815f9ebf3f015fa3f8736e0005', 'simba admin', null, 'Chrome-61.0.3163.100', '228', '/api/dictType/update', '127.0.0.1', '2', '4', '更新数据字典->【ID：ff8080815fa3ee8c015fa92783e30007，编码：123123123sdfdsfsda，名称：3123123123，描述：12312312321】', null, '1', 'Mac', TO_DATE('2017-11-10 11:40:53', 'YYYY-MM-DD HH24:MI:SS'), '0', 'fay123456');
INSERT INTO "SIMBA_DEV"."UMS_LOG" VALUES ('ff8080815f9ec85a015f9eca14010000', 'simba admin', '22222', '131231231232131213', '123', '1111', '1121231312', '1', '1', '22222222', '123', '1', 'mac', TO_DATE('2017-11-09 11:21:55', 'YYYY-MM-DD HH24:MI:SS'), '1', 'fay123456');
INSERT INTO "SIMBA_DEV"."UMS_LOG" VALUES ('ff8080815f9ec85a015f9ecca35e0001', 'simba admin', null, 'Chrome-61.0.3163.100', '673', '/api/app/update', '127.0.0.1', '2', '3', '更新应用系统->【名称：RJ报表管理平台1标识符：RJ-Report域名：http://192.168.210.199:3000描述：报表系统测试别删】', '应用系统', '1', 'Mac', TO_DATE('2017-11-09 11:24:48', 'YYYY-MM-DD HH24:MI:SS'), '0', 'fay123456');
INSERT INTO "SIMBA_DEV"."UMS_LOG" VALUES ('ff8080815f9ec85a015fa093d8e80002', 'simba admin', null, 'Chrome-61.0.3163.100', '161', '/api/app/update', '127.0.0.1', '2', '4', '更新应用系统->【名称：RJ报表管理平台4，标识符：RJ-Report，域名：http://192.168.210.199:3000，描述：报表系统测试别删】', '应用系统', '1', 'Mac', TO_DATE('2017-11-09 19:42:01', 'YYYY-MM-DD HH24:MI:SS'), '0', 'fay123456');
INSERT INTO "SIMBA_DEV"."UMS_LOG" VALUES ('ff8080815f9ebf3f015fa3f87ada0006', 'simba admin', null, 'Chrome-61.0.3163.100', '0', '/api/dictType/updAvailable', '127.0.0.1', '2', '4', '->【id：ff8080815f9ec85a015fa4018a7e0006】', null, '1', 'Mac', TO_DATE('2017-11-10 11:40:56', 'YYYY-MM-DD HH24:MI:SS'), '0', 'fay123456');
INSERT INTO "SIMBA_DEV"."UMS_LOG" VALUES ('ff8080815fe14a86015feb8c84d10002', 'simba admin', null, 'Chrome-62.0.3202.94', '2015', '/api/person/add', '192.168.0.75', '2', '4', 'GX8AswcQJ9w8fES9LUNMvjYZqPLyp4NmqtaLfmAJMjmoMCPhKgX2BIa72YqiKNgJyO1TcM1bJbKkODJ2LIqBxCO9e0jsIXiGitipYgFVq/i6Umoyp+4tLodkimSxB/JpyU66jAYGEJi6oYtwpUaHi6GLWv60to5/UFQ8+bbGQxo=', '新增人员->【姓名：123123123213，标识：123213123，所属机构ID：undefined，所属部门ID：ff8080815c62b387015c62c32a890002，所属职位ID：undefined，所属角色ID：undefined】', '1', null, TO_DATE('2017-11-23 09:03:18', 'YYYY-MM-DD HH24:MI:SS'), '0', 'Mac');
INSERT INTO "SIMBA_DEV"."UMS_LOG" VALUES ('ff8080815f9ebf3f015fa0a3b98c0000', 'simba admin', null, 'Chrome-61.0.3163.100', '261', '/api/app/update', '127.0.0.1', '2', '4', '更新应用系统->【名称：SIMBA系统管理平台，标识符：simba admin，域名：192.168.210.192:8000，描述：SIMBA系统管理平台】', '应用系统', '1', 'Mac', TO_DATE('2017-11-09 20:09:28', 'YYYY-MM-DD HH24:MI:SS'), '0', 'fay123456');
INSERT INTO "SIMBA_DEV"."UMS_LOG" VALUES ('ff8080815f9ebf3f015fa0b452060004', 'simba admin', null, 'Chrome-61.0.3163.100', '497', '/api/app/delete', '127.0.0.1', '2', '4', '删除应用系统->【ID：ff8080815f9ebf3f015fa0b4229a0001】', '应用系统', '1', 'Mac', TO_DATE('2017-11-09 20:27:35', 'YYYY-MM-DD HH24:MI:SS'), '0', 'fay123456');
INSERT INTO "SIMBA_DEV"."UMS_LOG" VALUES ('ff8080815f9ebf3f015fa405d86b0008', 'simba admin', null, 'Chrome-61.0.3163.100', '130', '/api/dict/update', '127.0.0.1', '2', '4', '更新数据字典->【ID：ff8080815f9ebf3f015fa40061b60007，序号：123123，编码：100000000，名称：123123123】', null, '1', 'Mac', TO_DATE('2017-11-10 11:55:31', 'YYYY-MM-DD HH24:MI:SS'), '0', 'fay123456');
INSERT INTO "SIMBA_DEV"."UMS_LOG" VALUES ('ff8080815f9ebf3f015fa4a9865b0009', 'simba admin', null, 'Chrome-61.0.3163.100', '138', '/api/dict/update', '127.0.0.1', '2', '4', '更新数据字典->【ID：ff8080815f9a9237015f9e50b63f0001，序号：123，编码：123，名称：123，类型：undefined】', null, '1', 'Mac', TO_DATE('2017-11-10 14:54:18', 'YYYY-MM-DD HH24:MI:SS'), '0', 'fay123456');
INSERT INTO "SIMBA_DEV"."UMS_LOG" VALUES ('ff8080815f9ebf3f015fa4bf9374000a', 'simba admin', null, 'Chrome-61.0.3163.100', '242', '/api/controllerResource/update', '127.0.0.1', '2', '4', '更新请求资源->【ID：ff8080815fa3ee8c015fa9ee30c00011，名称：undefined，标识符：orgRoleById，url：/api/orgRole/findById，排序号：2，所属系统ff80808159aa70380159af77e1aa0002，所属菜单ff8080815e4bc997015e4be164780000】', '请求资源', '1', 'Mac', TO_DATE('2017-11-10 15:18:23', 'YYYY-MM-DD HH24:MI:SS'), '0', 'fay123456');
INSERT INTO "SIMBA_DEV"."UMS_LOG" VALUES ('ff8080815fa3ee8c015fa9f8f7a90015', 'simba admin', null, 'Chrome-61.0.3163.100', '432', '/api/controllerResource/add', '127.0.0.1', '2', '4', '新增请求资源->【名称：undefined，标识符：delete orgRole，url：/api/orgRole/delete，排序号：5，所属系统ff80808159aa70380159af77e1aa0002，所属菜单ff8080815e4bc997015e4be164780000】', '请求资源', '1', 'Mac', TO_DATE('2017-11-10 15:29:35', 'YYYY-MM-DD HH24:MI:SS'), '0', 'fay123456');
INSERT INTO "SIMBA_DEV"."UMS_LOG" VALUES ('ff8080815f9ebf3f015fa4cb2017000d', 'simba admin', null, 'Chrome-61.0.3163.100', '104', '/api/controllerResource/add', '127.0.0.1', '2', '4', '新增请求资源->【名称：undefined，标识符：updAvailable orgRole，url：/api/orgRole/updAvailable，排序号：6，所属系统ff80808159aa70380159af77e1aa0002，所属菜单ff8080815e4bc997015e4be164780000】', '请求资源', '1', 'Mac', TO_DATE('2017-11-10 15:31:00', 'YYYY-MM-DD HH24:MI:SS'), '0', 'fay123456');
INSERT INTO "SIMBA_DEV"."UMS_LOG" VALUES ('ff8080815fa3ee8c015fa9fa4b530016', 'simba admin', null, 'Chrome-61.0.3163.100', '0', '/api/controllerResource/updAvailable', '127.0.0.1', '2', '4', '->【id：ff8080815f9ebf3f015fa4cb1f98000c】', null, '1', 'Mac', TO_DATE('2017-11-10 15:31:02', 'YYYY-MM-DD HH24:MI:SS'), '0', 'fay123456');
INSERT INTO "SIMBA_DEV"."UMS_LOG" VALUES ('ff8080815fa3ee8c015fa9fc802c0019', 'simba admin', null, 'Chrome-61.0.3163.100', '96', '/api/controllerResource/add', '127.0.0.1', '2', '4', '新增请求资源->【名称：undefined，标识符：dictPage，url：/api/dict/findForPage，排序号：1，所属系统ff80808159aa70380159af77e1aa0002，所属菜单ff8080815f956c06015f95cd0be90001】', '请求资源', '1', 'Mac', TO_DATE('2017-11-10 15:33:27', 'YYYY-MM-DD HH24:MI:SS'), '0', 'fay123456');
INSERT INTO "SIMBA_DEV"."UMS_LOG" VALUES ('ff8080815f9ebf3f015fa4cde644000f', 'simba admin', null, 'Chrome-61.0.3163.100', '82', '/api/controllerResource/add', '127.0.0.1', '2', '4', '新增请求资源->【名称：undefined，标识符：add dict，url：/api/dict/add，排序号：2，所属系统ff80808159aa70380159af77e1aa0002，所属菜单ff8080815f956c06015f95cd0be90001】', '请求资源', '1', 'Mac', TO_DATE('2017-11-10 15:34:02', 'YYYY-MM-DD HH24:MI:SS'), '0', 'fay123456');
INSERT INTO "SIMBA_DEV"."UMS_LOG" VALUES ('ff8080815fa3ee8c015fa9fe870e001f', 'simba admin', null, 'Chrome-61.0.3163.100', '0', '/api/controllerResource/updAvailable', '127.0.0.1', '2', '4', '->【id：ff8080815fa3ee8c015fa9fdd596001d】', null, '1', 'Mac', TO_DATE('2017-11-10 15:35:39', 'YYYY-MM-DD HH24:MI:SS'), '0', 'fay123456');
INSERT INTO "SIMBA_DEV"."UMS_LOG" VALUES ('ff8080815f9ebf3f015fa4d2eb140013', 'simba admin', null, 'Chrome-61.0.3163.100', '0', '/api/controllerResource/updAvailable', '127.0.0.1', '2', '4', '->【id：ff8080815f9ec85a015fa4dace250017】', null, '1', 'Mac', TO_DATE('2017-11-10 15:39:31', 'YYYY-MM-DD HH24:MI:SS'), '0', 'fay123456');
INSERT INTO "SIMBA_DEV"."UMS_LOG" VALUES ('ff8080815f9ebf3f015fa4d2ee080014', 'simba admin', null, 'Chrome-61.0.3163.100', '0', '/api/controllerResource/updAvailable', '127.0.0.1', '2', '4', '->【id：ff8080815f9ec85a015fa4db94200019】', null, '1', 'Mac', TO_DATE('2017-11-10 15:39:32', 'YYYY-MM-DD HH24:MI:SS'), '0', 'fay123456');
INSERT INTO "SIMBA_DEV"."UMS_LOG" VALUES ('ff8080815f9ebf3f015fa4d2ef6e0015', 'simba admin', null, 'Chrome-61.0.3163.100', '0', '/api/controllerResource/updAvailable', '127.0.0.1', '2', '4', '->【id：ff8080815f9ec85a015fa4dc1c1d001a】', null, '1', 'Mac', TO_DATE('2017-11-10 15:39:32', 'YYYY-MM-DD HH24:MI:SS'), '0', 'fay123456');
INSERT INTO "SIMBA_DEV"."UMS_LOG" VALUES ('ff8080815fdc1ad6015fe65d5d750000', 'simba admin', null, 'Chrome-62.0.3202.94', '2015', '/api/person/add', '192.168.0.75', '2', '4', 'GX8AswcQJ9w8fES9LUNMvjYZqPLyp4NmqtaLfmAJMjmoMCPhKgX2BIa72YqiKNgJyO1TcM1bJbKkODJ2LIqBxCO9e0jsIXiGitipYgFVq/i6Umoyp+4tLodkimSxB/JpyU66jAYGEJi6oYtwpUaHi6GLWv60to5/UFQ8+bbGQxo=', '新增人员->【姓名：123123123213，标识：123213123，所属机构ID：undefined，所属部门ID：ff8080815c62b387015c62c32a890002，所属职位ID：undefined，所属角色ID：undefined】', '1', null, TO_DATE('2017-11-23 09:03:18', 'YYYY-MM-DD HH24:MI:SS'), '0', 'Mac');

-- ----------------------------
-- Table structure for UMS_MENU_BUTTON
-- ----------------------------
DROP TABLE "SIMBA_DEV"."UMS_MENU_BUTTON";
CREATE TABLE "SIMBA_DEV"."UMS_MENU_BUTTON" (
"ID" VARCHAR2(32 CHAR) NOT NULL ,
"BUTTON_ID" VARCHAR2(255 CHAR) NULL ,
"MENU_ID" VARCHAR2(255 CHAR) NULL 
)
LOGGING
NOCOMPRESS
NOCACHE

;

-- ----------------------------
-- Records of UMS_MENU_BUTTON
-- ----------------------------

-- ----------------------------
-- Table structure for UMS_MENU_RESOURCE
-- ----------------------------
DROP TABLE "SIMBA_DEV"."UMS_MENU_RESOURCE";
CREATE TABLE "SIMBA_DEV"."UMS_MENU_RESOURCE" (
"ID" VARCHAR2(32 CHAR) NOT NULL ,
"IS_AVAILABLE" NUMBER(5) NULL ,
"IS_LEAF" NUMBER(5) NULL ,
"MENU_ICON" VARCHAR2(255 CHAR) NULL ,
"MENU_NAME" VARCHAR2(255 CHAR) NULL ,
"MENU_ORDER" NUMBER(10) NULL ,
"MENU_SN" VARCHAR2(255 CHAR) NULL ,
"MENU_URL" VARCHAR2(255 CHAR) NULL ,
"APPLICATION_ID" VARCHAR2(32 CHAR) NULL ,
"PARENT_ID" VARCHAR2(32 CHAR) NULL 
)
LOGGING
NOCOMPRESS
NOCACHE

;

-- ----------------------------
-- Records of UMS_MENU_RESOURCE
-- ----------------------------
INSERT INTO "SIMBA_DEV"."UMS_MENU_RESOURCE" VALUES ('ff8080815e50cf72015e50ea208f0000', '1', null, null, '人员管理', '20', 'person', '/uums/person', 'ff80808159aa70380159af77e1aa0002', '4028524259aa70650159b0aa870d0003');
INSERT INTO "SIMBA_DEV"."UMS_MENU_RESOURCE" VALUES ('ff80808159aa70380159b0ce42510006', '1', null, null, '应用系统', '1', 'app', '/uums/app', 'ff80808159aa70380159af77e1aa0002', 'ff8080815f956c06015f95c439780000');
INSERT INTO "SIMBA_DEV"."UMS_MENU_RESOURCE" VALUES ('ff8080815f9562eb015f95c31f950000', '1', null, 'folder-open', '公共数据', '3', 'public data', null, 'ff80808159aa70380159af77e1aa0002', null);
INSERT INTO "SIMBA_DEV"."UMS_MENU_RESOURCE" VALUES ('ff80808159aa70380159b0ce8d010007', '1', null, null, '机构管理', '7', 'org', '/uums/org', 'ff80808159aa70380159af77e1aa0002', '4028524259aa70650159b0aa870d0003');
INSERT INTO "SIMBA_DEV"."UMS_MENU_RESOURCE" VALUES ('ff80808159aa70380159b0cea5c40008', '1', null, null, '部门管理', '8', 'department', '/uums/department', 'ff80808159aa70380159af77e1aa0002', '4028524259aa70650159b0aa870d0003');
INSERT INTO "SIMBA_DEV"."UMS_MENU_RESOURCE" VALUES ('ff80808159aa70380159b0cfa0a50009', '1', null, null, '职位管理', '9', 'position', '/uums/position', 'ff80808159aa70380159af77e1aa0002', '4028524259aa70650159b0aa870d0003');
INSERT INTO "SIMBA_DEV"."UMS_MENU_RESOURCE" VALUES ('ff8080815d418e56015dcf10a1d50049', '1', null, null, '统一管理', '5', 'unifyManage', '/uums/unifyManage', 'ff80808159aa70380159af77e1aa0002', '4028524259aa70650159b0aa870d0003');
INSERT INTO "SIMBA_DEV"."UMS_MENU_RESOURCE" VALUES ('4028524259aa70650159b0cec12e0004', '1', null, null, '系统角色', '16', 'role', '/uums/role', 'ff80808159aa70380159af77e1aa0002', 'ff8080815f956c06015f95c439780000');
INSERT INTO "SIMBA_DEV"."UMS_MENU_RESOURCE" VALUES ('ff8080815ebc0e28015f33a8e3c90027', '1', null, '123', '123', '123', '123', '12344234234', 'ff8080815ab103ed015adb6e921c0001', null);
INSERT INTO "SIMBA_DEV"."UMS_MENU_RESOURCE" VALUES ('ff8080815f956c06015f95cd0be90001', '1', null, null, '数据字典', '1', 'data dictionary', '/uums/dict', 'ff80808159aa70380159af77e1aa0002', 'ff8080815f9562eb015f95c31f950000');
INSERT INTO "SIMBA_DEV"."UMS_MENU_RESOURCE" VALUES ('4028524259aa70650159b0cfb0d20005', '1', null, null, '用户管理', '15', 'user', '/uums/user', 'ff80808159aa70380159af77e1aa0002', '4028524259aa70650159b0aa870d0003');
INSERT INTO "SIMBA_DEV"."UMS_MENU_RESOURCE" VALUES ('4028524259aa70650159b0cfe7870006', '1', null, null, '菜单资源', '17', 'menuResource', '/uums/menuResource', 'ff80808159aa70380159af77e1aa0002', 'ff8080815f956c06015f95c439780000');
INSERT INTO "SIMBA_DEV"."UMS_MENU_RESOURCE" VALUES ('ff80808159aa70620159b0d033fd0007', '1', null, null, '请求资源', '18', 'controllerResource', '/uums/controllerResource', 'ff80808159aa70380159af77e1aa0002', 'ff8080815f956c06015f95c439780000');
INSERT INTO "SIMBA_DEV"."UMS_MENU_RESOURCE" VALUES ('ff8080815f9ec85a015fa3f1dea40005', '1', null, null, '字典类型', '2', 'dict type', '/uums/dictType', 'ff80808159aa70380159af77e1aa0002', 'ff8080815f9562eb015f95c31f950000');
INSERT INTO "SIMBA_DEV"."UMS_MENU_RESOURCE" VALUES ('ff8080815ebc17e1015f6d797947004e', '1', null, null, '123123', null, '123123', null, 'ff8080815ab103ed015adb6e921c0001', 'ff8080815ebc17e1015f372b43f50026');
INSERT INTO "SIMBA_DEV"."UMS_MENU_RESOURCE" VALUES ('ff8080815ebc17e1015f372b43f50026', '1', null, '123', '123123', '1', '12312', '123', 'ff8080815ab103ed015adb6e921c0001', null);
INSERT INTO "SIMBA_DEV"."UMS_MENU_RESOURCE" VALUES ('ff8080815f996cf4015f997d997d0000', '1', null, 'share-alt', '公共服务', '4', 'public server', null, 'ff80808159aa70380159af77e1aa0002', null);
INSERT INTO "SIMBA_DEV"."UMS_MENU_RESOURCE" VALUES ('ff8080815f9963c4015f997547da0000', '1', null, null, '日志服务', '1', 'log', '/uums/log', 'ff80808159aa70380159af77e1aa0002', 'ff8080815f996cf4015f997d997d0000');
INSERT INTO "SIMBA_DEV"."UMS_MENU_RESOURCE" VALUES ('4028524259aa70650159b0aa870d0003', '1', null, 'appstore', '统一用户', '1', 'uums', null, 'ff80808159aa70380159af77e1aa0002', null);
INSERT INTO "SIMBA_DEV"."UMS_MENU_RESOURCE" VALUES ('ff8080815e4bc997015e4be164780000', '1', null, null, '角色管理', '10', 'orgRole', '/uums/orgRole', 'ff80808159aa70380159af77e1aa0002', '4028524259aa70650159b0aa870d0003');
INSERT INTO "SIMBA_DEV"."UMS_MENU_RESOURCE" VALUES ('ff8080815f956c06015f95c439780000', '1', null, 'setting', '统一配置', '2', 'unify config', null, 'ff80808159aa70380159af77e1aa0002', null);

-- ----------------------------
-- Table structure for UMS_ORG
-- ----------------------------
DROP TABLE "SIMBA_DEV"."UMS_ORG";
CREATE TABLE "SIMBA_DEV"."UMS_ORG" (
"ID" VARCHAR2(32 CHAR) NOT NULL ,
"ADDRESS" VARCHAR2(255 CHAR) NULL ,
"ATT1" VARCHAR2(255 CHAR) NULL ,
"ATT2" VARCHAR2(255 CHAR) NULL ,
"ATT3" VARCHAR2(255 CHAR) NULL ,
"ATT4" VARCHAR2(255 CHAR) NULL ,
"ATT5" VARCHAR2(255 CHAR) NULL ,
"ATT6" VARCHAR2(255 CHAR) NULL ,
"IS_AVAILABLE" NUMBER(5) NULL ,
"MANAGER_TYPE" NUMBER(5) NULL ,
"NAME" VARCHAR2(255 CHAR) NULL ,
"ORDER_NUM" NUMBER(10) NULL ,
"PHONE" VARCHAR2(255 CHAR) NULL ,
"TYPE_ID" VARCHAR2(255 CHAR) NULL ,
"TYPE_NAME" VARCHAR2(255 CHAR) NULL ,
"PID" VARCHAR2(32 CHAR) NULL ,
"PARENT" RAW(255) NULL ,
"PARENT_ID" VARCHAR2(32 CHAR) NULL 
)
LOGGING
NOCOMPRESS
NOCACHE

;

-- ----------------------------
-- Records of UMS_ORG
-- ----------------------------
INSERT INTO "SIMBA_DEV"."UMS_ORG" VALUES ('297e06725a081427015a08147e8e0000', ' 福州软件园', null, null, null, null, null, null, '1', '1', '工程中心', '1', '123213123213213', null, null, null, null, null);
INSERT INTO "SIMBA_DEV"."UMS_ORG" VALUES ('297e06725a081427015a08147f3a0001', '1232334324234', null, null, null, null, null, null, '1', '1', '工程中心软件部', '1', '13614082083', null, null, '297e06725a081427015a08147e8e0000', null, '297e06725a081427015a08147e8e0000');
INSERT INTO "SIMBA_DEV"."UMS_ORG" VALUES ('ff8080815de518ff015dee166a94000b', '1231231', null, null, null, null, null, null, '1', '1', '1231231', null, null, null, null, null, null, 'ff8080815ebc17e1015f05be4b740008');
INSERT INTO "SIMBA_DEV"."UMS_ORG" VALUES ('ff8080815ebc17e1015f05be4b740008', 'asdfsdf', null, null, null, null, null, null, '1', '1', 'saf', '1', 'asdfasd', null, null, null, null, '297e06725a081427015a08147f3a0001');

-- ----------------------------
-- Table structure for UMS_ORG_ROLE
-- ----------------------------
DROP TABLE "SIMBA_DEV"."UMS_ORG_ROLE";
CREATE TABLE "SIMBA_DEV"."UMS_ORG_ROLE" (
"ID" VARCHAR2(32 BYTE) NOT NULL ,
"IS_AVAILABLE" NUMBER(5) NULL ,
"NAME" VARCHAR2(50 BYTE) NULL ,
"SN" VARCHAR2(50 BYTE) NULL ,
"ORG_ID" VARCHAR2(32 BYTE) NULL 
)
LOGGING
NOCOMPRESS
NOCACHE

;

-- ----------------------------
-- Records of UMS_ORG_ROLE
-- ----------------------------
INSERT INTO "SIMBA_DEV"."UMS_ORG_ROLE" VALUES ('ff8080815e50f8d6015e51a361870028', '1', '超级管理员', 'OSM_297e06725a081427015a08147e8e0000', '297e06725a081427015a08147e8e0000');
INSERT INTO "SIMBA_DEV"."UMS_ORG_ROLE" VALUES ('ff8080815e50f8d6015e51a361e70029', '1', '普通用户', 'OG_297e06725a081427015a08147f3a0001', '297e06725a081427015a08147f3a0001');
INSERT INTO "SIMBA_DEV"."UMS_ORG_ROLE" VALUES ('ff8080815e50f8d6015e51a36604002d', '1', '超级管理员', 'OSM_ff8080815de518ff015dee166a94000b', 'ff8080815de518ff015dee166a94000b');
INSERT INTO "SIMBA_DEV"."UMS_ORG_ROLE" VALUES ('ff8080815e4bd312015e4c7df50d0028', '1', '超级管理员', 'OSM_297e06725a081427015a08147f3a0001', '297e06725a081427015a08147f3a0001');
INSERT INTO "SIMBA_DEV"."UMS_ORG_ROLE" VALUES ('ff8080815e4bd312015e4c7df9420035', '1', '普通用户', 'OG_ff8080815de518ff015dee166a94000b', 'ff8080815de518ff015dee166a94000b');
INSERT INTO "SIMBA_DEV"."UMS_ORG_ROLE" VALUES ('ff8080815e502b12015e5056f5630003', '1', '123123123', '123123123213', '297e06725a081427015a08147e8e0000');
INSERT INTO "SIMBA_DEV"."UMS_ORG_ROLE" VALUES ('ff8080815e4bc997015e4c7450420022', '1', '普通用户', 'OG_297e06725a081427015a08147e8e0000', '297e06725a081427015a08147e8e0000');

-- ----------------------------
-- Table structure for UMS_ORG_RULE
-- ----------------------------
DROP TABLE "SIMBA_DEV"."UMS_ORG_RULE";
CREATE TABLE "SIMBA_DEV"."UMS_ORG_RULE" (
"ID" VARCHAR2(32 CHAR) NOT NULL ,
"MANAGER_ORG" VARCHAR2(255 CHAR) NULL ,
"ORG_ID" VARCHAR2(255 CHAR) NULL 
)
LOGGING
NOCOMPRESS
NOCACHE

;

-- ----------------------------
-- Records of UMS_ORG_RULE
-- ----------------------------

-- ----------------------------
-- Table structure for UMS_ORG_TYPE
-- ----------------------------
DROP TABLE "SIMBA_DEV"."UMS_ORG_TYPE";
CREATE TABLE "SIMBA_DEV"."UMS_ORG_TYPE" (
"ID" VARCHAR2(32 CHAR) NOT NULL ,
"NAME" VARCHAR2(255 CHAR) NULL ,
"SN" VARCHAR2(255 CHAR) NULL 
)
LOGGING
NOCOMPRESS
NOCACHE

;

-- ----------------------------
-- Records of UMS_ORG_TYPE
-- ----------------------------

-- ----------------------------
-- Table structure for UMS_ORG_TYPE_RULE
-- ----------------------------
DROP TABLE "SIMBA_DEV"."UMS_ORG_TYPE_RULE";
CREATE TABLE "SIMBA_DEV"."UMS_ORG_TYPE_RULE" (
"ID" VARCHAR2(32 CHAR) NOT NULL ,
"CID" VARCHAR2(255 CHAR) NULL ,
"NUM" NUMBER(10) NULL ,
"PID" VARCHAR2(255 CHAR) NULL 
)
LOGGING
NOCOMPRESS
NOCACHE

;

-- ----------------------------
-- Records of UMS_ORG_TYPE_RULE
-- ----------------------------

-- ----------------------------
-- Table structure for UMS_PERSON
-- ----------------------------
DROP TABLE "SIMBA_DEV"."UMS_PERSON";
CREATE TABLE "SIMBA_DEV"."UMS_PERSON" (
"ID" VARCHAR2(255 CHAR) NOT NULL ,
"BIRTH" TIMESTAMP(6)  NULL ,
"NAME" VARCHAR2(255 CHAR) NULL ,
"PHONE" VARCHAR2(255 CHAR) NULL ,
"SEX" NUMBER(5) NULL ,
"SFZH" VARCHAR2(255 CHAR) NULL ,
"SN" VARCHAR2(50 BYTE) NULL 
)
LOGGING
NOCOMPRESS
NOCACHE

;

-- ----------------------------
-- Records of UMS_PERSON
-- ----------------------------
INSERT INTO "SIMBA_DEV"."UMS_PERSON" VALUES ('ff8080815e5ab3f5015e5acb5b230000', null, '测试', null, null, null, 'ceshi');
INSERT INTO "SIMBA_DEV"."UMS_PERSON" VALUES ('ff8080815e5ab3f5015e5acba7c00001', null, '测试2', null, null, null, 'ceshi2');
INSERT INTO "SIMBA_DEV"."UMS_PERSON" VALUES ('ff8080815e5ab3f5015e5acbd1d80003', null, '测试3', null, null, null, 'ceshi3');
INSERT INTO "SIMBA_DEV"."UMS_PERSON" VALUES ('ff8080815ebc17e1015f6c896c0b004a', null, 'root', null, null, null, 'root');
INSERT INTO "SIMBA_DEV"."UMS_PERSON" VALUES ('ff8080815ebc0e28015f29612a800021', null, '123', null, null, null, '123');
INSERT INTO "SIMBA_DEV"."UMS_PERSON" VALUES ('ff8080815e558e3b015e5598a6d80000', null, '爱死费崇政', null, null, null, 'fay123456');
INSERT INTO "SIMBA_DEV"."UMS_PERSON" VALUES ('ff8080815f72d4d4015f75a3ce410002', null, 'fay456', null, null, null, 'fay456');
INSERT INTO "SIMBA_DEV"."UMS_PERSON" VALUES ('ff8080815ec13fed015f71af86720040', null, '999999999', null, null, null, '999999999');
INSERT INTO "SIMBA_DEV"."UMS_PERSON" VALUES ('ff8080815ec13fed015f3c5474de0027', null, '123123111', null, null, null, '123213');
INSERT INTO "SIMBA_DEV"."UMS_PERSON" VALUES ('ff8080815fdc23d6015fe66680cc0000', null, '123123123213', null, null, null, '123213123');
INSERT INTO "SIMBA_DEV"."UMS_PERSON" VALUES ('ff8080815e5ab3f5015e5ae3f47d0007', null, '12312321313', null, null, null, '12321312323');
INSERT INTO "SIMBA_DEV"."UMS_PERSON" VALUES ('ff8080815e5584bd015e55b87c650005', null, '1231232', null, null, null, '12312321312313');
INSERT INTO "SIMBA_DEV"."UMS_PERSON" VALUES ('ff8080815e5584bd015e559ce3920002', null, '测试4', null, null, null, 'ceshi4');
INSERT INTO "SIMBA_DEV"."UMS_PERSON" VALUES ('ff8080815e5584bd015e55b8bce80007', null, '12313213', null, null, null, '123123213213');
INSERT INTO "SIMBA_DEV"."UMS_PERSON" VALUES ('ff8080815ebc17e1015f372f8d11002c', null, '123123232', null, null, null, '12321123');
INSERT INTO "SIMBA_DEV"."UMS_PERSON" VALUES ('ff8080815ebc0e28015f37236154002b', null, '123', null, null, null, '444');
INSERT INTO "SIMBA_DEV"."UMS_PERSON" VALUES ('ff8080815ebc0e28015f3728766a002f', null, '123213', null, null, null, '123123123213');
INSERT INTO "SIMBA_DEV"."UMS_PERSON" VALUES ('ff8080815ebc0e28015f29a521050025', null, '123', null, null, null, '123123');

-- ----------------------------
-- Table structure for UMS_POSITION
-- ----------------------------
DROP TABLE "SIMBA_DEV"."UMS_POSITION";
CREATE TABLE "SIMBA_DEV"."UMS_POSITION" (
"ID" VARCHAR2(32 CHAR) NOT NULL ,
"IS_AVAILABLE" NUMBER(5) NULL ,
"NAME" VARCHAR2(255 CHAR) NULL ,
"SN" VARCHAR2(255 CHAR) NULL ,
"DEPARTMENT_ID" VARCHAR2(32 BYTE) NULL ,
"ORG_ID" VARCHAR2(32 BYTE) NULL ,
"GROUP_ID" VARCHAR2(255 BYTE) NULL 
)
LOGGING
NOCOMPRESS
NOCACHE

;

-- ----------------------------
-- Records of UMS_POSITION
-- ----------------------------
INSERT INTO "SIMBA_DEV"."UMS_POSITION" VALUES ('ff8080815ca0dfdb015ca43d7eb60000', '1', '567890', '567890', 'ff8080815c62b387015c62c32a890002', '297e06725a081427015a08147e8e0000', null);
INSERT INTO "SIMBA_DEV"."UMS_POSITION" VALUES ('402852425ca0e036015ca43dd8ef0001', '1', '5678901', '5678901', 'ff8080815c62b387015c62c32a890002', '297e06725a081427015a08147e8e0000', null);

-- ----------------------------
-- Table structure for UMS_ROLE
-- ----------------------------
DROP TABLE "SIMBA_DEV"."UMS_ROLE";
CREATE TABLE "SIMBA_DEV"."UMS_ROLE" (
"ID" VARCHAR2(32 CHAR) NOT NULL ,
"IS_AVAILABLE" NUMBER(5) NULL ,
"NAME" VARCHAR2(255 CHAR) NULL ,
"SN" VARCHAR2(255 CHAR) NULL ,
"APP_ID" VARCHAR2(32 BYTE) NULL 
)
LOGGING
NOCOMPRESS
NOCACHE

;

-- ----------------------------
-- Records of UMS_ROLE
-- ----------------------------
INSERT INTO "SIMBA_DEV"."UMS_ROLE" VALUES ('ff8080815e50f8d6015e51a2dcb90019', '1', '普通用户', 'GU_simba admin', 'ff80808159aa70380159af77e1aa0002');
INSERT INTO "SIMBA_DEV"."UMS_ROLE" VALUES ('ff8080815e50f8d6015e51a2db6a0016', '1', '普通用户', 'GU_1234567891', 'ff8080815e4bd312015e4c668b300000');
INSERT INTO "SIMBA_DEV"."UMS_ROLE" VALUES ('ff8080815e50f8d6015e51a2dd38001a', '1', '管理员', 'MU_simba admin', 'ff80808159aa70380159af77e1aa0002');
INSERT INTO "SIMBA_DEV"."UMS_ROLE" VALUES ('ff8080815e4bd312015e4c7d71150014', '1', '普通用户', 'GU_RJ-Report', 'ff8080815ab103ed015adb6e921c0001');
INSERT INTO "SIMBA_DEV"."UMS_ROLE" VALUES ('ff8080815e4bd312015e4c7d71200015', '1', '管理员', 'MU_RJ-Report', 'ff8080815ab103ed015adb6e921c0001');
INSERT INTO "SIMBA_DEV"."UMS_ROLE" VALUES ('ff8080815e4bd312015e4c7d712d0016', '1', '超级管理员', 'SM_RJ-Report', 'ff8080815ab103ed015adb6e921c0001');
INSERT INTO "SIMBA_DEV"."UMS_ROLE" VALUES ('ff8080815e4bd312015e4c7d77bd0021', '1', '普通用户', 'GU_123123123213123213213123', 'ff8080815d418e56015da0936b400000');
INSERT INTO "SIMBA_DEV"."UMS_ROLE" VALUES ('ff8080815e4bc997015e4c73cbee0012', '1', '超级管理员', 'SM_simba admin', 'ff80808159aa70380159af77e1aa0002');

-- ----------------------------
-- Table structure for UMS_USER
-- ----------------------------
DROP TABLE "SIMBA_DEV"."UMS_USER";
CREATE TABLE "SIMBA_DEV"."UMS_USER" (
"ID" VARCHAR2(32 CHAR) NOT NULL ,
"CREATE_DATE" TIMESTAMP(6)  NULL ,
"DELETED" NUMBER(5) NULL ,
"IS_AVAILABLE" NUMBER(5) NULL ,
"NICKNAME" VARCHAR2(255 CHAR) NULL ,
"PASSWORD" VARCHAR2(255 CHAR) NULL ,
"SALT" VARCHAR2(255 CHAR) NULL ,
"USERNAME" VARCHAR2(255 CHAR) NULL ,
"EMAIL" VARCHAR2(255 BYTE) NULL ,
"OFPW" VARCHAR2(255 BYTE) NULL 
)
LOGGING
NOCOMPRESS
NOCACHE

;

-- ----------------------------
-- Records of UMS_USER
-- ----------------------------
INSERT INTO "SIMBA_DEV"."UMS_USER" VALUES ('ff8080815e5ab3f5015e5acb5b230000', TO_TIMESTAMP(' 2017-09-07 13:23:50:172000', 'YYYY-MM-DD HH24:MI:SS:FF6'), '2', '1', '测试', '86f36aeb457322f3693ae7f1b720cbcb', 'MHlYJsWlJx', 'ceshi', null, null);
INSERT INTO "SIMBA_DEV"."UMS_USER" VALUES ('ff8080815e5ab3f5015e5acba7c00001', TO_TIMESTAMP(' 2017-09-07 13:24:09:789000', 'YYYY-MM-DD HH24:MI:SS:FF6'), '2', '1', '测试2', '79c21d17f34a1af1d9cfeeb0aa9577fc', '26evZ2X7fA', 'ceshi2', null, null);
INSERT INTO "SIMBA_DEV"."UMS_USER" VALUES ('ff8080815e5ab3f5015e5acbd1d80003', TO_TIMESTAMP(' 2017-09-07 13:24:20:567000', 'YYYY-MM-DD HH24:MI:SS:FF6'), '2', '1', '测试3', 'd9be08978ac42d7b05d7bf1f0440941a', 'mZqOkGdanD', 'ceshi3', null, null);
INSERT INTO "SIMBA_DEV"."UMS_USER" VALUES ('ff8080815e5584bd015e55b8bce80087', null, null, null, 'fay123', null, null, null, null, null);
INSERT INTO "SIMBA_DEV"."UMS_USER" VALUES ('ff8080815e558e3b015e5598a6d80000', TO_TIMESTAMP(' 2017-09-06 13:10:21:128000', 'YYYY-MM-DD HH24:MI:SS:FF6'), '2', '1', '爱死费崇政', '3434c45ef9bd5cc1afbebc73afded7f1', 'jjPsUjaCFJ', 'fay123456', null, null);
INSERT INTO "SIMBA_DEV"."UMS_USER" VALUES ('ff8080815ebc0e28015f29612a800021', TO_TIMESTAMP(' 2017-10-17 16:09:14:623000', 'YYYY-MM-DD HH24:MI:SS:FF6'), '2', '1', '123', '5f8c0baf93a7be95e6173b23adbde7be', 'pFRVgAxwvO', '123', null, null);
INSERT INTO "SIMBA_DEV"."UMS_USER" VALUES ('ff8080815ebc17e1015f6c896c0b004a', TO_TIMESTAMP(' 2017-10-30 17:07:46:020000', 'YYYY-MM-DD HH24:MI:SS:FF6'), '2', '1', '超级管理员', 'a6c87861011b72810dcd728c82caa5d6', '9C8H9troNs', 'root', null, null);
INSERT INTO "SIMBA_DEV"."UMS_USER" VALUES ('ff8080815f72d4d4015f75a3ce410002', TO_TIMESTAMP(' 2017-11-01 11:33:10:337000', 'YYYY-MM-DD HH24:MI:SS:FF6'), '2', '1', 'fay456', 'c9c342b61e87fedd500c6bd33f2d9de8', 'pXEuE0kFpJ', 'fay456', null, null);
INSERT INTO "SIMBA_DEV"."UMS_USER" VALUES ('ff8080815ec13fed015f3c5474de0027', TO_TIMESTAMP(' 2017-10-21 08:28:08:412000', 'YYYY-MM-DD HH24:MI:SS:FF6'), '2', '1', '123123', 'da714021343a11e9d936cda330927ba1', '3quvEYfPOs', '123213', null, null);
INSERT INTO "SIMBA_DEV"."UMS_USER" VALUES ('ff8080815fdc23d6015fe66680cc0000', TO_TIMESTAMP(' 2017-11-23 09:03:18:209000', 'YYYY-MM-DD HH24:MI:SS:FF6'), '2', '1', '123123123213', 'cb9fe93c543189156f3f5ddfcc71d7a6', 'f45fIGViSM', '123213123', null, null);
INSERT INTO "SIMBA_DEV"."UMS_USER" VALUES ('ff8080815ec13fed015f71af86720040', TO_TIMESTAMP(' 2017-10-31 17:07:29:316000', 'YYYY-MM-DD HH24:MI:SS:FF6'), '2', '1', '999999999', '715d848104abfc35a1a629187abb1bd9', 'bEmsON83hx', '999999999', null, null);
INSERT INTO "SIMBA_DEV"."UMS_USER" VALUES ('ff8080815e5584bd015e55b87c650005', TO_TIMESTAMP(' 2017-09-06 13:45:07:427000', 'YYYY-MM-DD HH24:MI:SS:FF6'), '2', '1', '1231232', 'ba09c073a5a1a0edad659bb02f8fbb60', 'tbFRyRWvSE', '12312321312313', null, null);
INSERT INTO "SIMBA_DEV"."UMS_USER" VALUES ('ff8080815e5584bd015e559ce3920002', TO_TIMESTAMP(' 2017-09-06 13:14:58:828000', 'YYYY-MM-DD HH24:MI:SS:FF6'), '2', '1', '测试4', 'ca8c4f9c825448581191c1028f304814', 'MHXxRALur7', 'ceshi4', null, null);
INSERT INTO "SIMBA_DEV"."UMS_USER" VALUES ('ff8080815e5ab3f5015e5ae3f47d0007', TO_TIMESTAMP(' 2017-09-07 13:50:42:299000', 'YYYY-MM-DD HH24:MI:SS:FF6'), '2', '1', '12312321313', '8cd626b60a4cceebe313503d2f28f60b', 'dR1hIIVfqZ', '12321312323', null, null);
INSERT INTO "SIMBA_DEV"."UMS_USER" VALUES ('ff8080815e5584bd015e55b8bce80007', TO_TIMESTAMP(' 2017-09-06 13:45:23:942000', 'YYYY-MM-DD HH24:MI:SS:FF6'), '2', '1', '12313213', 'ebb7989b108b8147c1c7ce713de97917', 'ILCtS7LYtc', '123123213213', null, null);
INSERT INTO "SIMBA_DEV"."UMS_USER" VALUES ('ff8080815ebc17e1015f372f8d11002c', TO_TIMESTAMP(' 2017-10-20 08:29:44:081000', 'YYYY-MM-DD HH24:MI:SS:FF6'), '2', '1', '123123232', 'b9e68cdeea0678575a31e8bf75bdda78', 'fbHV9g3BzR', '12321123', null, null);
INSERT INTO "SIMBA_DEV"."UMS_USER" VALUES ('ff8080815ebc0e28015f3728766a002f', TO_TIMESTAMP(' 2017-10-20 08:21:59:529000', 'YYYY-MM-DD HH24:MI:SS:FF6'), '2', '1', '123213', 'c5b774b3f2aac8cdcb63c09d69cfea1c', 'wHuZ7iQl7g', '123123123213', null, null);
INSERT INTO "SIMBA_DEV"."UMS_USER" VALUES ('ff8080815ebc0e28015f29a521050025', TO_TIMESTAMP(' 2017-10-17 17:23:28:645000', 'YYYY-MM-DD HH24:MI:SS:FF6'), '2', '1', '123', 'e0a16ec6cade741a3aa28e2a449389bc', 'AmO6got5vZ', '123123', null, null);
INSERT INTO "SIMBA_DEV"."UMS_USER" VALUES ('ff8080815ebc0e28015f37236154002b', TO_TIMESTAMP(' 2017-10-20 08:16:26:451000', 'YYYY-MM-DD HH24:MI:SS:FF6'), '2', '1', '123', '9f0a0be5b6c3575414faf0321dcd12dc', '3OABySndB8', '444', null, null);

-- ----------------------------
-- Table structure for UMS_USER_DEPARTMENT_RELATION
-- ----------------------------
DROP TABLE "SIMBA_DEV"."UMS_USER_DEPARTMENT_RELATION";
CREATE TABLE "SIMBA_DEV"."UMS_USER_DEPARTMENT_RELATION" (
"ID" VARCHAR2(32 CHAR) NOT NULL ,
"DEPARTMENT_ID" VARCHAR2(32 CHAR) NULL ,
"USER_ID" VARCHAR2(32 CHAR) NULL 
)
LOGGING
NOCOMPRESS
NOCACHE

;

-- ----------------------------
-- Records of UMS_USER_DEPARTMENT_RELATION
-- ----------------------------
INSERT INTO "SIMBA_DEV"."UMS_USER_DEPARTMENT_RELATION" VALUES ('ff8080815e7a88e5015e996178d60001', 'ff8080815c62b387015c62c32a890002', 'ff8080815e5584bd015e55b87c650005');
INSERT INTO "SIMBA_DEV"."UMS_USER_DEPARTMENT_RELATION" VALUES ('ff8080815fe14a86015feb8c7eb90000', 'ff8080815c62b387015c62c32a890002', 'ff8080815fdc23d6015fe66680cc0000');

-- ----------------------------
-- Table structure for UMS_USER_GROUP_RELATION
-- ----------------------------
DROP TABLE "SIMBA_DEV"."UMS_USER_GROUP_RELATION";
CREATE TABLE "SIMBA_DEV"."UMS_USER_GROUP_RELATION" (
"ID" VARCHAR2(32 BYTE) NOT NULL ,
"GROUP_ID" VARCHAR2(32 BYTE) NULL ,
"USER_ID" VARCHAR2(32 BYTE) NULL 
)
LOGGING
NOCOMPRESS
NOCACHE

;

-- ----------------------------
-- Records of UMS_USER_GROUP_RELATION
-- ----------------------------

-- ----------------------------
-- Table structure for UMS_USER_ORG_DEPARTMENT_POS
-- ----------------------------
DROP TABLE "SIMBA_DEV"."UMS_USER_ORG_DEPARTMENT_POS";
CREATE TABLE "SIMBA_DEV"."UMS_USER_ORG_DEPARTMENT_POS" (
"ID" VARCHAR2(32 CHAR) NOT NULL ,
"ORGID" VARCHAR2(255 CHAR) NULL ,
"POSID" VARCHAR2(255 CHAR) NULL ,
"USERID" VARCHAR2(255 CHAR) NULL ,
"DEPARTMENTID" VARCHAR2(32 BYTE) NULL 
)
LOGGING
NOCOMPRESS
NOCACHE

;

-- ----------------------------
-- Records of UMS_USER_ORG_DEPARTMENT_POS
-- ----------------------------
INSERT INTO "SIMBA_DEV"."UMS_USER_ORG_DEPARTMENT_POS" VALUES ('402852425c47e146015c48db07d70001', '297e06725a081427015a08147e8e0000', '4028524259a614230159a64943e30000', 'ff80808159aa70620159aa8547990005', null);
INSERT INTO "SIMBA_DEV"."UMS_USER_ORG_DEPARTMENT_POS" VALUES ('402852425c47e146015c48db36da0002', '297e06725a081427015a08147e8e0000', null, 'ff8080815c438c58015c43e80812000a', null);
INSERT INTO "SIMBA_DEV"."UMS_USER_ORG_DEPARTMENT_POS" VALUES ('ff808081596c857901596caa1aaf0001', '297e06725a081427015a08147e8e0000', null, 'ff808081596c857901596caa1a980000', null);
INSERT INTO "SIMBA_DEV"."UMS_USER_ORG_DEPARTMENT_POS" VALUES ('ff808081599704090159971cb53f0001', '297e06725a081427015a08147e8e0000', null, 'ff808081599704090159971cb5330000', null);
INSERT INTO "SIMBA_DEV"."UMS_USER_ORG_DEPARTMENT_POS" VALUES ('ff8080815c47ca00015c47d08aa80000', '402852425a08043d015a0812a4010000', null, 'ff80808159c448130159c9291e510000', null);
INSERT INTO "SIMBA_DEV"."UMS_USER_ORG_DEPARTMENT_POS" VALUES ('402852425c47e146015c48d9bc890000', '297e06725a081427015a08147e8e0000', null, 'ff80808159c448130159c9291e510000', null);
INSERT INTO "SIMBA_DEV"."UMS_USER_ORG_DEPARTMENT_POS" VALUES ('ff8080815c47e9b0015c48fbc7900000', '297e06725a081427015a08147f3a0001', '4028524259a614230159a64943e30000', 'ff80808159c448130159c9291e510000', null);
INSERT INTO "SIMBA_DEV"."UMS_USER_ORG_DEPARTMENT_POS" VALUES ('40288294596c77e001596c782dbb0001', null, null, '40288294596c77e001596c782da70000', null);
INSERT INTO "SIMBA_DEV"."UMS_USER_ORG_DEPARTMENT_POS" VALUES ('40285242596c861201596ca9bdba0001', null, null, '40285242596c861201596ca9bda60000', null);
INSERT INTO "SIMBA_DEV"."UMS_USER_ORG_DEPARTMENT_POS" VALUES ('ff8080815c47d1b9015c47d8ea000000', '402852425a08043d015a0812a4010000', null, 'ff80808159c448130159c9291e510000', null);

-- ----------------------------
-- Table structure for UMS_USER_ORG_GROUP_POS
-- ----------------------------
DROP TABLE "SIMBA_DEV"."UMS_USER_ORG_GROUP_POS";
CREATE TABLE "SIMBA_DEV"."UMS_USER_ORG_GROUP_POS" (
"ID" VARCHAR2(32 BYTE) NOT NULL ,
"GROUPID" VARCHAR2(255 BYTE) NULL ,
"ORGID" VARCHAR2(255 BYTE) NULL ,
"POSID" VARCHAR2(255 BYTE) NULL ,
"USERID" VARCHAR2(255 BYTE) NULL 
)
LOGGING
NOCOMPRESS
NOCACHE

;

-- ----------------------------
-- Records of UMS_USER_ORG_GROUP_POS
-- ----------------------------

-- ----------------------------
-- Table structure for UMS_USER_ORG_POS
-- ----------------------------
DROP TABLE "SIMBA_DEV"."UMS_USER_ORG_POS";
CREATE TABLE "SIMBA_DEV"."UMS_USER_ORG_POS" (
"ID" VARCHAR2(32 BYTE) NOT NULL ,
"ORGID" VARCHAR2(255 BYTE) NULL ,
"POSID" VARCHAR2(255 BYTE) NULL ,
"USERID" VARCHAR2(255 BYTE) NULL 
)
LOGGING
NOCOMPRESS
NOCACHE

;

-- ----------------------------
-- Records of UMS_USER_ORG_POS
-- ----------------------------

-- ----------------------------
-- Table structure for UMS_USER_ORG_RELATION
-- ----------------------------
DROP TABLE "SIMBA_DEV"."UMS_USER_ORG_RELATION";
CREATE TABLE "SIMBA_DEV"."UMS_USER_ORG_RELATION" (
"ID" VARCHAR2(32 BYTE) NOT NULL ,
"ORG_ID" VARCHAR2(32 BYTE) NULL ,
"USER_ID" VARCHAR2(32 BYTE) NULL 
)
LOGGING
NOCOMPRESS
NOCACHE

;

-- ----------------------------
-- Records of UMS_USER_ORG_RELATION
-- ----------------------------
INSERT INTO "SIMBA_DEV"."UMS_USER_ORG_RELATION" VALUES ('ff8080815f72d4d4015f75a3f7d10004', '297e06725a081427015a08147e8e0000', 'ff8080815f72d4d4015f75a3ce410002');
INSERT INTO "SIMBA_DEV"."UMS_USER_ORG_RELATION" VALUES ('ff8080815ec13fed015f0e602640000b', '297e06725a081427015a08147e8e0000', 'ff8080815e5ab3f5015e5acba7c00001');
INSERT INTO "SIMBA_DEV"."UMS_USER_ORG_RELATION" VALUES ('ff8080815ec13fed015f0e602640000d', '297e06725a081427015a08147e8e0000', 'ff8080815e5584bd015e55b87c650005');
INSERT INTO "SIMBA_DEV"."UMS_USER_ORG_RELATION" VALUES ('ff8080815e5584bd015e55b8bd910008', '297e06725a081427015a08147e8e0000', 'ff8080815e5584bd015e55b8bce80007');
INSERT INTO "SIMBA_DEV"."UMS_USER_ORG_RELATION" VALUES ('ff8080815e7a88e5015e9d0aeda40002', '297e06725a081427015a08147e8e0000', 'ff8080815e5ab3f5015e5ae3f47d0007');
INSERT INTO "SIMBA_DEV"."UMS_USER_ORG_RELATION" VALUES ('ff8080815ebc0e28015f57ee321e004b', '297e06725a081427015a08147e8e0000', 'ff8080815ec13fed015f3c5474de0027');
INSERT INTO "SIMBA_DEV"."UMS_USER_ORG_RELATION" VALUES ('ff8080815ebc0e28015f09290909000a', '297e06725a081427015a08147e8e0000', 'ff8080815e5ab3f5015e5acb5b230000');
INSERT INTO "SIMBA_DEV"."UMS_USER_ORG_RELATION" VALUES ('ff8080815ebc0e28015f093089ae000c', '297e06725a081427015a08147e8e0000', 'ff8080815e5584bd015e559ce3920002');
INSERT INTO "SIMBA_DEV"."UMS_USER_ORG_RELATION" VALUES ('ff8080815ebc0e28015f093089ae000d', '297e06725a081427015a08147e8e0000', 'ff8080815e558e3b015e5598a6d80000');

-- ----------------------------
-- Table structure for UMS_USER_ORG_ROLE_RELATION
-- ----------------------------
DROP TABLE "SIMBA_DEV"."UMS_USER_ORG_ROLE_RELATION";
CREATE TABLE "SIMBA_DEV"."UMS_USER_ORG_ROLE_RELATION" (
"ID" VARCHAR2(32 BYTE) NOT NULL ,
"ROLE_ID" VARCHAR2(32 BYTE) NULL ,
"USER_ID" VARCHAR2(32 BYTE) NULL 
)
LOGGING
NOCOMPRESS
NOCACHE

;

-- ----------------------------
-- Records of UMS_USER_ORG_ROLE_RELATION
-- ----------------------------
INSERT INTO "SIMBA_DEV"."UMS_USER_ORG_ROLE_RELATION" VALUES ('ff8080815ebc17e1015f0e333a120018', 'ff8080815e50f8d6015e51a361870028', 'ff8080815e5ab3f5015e5acbd1d80003');

-- ----------------------------
-- Table structure for UMS_USER_POSITION_RELATION
-- ----------------------------
DROP TABLE "SIMBA_DEV"."UMS_USER_POSITION_RELATION";
CREATE TABLE "SIMBA_DEV"."UMS_USER_POSITION_RELATION" (
"ID" VARCHAR2(32 BYTE) NOT NULL ,
"POSITION_ID" VARCHAR2(32 BYTE) NULL ,
"USER_ID" VARCHAR2(32 BYTE) NULL 
)
LOGGING
NOCOMPRESS
NOCACHE

;

-- ----------------------------
-- Records of UMS_USER_POSITION_RELATION
-- ----------------------------
INSERT INTO "SIMBA_DEV"."UMS_USER_POSITION_RELATION" VALUES ('ff8080815e5584bd015e55b87c7d0006', 'ff8080815ca0dfdb015ca43d7eb60000', 'ff8080815e5584bd015e55b87c650005');

-- ----------------------------
-- Table structure for UMS_USER_ROLE
-- ----------------------------
DROP TABLE "SIMBA_DEV"."UMS_USER_ROLE";
CREATE TABLE "SIMBA_DEV"."UMS_USER_ROLE" (
"ID" VARCHAR2(32 BYTE) NOT NULL ,
"ROLE_ID" VARCHAR2(255 BYTE) NULL ,
"USER_ID" VARCHAR2(255 BYTE) NULL 
)
LOGGING
NOCOMPRESS
NOCACHE

;

-- ----------------------------
-- Records of UMS_USER_ROLE
-- ----------------------------
INSERT INTO "SIMBA_DEV"."UMS_USER_ROLE" VALUES ('ff8080815c67cb4c015c67d28df70000', '4028524259a614230159aa6fe2690001', 'ff80808159c448130159c9291e510000');
INSERT INTO "SIMBA_DEV"."UMS_USER_ROLE" VALUES ('ff8080815c67c391015c67cbc6a80000', '4028524259a614230159aa6fe2690001', 'ff80808159aa70620159aa8547990005');

-- ----------------------------
-- Table structure for UMS_USER_ROLE_RELATION
-- ----------------------------
DROP TABLE "SIMBA_DEV"."UMS_USER_ROLE_RELATION";
CREATE TABLE "SIMBA_DEV"."UMS_USER_ROLE_RELATION" (
"ID" VARCHAR2(32 CHAR) NOT NULL ,
"ROLE_ID" VARCHAR2(32 CHAR) NULL ,
"USER_ID" VARCHAR2(32 CHAR) NULL 
)
LOGGING
NOCOMPRESS
NOCACHE

;

-- ----------------------------
-- Records of UMS_USER_ROLE_RELATION
-- ----------------------------
INSERT INTO "SIMBA_DEV"."UMS_USER_ROLE_RELATION" VALUES ('ff8080815e558e3b015e55a661fc0004', 'ff8080815e50f8d6015e51a2dcb90019', 'ff8080815e5ab3f5015e5acbd1d80003');
INSERT INTO "SIMBA_DEV"."UMS_USER_ROLE_RELATION" VALUES ('ff8080815e5ab3f5015e5acbd2040004', 'ff8080815e4bd312015e4c7d71150014', 'ff8080815e5ab3f5015e5acbd1d80003');
INSERT INTO "SIMBA_DEV"."UMS_USER_ROLE_RELATION" VALUES ('ff8080815e558e3b015e55a685a50005', 'ff8080815e50f8d6015e51a2dcb90019', 'ff8080815e5584bd015e559ce3920002');
INSERT INTO "SIMBA_DEV"."UMS_USER_ROLE_RELATION" VALUES ('ff8080815e558e3b015e55a685c20006', 'ff8080815e4bd312015e4c7d71150014', 'ff8080815e5584bd015e559ce3920002');
INSERT INTO "SIMBA_DEV"."UMS_USER_ROLE_RELATION" VALUES ('ff8080815e564d87015e565c374a0005', 'ff8080815e50f8d6015e51a2dd38001a', 'ff8080815e5ab3f5015e5acba7c00001');
INSERT INTO "SIMBA_DEV"."UMS_USER_ROLE_RELATION" VALUES ('ff8080815e558e3b015e55a5eb950003', 'ff8080815e50f8d6015e51a2dcb90019', 'ff8080815e5ab3f5015e5acb5b230000');
INSERT INTO "SIMBA_DEV"."UMS_USER_ROLE_RELATION" VALUES ('ff8080815e5ab3f5015e5acba8160002', 'ff8080815e50f8d6015e51a2dcb90019', 'ff8080815e5ab3f5015e5acba7c00001');
INSERT INTO "SIMBA_DEV"."UMS_USER_ROLE_RELATION" VALUES ('ff8080815e558e3b015e5598a7770002', 'ff8080815e4bd312015e4c7d71150014', 'ff8080815e558e3b015e5598a6d80000');
INSERT INTO "SIMBA_DEV"."UMS_USER_ROLE_RELATION" VALUES ('ff8080815e558e3b015e5598a74c0001', 'ff8080815e50f8d6015e51a2dcb90019', 'ff8080815e558e3b015e5598a6d80000');
INSERT INTO "SIMBA_DEV"."UMS_USER_ROLE_RELATION" VALUES ('ff8080815e5ab3f5015e5ae78e94000a', 'ff8080815e50f8d6015e51a2dcb90019', 'ff8080815e5584bd015e55b87c650005');
INSERT INTO "SIMBA_DEV"."UMS_USER_ROLE_RELATION" VALUES ('ff8080815e558e3b015e55c21ea50008', 'ff8080815e4bd312015e4c7d71150014', 'ff8080815e5584bd015e55b87c650005');
INSERT INTO "SIMBA_DEV"."UMS_USER_ROLE_RELATION" VALUES ('ff8080815e558e3b015e55c260820009', 'ff8080815e50f8d6015e51a2dcb90019', 'ff8080815e5584bd015e55b8bce80007');
INSERT INTO "SIMBA_DEV"."UMS_USER_ROLE_RELATION" VALUES ('ff8080815e5ab3f5015e5ae7d094000b', 'ff8080815e4bd312015e4c7d71150014', 'ff8080815e5584bd015e55b8bce80007');
INSERT INTO "SIMBA_DEV"."UMS_USER_ROLE_RELATION" VALUES ('ff8080815ebc0e28015f29612b680022', 'ff8080815e50f8d6015e51a2dcb90019', 'ff8080815ebc0e28015f29612a800021');
INSERT INTO "SIMBA_DEV"."UMS_USER_ROLE_RELATION" VALUES ('ff8080815ebc0e28015f29612b780023', 'ff8080815e4bd312015e4c7d71150014', 'ff8080815ebc0e28015f29612a800021');
INSERT INTO "SIMBA_DEV"."UMS_USER_ROLE_RELATION" VALUES ('ff8080815ebc17e1015f6c89bb56004b', 'ff8080815e50f8d6015e51a2dcb90019', 'ff8080815ec13fed015f71af86720040');
INSERT INTO "SIMBA_DEV"."UMS_USER_ROLE_RELATION" VALUES ('ff8080815f72d4d4015f75a3cec60003', 'ff8080815e50f8d6015e51a2dcb90019', 'ff8080815f72d4d4015f75a3ce410002');
INSERT INTO "SIMBA_DEV"."UMS_USER_ROLE_RELATION" VALUES ('ff8080815ec13fed015f3c554bac002a', 'ff8080815e4bd312015e4c7d71150014', 'ff8080815ebc17e1015f372f8d11002c');
INSERT INTO "SIMBA_DEV"."UMS_USER_ROLE_RELATION" VALUES ('ff8080815ec13fed015f71af8c130041', 'ff8080815e4bd312015e4c7d71150014', 'ff8080815ec13fed015f71af86720040');
INSERT INTO "SIMBA_DEV"."UMS_USER_ROLE_RELATION" VALUES ('ff8080815ebc0e28015f706f131b004e', 'ff8080815e4bc997015e4c73cbee0012', 'ff8080815e558e3b015e5598a6d80000');
INSERT INTO "SIMBA_DEV"."UMS_USER_ROLE_RELATION" VALUES ('ff8080815fdc23d6015fe666868a0001', 'ff8080815e50f8d6015e51a2dcb90019', 'ff8080815fdc23d6015fe66680cc0000');
INSERT INTO "SIMBA_DEV"."UMS_USER_ROLE_RELATION" VALUES ('ff8080815e5584bd015e559c49e90000', 'ff8080815e4bd312015e4c7d71150014', 'ff8080815e5ab3f5015e5acb5b230000');
INSERT INTO "SIMBA_DEV"."UMS_USER_ROLE_RELATION" VALUES ('ff8080815e5584bd015e55b4e3580004', 'ff8080815e50f8d6015e51a2dcb90019', 'ff8080815e5ab3f5015e5ae3f47d0007');
INSERT INTO "SIMBA_DEV"."UMS_USER_ROLE_RELATION" VALUES ('ff8080815e5584bd015e559c96600001', 'ff8080815e4bd312015e4c7d71150014', 'ff8080815e5ab3f5015e5acba7c00001');
INSERT INTO "SIMBA_DEV"."UMS_USER_ROLE_RELATION" VALUES ('ff8080815e5ab3f5015e5ae3f5b50009', 'ff8080815e4bd312015e4c7d71150014', 'ff8080815e5ab3f5015e5ae3f47d0007');
INSERT INTO "SIMBA_DEV"."UMS_USER_ROLE_RELATION" VALUES ('ff8080815ec13fed015f2ed43de9001f', 'ff8080815e4bd312015e4c7d71150014', 'ff8080815ebc0e28015f29a521050025');
INSERT INTO "SIMBA_DEV"."UMS_USER_ROLE_RELATION" VALUES ('ff8080815ebc17e1015f372cc2c10028', 'ff8080815e50f8d6015e51a2dcb90019', 'ff8080815ebc0e28015f37236154002b');
INSERT INTO "SIMBA_DEV"."UMS_USER_ROLE_RELATION" VALUES ('ff8080815ebc17e1015f372cc4080029', 'ff8080815e4bd312015e4c7d71150014', 'ff8080815ebc0e28015f37236154002b');
INSERT INTO "SIMBA_DEV"."UMS_USER_ROLE_RELATION" VALUES ('ff8080815ebc17e1015f372ec5b4002b', 'ff8080815e50f8d6015e51a2dcb90019', 'ff8080815ec13fed015f3c5474de0027');
INSERT INTO "SIMBA_DEV"."UMS_USER_ROLE_RELATION" VALUES ('ff8080815ebc17e1015f3731d5b7002e', 'ff8080815e50f8d6015e51a2dcb90019', 'ff8080815ebc0e28015f3728766a002f');
INSERT INTO "SIMBA_DEV"."UMS_USER_ROLE_RELATION" VALUES ('ff8080815ebc17e1015f3731d5be002f', 'ff8080815e4bd312015e4c7d71150014', 'ff8080815ebc0e28015f3728766a002f');
INSERT INTO "SIMBA_DEV"."UMS_USER_ROLE_RELATION" VALUES ('ff8080815ebc17e1015f6c89e31a004c', 'ff8080815e4bc997015e4c73cbee0012', 'ff8080815ebc17e1015f6c896c0b004a');
INSERT INTO "SIMBA_DEV"."UMS_USER_ROLE_RELATION" VALUES ('ff8080815f78041c015f7ad2f0630001', 'ff8080815e4bd312015e4c7d71150014', 'ff8080815f72d4d4015f75a3ce410002');
INSERT INTO "SIMBA_DEV"."UMS_USER_ROLE_RELATION" VALUES ('ff8080815fe14a86015feb8c826b0001', 'ff8080815e4bd312015e4c7d71150014', 'ff8080815fdc23d6015fe66680cc0000');
INSERT INTO "SIMBA_DEV"."UMS_USER_ROLE_RELATION" VALUES ('ff8080815ebc0e28015f29a521960026', 'ff8080815e50f8d6015e51a2dcb90019', 'ff8080815ebc0e28015f29a521050025');
INSERT INTO "SIMBA_DEV"."UMS_USER_ROLE_RELATION" VALUES ('ff8080815ebc0e28015f37256699002c', 'ff8080815e4bd312015e4c7d71150014', 'ff8080815ec13fed015f3c5474de0027');
INSERT INTO "SIMBA_DEV"."UMS_USER_ROLE_RELATION" VALUES ('ff8080815ebc0e28015f37262e11002e', 'ff8080815e50f8d6015e51a2dcb90019', 'ff8080815ebc17e1015f372f8d11002c');
INSERT INTO "SIMBA_DEV"."UMS_USER_ROLE_RELATION" VALUES ('ff8080815ebc0e28015f6c8023b7004c', 'ff8080815e50f8d6015e51a2dcb90019', 'ff8080815ebc17e1015f6c896c0b004a');
INSERT INTO "SIMBA_DEV"."UMS_USER_ROLE_RELATION" VALUES ('ff8080815ebc0e28015f6c8023d5004d', 'ff8080815e4bd312015e4c7d71150014', 'ff8080815ebc17e1015f6c896c0b004a');
INSERT INTO "SIMBA_DEV"."UMS_USER_ROLE_RELATION" VALUES ('ff8080815ebc17e1015f707af2b00051', 'ff8080815e50f8d6015e51a2dd38001a', 'ff8080815ec13fed015f71af86720040');

-- ----------------------------
-- Indexes structure for table DATA_DICT
-- ----------------------------

-- ----------------------------
-- Checks structure for table DATA_DICT
-- ----------------------------
ALTER TABLE "SIMBA_DEV"."DATA_DICT" ADD CHECK ("CODE" IS NOT NULL);
ALTER TABLE "SIMBA_DEV"."DATA_DICT" ADD CHECK ("TYPE_ID" IS NOT NULL);

-- ----------------------------
-- Primary Key structure for table DATA_DICT
-- ----------------------------
ALTER TABLE "SIMBA_DEV"."DATA_DICT" ADD PRIMARY KEY ("CODE", "TYPE_ID");

-- ----------------------------
-- Indexes structure for table UMS_ACL
-- ----------------------------

-- ----------------------------
-- Checks structure for table UMS_ACL
-- ----------------------------
ALTER TABLE "SIMBA_DEV"."UMS_ACL" ADD CHECK ("ID" IS NOT NULL);

-- ----------------------------
-- Primary Key structure for table UMS_ACL
-- ----------------------------
ALTER TABLE "SIMBA_DEV"."UMS_ACL" ADD PRIMARY KEY ("ID");

-- ----------------------------
-- Indexes structure for table UMS_APPLICATION
-- ----------------------------

-- ----------------------------
-- Checks structure for table UMS_APPLICATION
-- ----------------------------
ALTER TABLE "SIMBA_DEV"."UMS_APPLICATION" ADD CHECK ("ID" IS NOT NULL);

-- ----------------------------
-- Primary Key structure for table UMS_APPLICATION
-- ----------------------------
ALTER TABLE "SIMBA_DEV"."UMS_APPLICATION" ADD PRIMARY KEY ("ID");

-- ----------------------------
-- Indexes structure for table UMS_BUTTON
-- ----------------------------

-- ----------------------------
-- Checks structure for table UMS_BUTTON
-- ----------------------------
ALTER TABLE "SIMBA_DEV"."UMS_BUTTON" ADD CHECK ("ID" IS NOT NULL);

-- ----------------------------
-- Primary Key structure for table UMS_BUTTON
-- ----------------------------
ALTER TABLE "SIMBA_DEV"."UMS_BUTTON" ADD PRIMARY KEY ("ID");

-- ----------------------------
-- Indexes structure for table UMS_CONTROLLER_OPER
-- ----------------------------

-- ----------------------------
-- Checks structure for table UMS_CONTROLLER_OPER
-- ----------------------------
ALTER TABLE "SIMBA_DEV"."UMS_CONTROLLER_OPER" ADD CHECK ("ID" IS NOT NULL);

-- ----------------------------
-- Primary Key structure for table UMS_CONTROLLER_OPER
-- ----------------------------
ALTER TABLE "SIMBA_DEV"."UMS_CONTROLLER_OPER" ADD PRIMARY KEY ("ID");

-- ----------------------------
-- Indexes structure for table UMS_CONTROLLER_RESOURCES
-- ----------------------------

-- ----------------------------
-- Checks structure for table UMS_CONTROLLER_RESOURCES
-- ----------------------------
ALTER TABLE "SIMBA_DEV"."UMS_CONTROLLER_RESOURCES" ADD CHECK ("ID" IS NOT NULL);

-- ----------------------------
-- Primary Key structure for table UMS_CONTROLLER_RESOURCES
-- ----------------------------
ALTER TABLE "SIMBA_DEV"."UMS_CONTROLLER_RESOURCES" ADD PRIMARY KEY ("ID");

-- ----------------------------
-- Indexes structure for table UMS_DEPARTMENT
-- ----------------------------

-- ----------------------------
-- Checks structure for table UMS_DEPARTMENT
-- ----------------------------
ALTER TABLE "SIMBA_DEV"."UMS_DEPARTMENT" ADD CHECK ("ID" IS NOT NULL);

-- ----------------------------
-- Primary Key structure for table UMS_DEPARTMENT
-- ----------------------------
ALTER TABLE "SIMBA_DEV"."UMS_DEPARTMENT" ADD PRIMARY KEY ("ID");

-- ----------------------------
-- Indexes structure for table UMS_DEPARTMENT_RELATION
-- ----------------------------

-- ----------------------------
-- Checks structure for table UMS_DEPARTMENT_RELATION
-- ----------------------------
ALTER TABLE "SIMBA_DEV"."UMS_DEPARTMENT_RELATION" ADD CHECK ("ID" IS NOT NULL);

-- ----------------------------
-- Primary Key structure for table UMS_DEPARTMENT_RELATION
-- ----------------------------
ALTER TABLE "SIMBA_DEV"."UMS_DEPARTMENT_RELATION" ADD PRIMARY KEY ("ID");

-- ----------------------------
-- Indexes structure for table UMS_DICTIONARY_ITEM
-- ----------------------------

-- ----------------------------
-- Checks structure for table UMS_DICTIONARY_ITEM
-- ----------------------------
ALTER TABLE "SIMBA_DEV"."UMS_DICTIONARY_ITEM" ADD CHECK ("ID" IS NOT NULL);

-- ----------------------------
-- Primary Key structure for table UMS_DICTIONARY_ITEM
-- ----------------------------
ALTER TABLE "SIMBA_DEV"."UMS_DICTIONARY_ITEM" ADD PRIMARY KEY ("ID");

-- ----------------------------
-- Indexes structure for table UMS_DICTIONARY_TYPE
-- ----------------------------

-- ----------------------------
-- Checks structure for table UMS_DICTIONARY_TYPE
-- ----------------------------
ALTER TABLE "SIMBA_DEV"."UMS_DICTIONARY_TYPE" ADD CHECK ("ID" IS NOT NULL);

-- ----------------------------
-- Primary Key structure for table UMS_DICTIONARY_TYPE
-- ----------------------------
ALTER TABLE "SIMBA_DEV"."UMS_DICTIONARY_TYPE" ADD PRIMARY KEY ("ID");

-- ----------------------------
-- Indexes structure for table UMS_GROUP
-- ----------------------------

-- ----------------------------
-- Checks structure for table UMS_GROUP
-- ----------------------------
ALTER TABLE "SIMBA_DEV"."UMS_GROUP" ADD CHECK ("ID" IS NOT NULL);

-- ----------------------------
-- Primary Key structure for table UMS_GROUP
-- ----------------------------
ALTER TABLE "SIMBA_DEV"."UMS_GROUP" ADD PRIMARY KEY ("ID");

-- ----------------------------
-- Indexes structure for table UMS_LOG
-- ----------------------------

-- ----------------------------
-- Checks structure for table UMS_LOG
-- ----------------------------
ALTER TABLE "SIMBA_DEV"."UMS_LOG" ADD CHECK ("ID" IS NOT NULL);

-- ----------------------------
-- Primary Key structure for table UMS_LOG
-- ----------------------------
ALTER TABLE "SIMBA_DEV"."UMS_LOG" ADD PRIMARY KEY ("ID");

-- ----------------------------
-- Indexes structure for table UMS_MENU_BUTTON
-- ----------------------------

-- ----------------------------
-- Checks structure for table UMS_MENU_BUTTON
-- ----------------------------
ALTER TABLE "SIMBA_DEV"."UMS_MENU_BUTTON" ADD CHECK ("ID" IS NOT NULL);

-- ----------------------------
-- Primary Key structure for table UMS_MENU_BUTTON
-- ----------------------------
ALTER TABLE "SIMBA_DEV"."UMS_MENU_BUTTON" ADD PRIMARY KEY ("ID");

-- ----------------------------
-- Indexes structure for table UMS_MENU_RESOURCE
-- ----------------------------

-- ----------------------------
-- Checks structure for table UMS_MENU_RESOURCE
-- ----------------------------
ALTER TABLE "SIMBA_DEV"."UMS_MENU_RESOURCE" ADD CHECK ("ID" IS NOT NULL);

-- ----------------------------
-- Primary Key structure for table UMS_MENU_RESOURCE
-- ----------------------------
ALTER TABLE "SIMBA_DEV"."UMS_MENU_RESOURCE" ADD PRIMARY KEY ("ID");

-- ----------------------------
-- Indexes structure for table UMS_ORG
-- ----------------------------

-- ----------------------------
-- Checks structure for table UMS_ORG
-- ----------------------------
ALTER TABLE "SIMBA_DEV"."UMS_ORG" ADD CHECK ("ID" IS NOT NULL);

-- ----------------------------
-- Primary Key structure for table UMS_ORG
-- ----------------------------
ALTER TABLE "SIMBA_DEV"."UMS_ORG" ADD PRIMARY KEY ("ID");

-- ----------------------------
-- Indexes structure for table UMS_ORG_ROLE
-- ----------------------------

-- ----------------------------
-- Checks structure for table UMS_ORG_ROLE
-- ----------------------------
ALTER TABLE "SIMBA_DEV"."UMS_ORG_ROLE" ADD CHECK ("ID" IS NOT NULL);

-- ----------------------------
-- Primary Key structure for table UMS_ORG_ROLE
-- ----------------------------
ALTER TABLE "SIMBA_DEV"."UMS_ORG_ROLE" ADD PRIMARY KEY ("ID");

-- ----------------------------
-- Indexes structure for table UMS_ORG_RULE
-- ----------------------------

-- ----------------------------
-- Checks structure for table UMS_ORG_RULE
-- ----------------------------
ALTER TABLE "SIMBA_DEV"."UMS_ORG_RULE" ADD CHECK ("ID" IS NOT NULL);

-- ----------------------------
-- Primary Key structure for table UMS_ORG_RULE
-- ----------------------------
ALTER TABLE "SIMBA_DEV"."UMS_ORG_RULE" ADD PRIMARY KEY ("ID");

-- ----------------------------
-- Indexes structure for table UMS_ORG_TYPE
-- ----------------------------

-- ----------------------------
-- Checks structure for table UMS_ORG_TYPE
-- ----------------------------
ALTER TABLE "SIMBA_DEV"."UMS_ORG_TYPE" ADD CHECK ("ID" IS NOT NULL);

-- ----------------------------
-- Primary Key structure for table UMS_ORG_TYPE
-- ----------------------------
ALTER TABLE "SIMBA_DEV"."UMS_ORG_TYPE" ADD PRIMARY KEY ("ID");

-- ----------------------------
-- Indexes structure for table UMS_ORG_TYPE_RULE
-- ----------------------------

-- ----------------------------
-- Checks structure for table UMS_ORG_TYPE_RULE
-- ----------------------------
ALTER TABLE "SIMBA_DEV"."UMS_ORG_TYPE_RULE" ADD CHECK ("ID" IS NOT NULL);

-- ----------------------------
-- Primary Key structure for table UMS_ORG_TYPE_RULE
-- ----------------------------
ALTER TABLE "SIMBA_DEV"."UMS_ORG_TYPE_RULE" ADD PRIMARY KEY ("ID");

-- ----------------------------
-- Indexes structure for table UMS_PERSON
-- ----------------------------

-- ----------------------------
-- Checks structure for table UMS_PERSON
-- ----------------------------
ALTER TABLE "SIMBA_DEV"."UMS_PERSON" ADD CHECK ("ID" IS NOT NULL);

-- ----------------------------
-- Primary Key structure for table UMS_PERSON
-- ----------------------------
ALTER TABLE "SIMBA_DEV"."UMS_PERSON" ADD PRIMARY KEY ("ID");

-- ----------------------------
-- Indexes structure for table UMS_POSITION
-- ----------------------------

-- ----------------------------
-- Checks structure for table UMS_POSITION
-- ----------------------------
ALTER TABLE "SIMBA_DEV"."UMS_POSITION" ADD CHECK ("ID" IS NOT NULL);

-- ----------------------------
-- Primary Key structure for table UMS_POSITION
-- ----------------------------
ALTER TABLE "SIMBA_DEV"."UMS_POSITION" ADD PRIMARY KEY ("ID");

-- ----------------------------
-- Indexes structure for table UMS_ROLE
-- ----------------------------

-- ----------------------------
-- Checks structure for table UMS_ROLE
-- ----------------------------
ALTER TABLE "SIMBA_DEV"."UMS_ROLE" ADD CHECK ("ID" IS NOT NULL);

-- ----------------------------
-- Primary Key structure for table UMS_ROLE
-- ----------------------------
ALTER TABLE "SIMBA_DEV"."UMS_ROLE" ADD PRIMARY KEY ("ID");

-- ----------------------------
-- Indexes structure for table UMS_USER
-- ----------------------------

-- ----------------------------
-- Checks structure for table UMS_USER
-- ----------------------------
ALTER TABLE "SIMBA_DEV"."UMS_USER" ADD CHECK ("ID" IS NOT NULL);

-- ----------------------------
-- Primary Key structure for table UMS_USER
-- ----------------------------
ALTER TABLE "SIMBA_DEV"."UMS_USER" ADD PRIMARY KEY ("ID");

-- ----------------------------
-- Indexes structure for table UMS_USER_DEPARTMENT_RELATION
-- ----------------------------

-- ----------------------------
-- Checks structure for table UMS_USER_DEPARTMENT_RELATION
-- ----------------------------
ALTER TABLE "SIMBA_DEV"."UMS_USER_DEPARTMENT_RELATION" ADD CHECK ("ID" IS NOT NULL);

-- ----------------------------
-- Primary Key structure for table UMS_USER_DEPARTMENT_RELATION
-- ----------------------------
ALTER TABLE "SIMBA_DEV"."UMS_USER_DEPARTMENT_RELATION" ADD PRIMARY KEY ("ID");

-- ----------------------------
-- Indexes structure for table UMS_USER_GROUP_RELATION
-- ----------------------------

-- ----------------------------
-- Checks structure for table UMS_USER_GROUP_RELATION
-- ----------------------------
ALTER TABLE "SIMBA_DEV"."UMS_USER_GROUP_RELATION" ADD CHECK ("ID" IS NOT NULL);

-- ----------------------------
-- Primary Key structure for table UMS_USER_GROUP_RELATION
-- ----------------------------
ALTER TABLE "SIMBA_DEV"."UMS_USER_GROUP_RELATION" ADD PRIMARY KEY ("ID");

-- ----------------------------
-- Indexes structure for table UMS_USER_ORG_DEPARTMENT_POS
-- ----------------------------

-- ----------------------------
-- Checks structure for table UMS_USER_ORG_DEPARTMENT_POS
-- ----------------------------
ALTER TABLE "SIMBA_DEV"."UMS_USER_ORG_DEPARTMENT_POS" ADD CHECK ("ID" IS NOT NULL);

-- ----------------------------
-- Primary Key structure for table UMS_USER_ORG_DEPARTMENT_POS
-- ----------------------------
ALTER TABLE "SIMBA_DEV"."UMS_USER_ORG_DEPARTMENT_POS" ADD PRIMARY KEY ("ID");

-- ----------------------------
-- Indexes structure for table UMS_USER_ORG_GROUP_POS
-- ----------------------------

-- ----------------------------
-- Checks structure for table UMS_USER_ORG_GROUP_POS
-- ----------------------------
ALTER TABLE "SIMBA_DEV"."UMS_USER_ORG_GROUP_POS" ADD CHECK ("ID" IS NOT NULL);

-- ----------------------------
-- Primary Key structure for table UMS_USER_ORG_GROUP_POS
-- ----------------------------
ALTER TABLE "SIMBA_DEV"."UMS_USER_ORG_GROUP_POS" ADD PRIMARY KEY ("ID");

-- ----------------------------
-- Indexes structure for table UMS_USER_ORG_POS
-- ----------------------------

-- ----------------------------
-- Checks structure for table UMS_USER_ORG_POS
-- ----------------------------
ALTER TABLE "SIMBA_DEV"."UMS_USER_ORG_POS" ADD CHECK ("ID" IS NOT NULL);

-- ----------------------------
-- Primary Key structure for table UMS_USER_ORG_POS
-- ----------------------------
ALTER TABLE "SIMBA_DEV"."UMS_USER_ORG_POS" ADD PRIMARY KEY ("ID");

-- ----------------------------
-- Indexes structure for table UMS_USER_ORG_RELATION
-- ----------------------------

-- ----------------------------
-- Checks structure for table UMS_USER_ORG_RELATION
-- ----------------------------
ALTER TABLE "SIMBA_DEV"."UMS_USER_ORG_RELATION" ADD CHECK ("ID" IS NOT NULL);

-- ----------------------------
-- Primary Key structure for table UMS_USER_ORG_RELATION
-- ----------------------------
ALTER TABLE "SIMBA_DEV"."UMS_USER_ORG_RELATION" ADD PRIMARY KEY ("ID");

-- ----------------------------
-- Indexes structure for table UMS_USER_ORG_ROLE_RELATION
-- ----------------------------

-- ----------------------------
-- Checks structure for table UMS_USER_ORG_ROLE_RELATION
-- ----------------------------
ALTER TABLE "SIMBA_DEV"."UMS_USER_ORG_ROLE_RELATION" ADD CHECK ("ID" IS NOT NULL);

-- ----------------------------
-- Primary Key structure for table UMS_USER_ORG_ROLE_RELATION
-- ----------------------------
ALTER TABLE "SIMBA_DEV"."UMS_USER_ORG_ROLE_RELATION" ADD PRIMARY KEY ("ID");

-- ----------------------------
-- Indexes structure for table UMS_USER_POSITION_RELATION
-- ----------------------------

-- ----------------------------
-- Checks structure for table UMS_USER_POSITION_RELATION
-- ----------------------------
ALTER TABLE "SIMBA_DEV"."UMS_USER_POSITION_RELATION" ADD CHECK ("ID" IS NOT NULL);

-- ----------------------------
-- Primary Key structure for table UMS_USER_POSITION_RELATION
-- ----------------------------
ALTER TABLE "SIMBA_DEV"."UMS_USER_POSITION_RELATION" ADD PRIMARY KEY ("ID");

-- ----------------------------
-- Indexes structure for table UMS_USER_ROLE
-- ----------------------------

-- ----------------------------
-- Checks structure for table UMS_USER_ROLE
-- ----------------------------
ALTER TABLE "SIMBA_DEV"."UMS_USER_ROLE" ADD CHECK ("ID" IS NOT NULL);

-- ----------------------------
-- Primary Key structure for table UMS_USER_ROLE
-- ----------------------------
ALTER TABLE "SIMBA_DEV"."UMS_USER_ROLE" ADD PRIMARY KEY ("ID");

-- ----------------------------
-- Indexes structure for table UMS_USER_ROLE_RELATION
-- ----------------------------

-- ----------------------------
-- Checks structure for table UMS_USER_ROLE_RELATION
-- ----------------------------
ALTER TABLE "SIMBA_DEV"."UMS_USER_ROLE_RELATION" ADD CHECK ("ID" IS NOT NULL);

-- ----------------------------
-- Primary Key structure for table UMS_USER_ROLE_RELATION
-- ----------------------------
ALTER TABLE "SIMBA_DEV"."UMS_USER_ROLE_RELATION" ADD PRIMARY KEY ("ID");

-- ----------------------------
-- Foreign Key structure for table "SIMBA_DEV"."UMS_CONTROLLER_OPER"
-- ----------------------------
ALTER TABLE "SIMBA_DEV"."UMS_CONTROLLER_OPER" ADD FOREIGN KEY ("CONTROLLER_ID") REFERENCES "SIMBA_DEV"."UMS_CONTROLLER_RESOURCES" ("ID");

-- ----------------------------
-- Foreign Key structure for table "SIMBA_DEV"."UMS_CONTROLLER_RESOURCES"
-- ----------------------------
ALTER TABLE "SIMBA_DEV"."UMS_CONTROLLER_RESOURCES" ADD FOREIGN KEY ("PARENT_ID") REFERENCES "SIMBA_DEV"."UMS_CONTROLLER_RESOURCES" ("ID");
ALTER TABLE "SIMBA_DEV"."UMS_CONTROLLER_RESOURCES" ADD FOREIGN KEY ("MENU_ID") REFERENCES "SIMBA_DEV"."UMS_MENU_RESOURCE" ("ID");
ALTER TABLE "SIMBA_DEV"."UMS_CONTROLLER_RESOURCES" ADD FOREIGN KEY ("APPLICATION_ID") REFERENCES "SIMBA_DEV"."UMS_APPLICATION" ("ID");

-- ----------------------------
-- Foreign Key structure for table "SIMBA_DEV"."UMS_DICTIONARY_ITEM"
-- ----------------------------
ALTER TABLE "SIMBA_DEV"."UMS_DICTIONARY_ITEM" ADD FOREIGN KEY ("TYPE_ID") REFERENCES "SIMBA_DEV"."UMS_DICTIONARY_TYPE" ("ID");

-- ----------------------------
-- Foreign Key structure for table "SIMBA_DEV"."UMS_MENU_RESOURCE"
-- ----------------------------
ALTER TABLE "SIMBA_DEV"."UMS_MENU_RESOURCE" ADD FOREIGN KEY ("APPLICATION_ID") REFERENCES "SIMBA_DEV"."UMS_APPLICATION" ("ID");
ALTER TABLE "SIMBA_DEV"."UMS_MENU_RESOURCE" ADD FOREIGN KEY ("PARENT_ID") REFERENCES "SIMBA_DEV"."UMS_MENU_RESOURCE" ("ID");

-- ----------------------------
-- Foreign Key structure for table "SIMBA_DEV"."UMS_ORG"
-- ----------------------------
ALTER TABLE "SIMBA_DEV"."UMS_ORG" ADD FOREIGN KEY ("PARENT_ID") REFERENCES "SIMBA_DEV"."UMS_ORG" ("ID");
ALTER TABLE "SIMBA_DEV"."UMS_ORG" ADD FOREIGN KEY ("PID") REFERENCES "SIMBA_DEV"."UMS_ORG" ("ID");

-- ----------------------------
-- Foreign Key structure for table "SIMBA_DEV"."UMS_USER_DEPARTMENT_RELATION"
-- ----------------------------
ALTER TABLE "SIMBA_DEV"."UMS_USER_DEPARTMENT_RELATION" ADD FOREIGN KEY ("USER_ID") REFERENCES "SIMBA_DEV"."UMS_USER" ("ID");
ALTER TABLE "SIMBA_DEV"."UMS_USER_DEPARTMENT_RELATION" ADD FOREIGN KEY ("DEPARTMENT_ID") REFERENCES "SIMBA_DEV"."UMS_DEPARTMENT" ("ID");

-- ----------------------------
-- Foreign Key structure for table "SIMBA_DEV"."UMS_USER_ORG_RELATION"
-- ----------------------------
ALTER TABLE "SIMBA_DEV"."UMS_USER_ORG_RELATION" ADD FOREIGN KEY ("USER_ID") REFERENCES "SIMBA_DEV"."UMS_USER" ("ID");
ALTER TABLE "SIMBA_DEV"."UMS_USER_ORG_RELATION" ADD FOREIGN KEY ("ORG_ID") REFERENCES "SIMBA_DEV"."UMS_ORG" ("ID");

-- ----------------------------
-- Foreign Key structure for table "SIMBA_DEV"."UMS_USER_ORG_ROLE_RELATION"
-- ----------------------------
ALTER TABLE "SIMBA_DEV"."UMS_USER_ORG_ROLE_RELATION" ADD FOREIGN KEY ("USER_ID") REFERENCES "SIMBA_DEV"."UMS_USER" ("ID");
ALTER TABLE "SIMBA_DEV"."UMS_USER_ORG_ROLE_RELATION" ADD FOREIGN KEY ("ROLE_ID") REFERENCES "SIMBA_DEV"."UMS_ORG_ROLE" ("ID");

-- ----------------------------
-- Foreign Key structure for table "SIMBA_DEV"."UMS_USER_POSITION_RELATION"
-- ----------------------------
ALTER TABLE "SIMBA_DEV"."UMS_USER_POSITION_RELATION" ADD FOREIGN KEY ("POSITION_ID") REFERENCES "SIMBA_DEV"."UMS_POSITION" ("ID");
ALTER TABLE "SIMBA_DEV"."UMS_USER_POSITION_RELATION" ADD FOREIGN KEY ("USER_ID") REFERENCES "SIMBA_DEV"."UMS_USER" ("ID");

-- ----------------------------
-- Foreign Key structure for table "SIMBA_DEV"."UMS_USER_ROLE_RELATION"
-- ----------------------------
ALTER TABLE "SIMBA_DEV"."UMS_USER_ROLE_RELATION" ADD FOREIGN KEY ("ROLE_ID") REFERENCES "SIMBA_DEV"."UMS_ROLE" ("ID");
ALTER TABLE "SIMBA_DEV"."UMS_USER_ROLE_RELATION" ADD FOREIGN KEY ("USER_ID") REFERENCES "SIMBA_DEV"."UMS_USER" ("ID");
